"choice_id","question_id","choice_number","official_key_choice","primary_knowledge_id","canonical_knowledge_id","secondary_knowledge_ids","item_id","mapping_status","mapping_basis","source_choice_review_file","explanation_review_state","publication_hold","notes"
"R03-G-Q01-C1","R03-G-Q01","1","no","DX-G01-007","DX-G01-007","DX-G04-007","1.3.1","rationale-based-provisional","explanation-keyword-and-candidate-ranking","docs/research/r03-choice-review.csv","individual-reason-draft","no-explicit-HOLD","技術キーワードを含む原説明からの仮候補。"
"R03-G-Q01-C2","R03-G-Q01","2","no","DX-G01-008","DX-G01-008","DX-G04-007","1.3.2","rationale-based-provisional","explanation-keyword-and-candidate-ranking","docs/research/r03-choice-review.csv","individual-reason-draft","no-explicit-HOLD","技術キーワードを含む原説明からの仮候補。"
"R03-G-Q01-C3","R03-G-Q01","3","no","DX-G01-009","DX-G01-009","DX-G04-007","1.3.3","rationale-based-provisional","explanation-keyword-and-candidate-ranking","docs/research/r03-choice-review.csv","individual-reason-draft","no-explicit-HOLD","技術キーワードを含む原説明からの仮候補。"
"R03-G-Q01-C4","R03-G-Q01","4","yes","DX-G01-010","DX-G01-010","DX-G04-007","1.3.4","rationale-based-provisional","explanation-keyword-and-candidate-ranking","docs/research/r03-choice-review.csv","individual-reason-draft","no-explicit-HOLD","技術キーワードを含む原説明からの仮候補。"
"R03-G-Q01-C5","R03-G-Q01","5","no","DX-G01-007","DX-G01-007","DX-G01-008","1.3.1","rationale-based-provisional","explanation-keyword-and-candidate-ranking","docs/research/r03-choice-review.csv","individual-reason-draft","no-explicit-HOLD","技術キーワードを含む原説明からの仮候補。"
"R03-G-Q02-C1","R03-G-Q02","1","yes","DX-G01-015","DX-G01-015","","1.5.1","rationale-based-provisional","explanation-keyword-and-candidate-ranking","docs/research/r03-choice-review.csv","individual-reason-draft","no-explicit-HOLD","技術キーワードを含む原説明からの仮候補。"
"R03-G-Q02-C2","R03-G-Q02","2","no","DX-G01-015","DX-G01-015","","1.5.1","weak-lexical-review-required","explanation-text-and-question-tag-ranking","docs/research/r03-choice-review.csv","individual-reason-draft","no-explicit-HOLD","直接の技術キーワード一致なし。"
"R03-G-Q02-C3","R03-G-Q02","3","no","DX-G01-015","DX-G01-015","","1.5.1","weak-lexical-review-required","explanation-text-and-question-tag-ranking","docs/research/r03-choice-review.csv","individual-reason-draft","no-explicit-HOLD","直接の技術キーワード一致なし。"
"R03-G-Q02-C4","R03-G-Q02","4","no","DX-G01-015","DX-G01-015","","1.5.1","weak-lexical-review-required","explanation-text-and-question-tag-ranking","docs/research/r03-choice-review.csv","individual-reason-draft","no-explicit-HOLD","直接の技術キーワード一致なし。"
"R03-G-Q02-C5","R03-G-Q02","5","no","DX-G01-015","DX-G01-015","","1.5.1","weak-lexical-review-required","explanation-text-and-question-tag-ranking","docs/research/r03-choice-review.csv","individual-reason-draft","no-explicit-HOLD","直接の技術キーワード一致なし。"
"R03-G-Q03-C1","R03-G-Q03","1","no","DX-G01-017","DX-G01-017","","1.5.3","weak-lexical-review-required","explanation-text-and-question-tag-ranking","docs/research/r03-choice-review.csv","drive-exam-page-visual-rationale-draft","HOLD","直接の技術キーワード一致なし。"
"R03-G-Q03-C2","R03-G-Q03","2","no","DX-G01-017","DX-G01-017","","1.5.3","weak-lexical-review-required","explanation-text-and-question-tag-ranking","docs/research/r03-choice-review.csv","drive-exam-page-visual-rationale-draft","HOLD","直接の技術キーワード一致なし。"
"R03-G-Q03-C3","R03-G-Q03","3","yes","DX-G01-017","DX-G01-017","","1.5.3","weak-lexical-review-required","explanation-text-and-question-tag-ranking","docs/research/r03-choice-review.csv","drive-exam-page-visual-rationale-draft","HOLD","直接の技術キーワード一致なし。"
"R03-G-Q03-C4","R03-G-Q03","4","no","DX-G01-017","DX-G01-017","","1.5.3","weak-lexical-review-required","explanation-text-and-question-tag-ranking","docs/research/r03-choice-review.csv","drive-exam-page-visual-rationale-draft","HOLD","直接の技術キーワード一致なし。"
"R03-G-Q03-C5","R03-G-Q03","5","no","DX-G01-017","DX-G01-017","","1.5.3","weak-lexical-review-required","explanation-text-and-question-tag-ranking","docs/research/r03-choice-review.csv","drive-exam-page-visual-rationale-draft","HOLD","直接の技術キーワード一致なし。"
"R03-G-Q04-C1","R03-G-Q04","1","no","DX-A02-014","DX-A02-014","DX-G04-007","9.2.2","cross-chapter-review-required","explanation-keyword-and-candidate-ranking","docs/research/r03-choice-review.csv","individual-reason-draft","no-explicit-HOLD","採択済み設問索引の章G01と候補知識の章A02が不一致。"
"R03-G-Q04-C2","R03-G-Q04","2","no","DX-A02-015","DX-A02-015","DX-G04-007","9.2.2","cross-chapter-review-required","explanation-keyword-and-candidate-ranking","docs/research/r03-choice-review.csv","individual-reason-draft","no-explicit-HOLD","採択済み設問索引の章G01と候補知識の章A02が不一致。"
"R03-G-Q04-C3","R03-G-Q04","3","no","DX-A02-016","DX-A02-016","DX-G04-007","9.2.2","cross-chapter-review-required","explanation-keyword-and-candidate-ranking","docs/research/r03-choice-review.csv","individual-reason-draft","no-explicit-HOLD","採択済み設問索引の章G01と候補知識の章A02が不一致。"
"R03-G-Q04-C4","R03-G-Q04","4","no","DX-A02-017","DX-A02-017","DX-G04-007","9.3.1","cross-chapter-review-required","explanation-keyword-and-candidate-ranking","docs/research/r03-choice-review.csv","individual-reason-draft","no-explicit-HOLD","採択済み設問索引の章G01と候補知識の章A02が不一致。"
"R03-G-Q04-C5","R03-G-Q04","5","yes","DX-A02-017","DX-A02-017","DX-G04-007","9.3.1","cross-chapter-review-required","explanation-keyword-and-candidate-ranking","docs/research/r03-choice-review.csv","individual-reason-draft","no-explicit-HOLD","採択済み設問索引の章G01と候補知識の章A02が不一致。"
"R03-G-Q05-C1","R03-G-Q05","1","no","DX-A02-014","DX-A02-014","","9.2.2","cross-chapter-review-required","explanation-keyword-and-candidate-ranking","docs/research/r03-choice-review.csv","individual-reason-draft","no-explicit-HOLD","採択済み設問索引の章G01と候補知識の章A02が不一致。"
"R03-G-Q05-C2","R03-G-Q05","2","no","DX-A02-015","DX-A02-015","","9.2.2","cross-chapter-review-required","explanation-keyword-and-candidate-ranking","docs/research/r03-choice-review.csv","individual-reason-draft","no-explicit-HOLD","採択済み設問索引の章G01と候補知識の章A02が不一致。"
"R03-G-Q05-C3","R03-G-Q05","3","no","DX-G01-011","DX-G01-011","","1.4.3","broad-question-tag-review-required","explanation-text-and-question-tag-ranking","docs/research/r03-choice-review.csv","individual-reason-draft","no-explicit-HOLD","直接の技術キーワード一致なし。"
"R03-G-Q05-C4","R03-G-Q05","4","no","DX-A04-013","DX-A04-013","","11.2.2","cross-chapter-review-required","explanation-keyword-and-candidate-ranking","docs/research/r03-choice-review.csv","individual-reason-draft","no-explicit-HOLD","採択済み設問索引の章G01と候補知識の章A04が不一致。"
"R03-G-Q05-C5","R03-G-Q05","5","yes","DX-G01-011","DX-G01-011","","1.4.3","broad-question-tag-review-required","explanation-text-and-question-tag-ranking","docs/research/r03-choice-review.csv","individual-reason-draft","no-explicit-HOLD","直接の技術キーワード一致なし。"
"R03-G-Q06-C1","R03-G-Q06","1","no","DX-G04-003","DX-G04-003","","4.1.3","rationale-based-provisional","explanation-text-and-question-tag-ranking","docs/research/r03-choice-review.csv","individual-reason-draft","no-explicit-HOLD","直接の技術キーワード一致なし。"
"R03-G-Q06-C2","R03-G-Q06","2","no","DX-G04-001","DX-G04-001","","4.1.1","rationale-based-provisional","explanation-keyword-and-candidate-ranking","docs/research/r03-choice-review.csv","individual-reason-draft","no-explicit-HOLD","技術キーワードを含む原説明からの仮候補。"
"R03-G-Q06-C3","R03-G-Q06","3","yes","DX-G04-002","DX-G04-002","","4.1.2","rationale-based-provisional","explanation-keyword-and-candidate-ranking","docs/research/r03-choice-review.csv","individual-reason-draft","no-explicit-HOLD","技術キーワードを含む原説明からの仮候補。"
"R03-G-Q06-C4","R03-G-Q06","4","no","DX-G04-003","DX-G04-003","","4.1.3","weak-lexical-review-required","explanation-text-and-question-tag-ranking","docs/research/r03-choice-review.csv","individual-reason-draft","no-explicit-HOLD","直接の技術キーワード一致なし。"
"R03-G-Q06-C5","R03-G-Q06","5","no","DX-G04-003","DX-G04-003","","4.1.3","rationale-based-provisional","explanation-text-and-question-tag-ranking","docs/research/r03-choice-review.csv","individual-reason-draft","no-explicit-HOLD","直接の技術キーワード一致なし。"
"R03-G-Q07-C1","R03-G-Q07","1","no","DX-G01-011","DX-G01-011","","1.4.3","weak-lexical-review-required","explanation-text-and-question-tag-ranking","docs/research/r03-choice-review.csv","individual-reason-draft","no-explicit-HOLD","直接の技術キーワード一致なし。"
"R03-G-Q07-C2","R03-G-Q07","2","no","DX-G01-011","DX-G01-011","","1.4.3","weak-lexical-review-required","explanation-text-and-question-tag-ranking","docs/research/r03-choice-review.csv","individual-reason-draft","no-explicit-HOLD","直接の技術キーワード一致なし。"
"R03-G-Q07-C3","R03-G-Q07","3","yes","DX-G01-011","DX-G01-011","","1.4.3","weak-lexical-review-required","explanation-text-and-question-tag-ranking","docs/research/r03-choice-review.csv","individual-reason-draft","no-explicit-HOLD","直接の技術キーワード一致なし。"
"R03-G-Q07-C4","R03-G-Q07","4","no","DX-A01-009","DX-A01-009","","8.3.2","cross-chapter-review-required","explanation-keyword-and-candidate-ranking","docs/research/r03-choice-review.csv","individual-reason-draft","no-explicit-HOLD","採択済み設問索引の章G01と候補知識の章A01が不一致。"
"R03-G-Q07-C5","R03-G-Q07","5","no","DX-G01-011","DX-G01-011","","1.4.3","weak-lexical-review-required","explanation-text-and-question-tag-ranking","docs/research/r03-choice-review.csv","individual-reason-draft","no-explicit-HOLD","直接の技術キーワード一致なし。"
"R03-G-Q08-C1","R03-G-Q08","1","no","DX-G03-002","DX-G03-002","","3.1.2","broad-question-tag-review-required","explanation-text-and-question-tag-ranking","docs/research/r03-choice-review.csv","individual-reason-draft","no-explicit-HOLD","直接の技術キーワード一致なし。"
"R03-G-Q08-C2","R03-G-Q08","2","no","DX-G03-002","DX-G03-002","","3.1.2","broad-question-tag-review-required","explanation-text-and-question-tag-ranking","docs/research/r03-choice-review.csv","individual-reason-draft","no-explicit-HOLD","直接の技術キーワード一致なし。"
"R03-G-Q08-C3","R03-G-Q08","3","no","DX-A02-015","DX-A02-015","","9.2.2","cross-chapter-review-required","explanation-keyword-and-candidate-ranking","docs/research/r03-choice-review.csv","individual-reason-draft","no-explicit-HOLD","採択済み設問索引の章G03と候補知識の章A02が不一致。"
"R03-G-Q08-C4","R03-G-Q08","4","yes","DX-G03-004","DX-G03-004","","3.2.1","broad-question-tag-review-required","explanation-text-and-question-tag-ranking","docs/research/r03-choice-review.csv","individual-reason-draft","no-explicit-HOLD","直接の技術キーワード一致なし。"
"R03-G-Q08-C5","R03-G-Q08","5","no","DX-G03-002","DX-G03-002","DX-G04-007","3.1.2","rationale-based-provisional","explanation-keyword-and-candidate-ranking","docs/research/r03-choice-review.csv","individual-reason-draft","no-explicit-HOLD","技術キーワードを含む原説明からの仮候補。"
"R03-G-Q09-C1","R03-G-Q09","1","no","DX-G04-006","DX-G04-006","","4.2.3","rationale-based-provisional","explanation-keyword-and-candidate-ranking","docs/research/r03-choice-review.csv","individual-reason-draft","no-explicit-HOLD","技術キーワードを含む原説明からの仮候補。"
"R03-G-Q09-C2","R03-G-Q09","2","no","DX-G04-006","DX-G04-006","","4.2.3","rationale-based-provisional","explanation-keyword-and-candidate-ranking","docs/research/r03-choice-review.csv","individual-reason-draft","no-explicit-HOLD","技術キーワードを含む原説明からの仮候補。"
"R03-G-Q09-C3","R03-G-Q09","3","no","DX-G04-006","DX-G04-006","","4.2.3","rationale-based-provisional","explanation-keyword-and-candidate-ranking","docs/research/r03-choice-review.csv","individual-reason-draft","no-explicit-HOLD","技術キーワードを含む原説明からの仮候補。"
"R03-G-Q09-C4","R03-G-Q09","4","yes","DX-G04-007","DX-G04-007","","4.3.3","rationale-based-provisional","explanation-keyword-and-candidate-ranking","docs/research/r03-choice-review.csv","individual-reason-draft","no-explicit-HOLD","技術キーワードを含む原説明からの仮候補。"
"R03-G-Q09-C5","R03-G-Q09","5","no","DX-G04-006","DX-G04-006","","4.2.3","rationale-based-provisional","explanation-keyword-and-candidate-ranking","docs/research/r03-choice-review.csv","individual-reason-draft","no-explicit-HOLD","技術キーワードを含む原説明からの仮候補。"
"R03-G-Q10-C1","R03-G-Q10","1","no","DX-G04-011","DX-G04-011","","4.4.2","rationale-based-provisional","explanation-keyword-and-candidate-ranking","docs/research/r03-choice-review.csv","individual-reason-draft","no-explicit-HOLD","技術キーワードを含む原説明からの仮候補。"
"R03-G-Q10-C2","R03-G-Q10","2","yes","DX-G04-011","DX-G04-011","","4.4.2","rationale-based-provisional","explanation-keyword-and-candidate-ranking","docs/research/r03-choice-review.csv","individual-reason-draft","no-explicit-HOLD","技術キーワードを含む原説明からの仮候補。"
"R03-G-Q10-C3","R03-G-Q10","3","no","DX-G04-011","DX-G04-011","","4.4.2","rationale-based-provisional","explanation-keyword-and-candidate-ranking","docs/research/r03-choice-review.csv","individual-reason-draft","no-explicit-HOLD","技術キーワードを含む原説明からの仮候補。"
"R03-G-Q10-C4","R03-G-Q10","4","no","DX-G04-011","DX-G04-011","","4.4.2","rationale-based-provisional","explanation-keyword-and-candidate-ranking","docs/research/r03-choice-review.csv","individual-reason-draft","no-explicit-HOLD","技術キーワードを含む原説明からの仮候補。"
"R03-G-Q10-C5","R03-G-Q10","5","no","DX-G04-011","DX-G04-011","","4.4.2","rationale-based-provisional","explanation-keyword-and-candidate-ranking","docs/research/r03-choice-review.csv","individual-reason-draft","no-explicit-HOLD","技術キーワードを含む原説明からの仮候補。"
"R03-G-Q11-C1","R03-G-Q11","1","no","DX-G06-001","DX-G06-001","","6.1.1","weak-lexical-review-required","explanation-text-and-question-tag-ranking","docs/research/r03-choice-review.csv","individual-reason-draft","no-explicit-HOLD","直接の技術キーワード一致なし。"
"R03-G-Q11-C2","R03-G-Q11","2","no","DX-G04-007","DX-G04-007","","4.3.3","cross-chapter-review-required","explanation-keyword-and-candidate-ranking","docs/research/r03-choice-review.csv","individual-reason-draft","no-explicit-HOLD","採択済み設問索引の章G06と候補知識の章G04が不一致。"
"R03-G-Q11-C3","R03-G-Q11","3","yes","DX-G06-001","DX-G06-001","","6.1.1","weak-lexical-review-required","explanation-text-and-question-tag-ranking","docs/research/r03-choice-review.csv","individual-reason-draft","no-explicit-HOLD","直接の技術キーワード一致なし。"
"R03-G-Q11-C4","R03-G-Q11","4","no","DX-G04-007","DX-G04-007","","4.3.3","cross-chapter-review-required","explanation-keyword-and-candidate-ranking","docs/research/r03-choice-review.csv","individual-reason-draft","no-explicit-HOLD","採択済み設問索引の章G06と候補知識の章G04が不一致。"
"R03-G-Q11-C5","R03-G-Q11","5","no","DX-G04-007","DX-G04-007","","4.3.3","cross-chapter-review-required","explanation-keyword-and-candidate-ranking","docs/research/r03-choice-review.csv","individual-reason-draft","no-explicit-HOLD","採択済み設問索引の章G06と候補知識の章G04が不一致。"
"R03-G-Q12-C1","R03-G-Q12","1","no","DX-G04-007","DX-G04-007","DX-G04-002","4.3.3","rationale-based-provisional","explanation-keyword-and-candidate-ranking","docs/research/r03-choice-review.csv","individual-reason-draft","no-explicit-HOLD","技術キーワードを含む原説明からの仮候補。"
"R03-G-Q12-C2","R03-G-Q12","2","yes","DX-G04-007","DX-G04-007","DX-G04-004","4.3.3","rationale-based-provisional","explanation-keyword-and-candidate-ranking","docs/research/r03-choice-review.csv","individual-reason-draft","no-explicit-HOLD","技術キーワードを含む原説明からの仮候補。"
"R03-G-Q12-C3","R03-G-Q12","3","no","DX-G04-007","DX-G04-007","","4.3.3","rationale-based-provisional","explanation-keyword-and-candidate-ranking","docs/research/r03-choice-review.csv","individual-reason-draft","no-explicit-HOLD","技術キーワードを含む原説明からの仮候補。"
"R03-G-Q12-C4","R03-G-Q12","4","no","DX-G04-007","DX-G04-007","","4.3.3","weak-lexical-review-required","explanation-text-and-question-tag-ranking","docs/research/r03-choice-review.csv","individual-reason-draft","no-explicit-HOLD","直接の技術キーワード一致なし。"
"R03-G-Q12-C5","R03-G-Q12","5","no","DX-G04-007","DX-G04-007","","4.3.3","weak-lexical-review-required","explanation-text-and-question-tag-ranking","docs/research/r03-choice-review.csv","individual-reason-draft","no-explicit-HOLD","直接の技術キーワード一致なし。"
"R03-G-Q13-C1","R03-G-Q13","1","yes","DX-G04-007","DX-G04-007","","4.3.3","rationale-based-provisional","explanation-keyword-and-candidate-ranking","docs/research/r03-choice-review.csv","individual-reason-draft","no-explicit-HOLD","技術キーワードを含む原説明からの仮候補。"
"R03-G-Q13-C2","R03-G-Q13","2","no","DX-G04-009","DX-G04-009","","4.3.3","weak-lexical-review-required","explanation-text-and-question-tag-ranking","docs/research/r03-choice-review.csv","individual-reason-draft","no-explicit-HOLD","直接の技術キーワード一致なし。"
"R03-G-Q13-C3","R03-G-Q13","3","no","DX-G04-009","DX-G04-009","","4.3.3","weak-lexical-review-required","explanation-text-and-question-tag-ranking","docs/research/r03-choice-review.csv","individual-reason-draft","no-explicit-HOLD","直接の技術キーワード一致なし。"
"R03-G-Q13-C4","R03-G-Q13","4","no","DX-G04-009","DX-G04-009","","4.3.3","weak-lexical-review-required","explanation-text-and-question-tag-ranking","docs/research/r03-choice-review.csv","individual-reason-draft","no-explicit-HOLD","直接の技術キーワード一致なし。"
"R03-G-Q13-C5","R03-G-Q13","5","no","DX-G04-009","DX-G04-009","","4.3.3","weak-lexical-review-required","explanation-text-and-question-tag-ranking","docs/research/r03-choice-review.csv","individual-reason-draft","no-explicit-HOLD","直接の技術キーワード一致なし。"
"R03-G-Q14-C1","R03-G-Q14","1","no","DX-G05-005","DX-G05-005","","5.2.2","weak-lexical-review-required","explanation-text-and-question-tag-ranking","docs/research/r03-choice-review.csv","individual-reason-draft","no-explicit-HOLD","直接の技術キーワード一致なし。"
"R03-G-Q14-C2","R03-G-Q14","2","no","DX-G05-005","DX-G05-005","","5.2.2","weak-lexical-review-required","explanation-text-and-question-tag-ranking","docs/research/r03-choice-review.csv","individual-reason-draft","no-explicit-HOLD","直接の技術キーワード一致なし。"
"R03-G-Q14-C3","R03-G-Q14","3","no","DX-G05-005","DX-G05-005","","5.2.2","weak-lexical-review-required","explanation-text-and-question-tag-ranking","docs/research/r03-choice-review.csv","individual-reason-draft","no-explicit-HOLD","直接の技術キーワード一致なし。"
"R03-G-Q14-C4","R03-G-Q14","4","no","DX-G05-008","DX-G05-008","","5.3.3","rationale-based-provisional","explanation-keyword-and-candidate-ranking","docs/research/r03-choice-review.csv","individual-reason-draft","no-explicit-HOLD","技術キーワードを含む原説明からの仮候補。"
"R03-G-Q14-C5","R03-G-Q14","5","yes","DX-G05-005","DX-G05-005","","5.2.2","weak-lexical-review-required","explanation-text-and-question-tag-ranking","docs/research/r03-choice-review.csv","individual-reason-draft","no-explicit-HOLD","直接の技術キーワード一致なし。"
"R03-G-Q15-C1","R03-G-Q15","1","no","DX-G05-008","DX-G05-008","","5.3.3","rationale-based-provisional","explanation-keyword-and-candidate-ranking","docs/research/r03-choice-review.csv","drive-exam-page-visual-rationale-draft","HOLD","技術キーワードを含む原説明からの仮候補。"
"R03-G-Q15-C2","R03-G-Q15","2","no","DX-G05-008","DX-G05-008","","5.3.3","weak-lexical-review-required","explanation-text-and-question-tag-ranking","docs/research/r03-choice-review.csv","drive-exam-page-visual-rationale-draft","HOLD","直接の技術キーワード一致なし。"
"R03-G-Q15-C3","R03-G-Q15","3","no","DX-G05-008","DX-G05-008","","5.3.3","rationale-based-provisional","explanation-keyword-and-candidate-ranking","docs/research/r03-choice-review.csv","drive-exam-page-visual-rationale-draft","HOLD","技術キーワードを含む原説明からの仮候補。"
"R03-G-Q15-C4","R03-G-Q15","4","yes","DX-G05-008","DX-G05-008","","5.3.3","rationale-based-provisional","explanation-keyword-and-candidate-ranking","docs/research/r03-choice-review.csv","drive-exam-page-visual-rationale-draft","HOLD","技術キーワードを含む原説明からの仮候補。"
"R03-G-Q15-C5","R03-G-Q15","5","no","DX-G04-004","DX-G04-004","","4.2.1","cross-chapter-review-required","explanation-keyword-and-candidate-ranking","docs/research/r03-choice-review.csv","drive-exam-page-visual-rationale-draft","HOLD","採択済み設問索引の章G05と候補知識の章G04が不一致。"
"R03-A-Q01-C1","R03-A-Q01","1","no","DX-A01-006","DX-A01-006","","8.3.1","weak-lexical-review-required","explanation-text-and-question-tag-ranking","docs/research/r03-choice-review.csv","individual-reason-draft","no-explicit-HOLD","直接の技術キーワード一致なし。"
"R03-A-Q01-C2","R03-A-Q01","2","no","DX-A01-006","DX-A01-006","","8.3.1","weak-lexical-review-required","explanation-text-and-question-tag-ranking","docs/research/r03-choice-review.csv","individual-reason-draft","no-explicit-HOLD","直接の技術キーワード一致なし。"
"R03-A-Q01-C3","R03-A-Q01","3","yes","DX-A01-006","DX-A01-006","","8.3.1","weak-lexical-review-required","explanation-text-and-question-tag-ranking","docs/research/r03-choice-review.csv","individual-reason-draft","no-explicit-HOLD","直接の技術キーワード一致なし。"
"R03-A-Q01-C4","R03-A-Q01","4","no","DX-A01-006","DX-A01-006","","8.3.1","weak-lexical-review-required","explanation-text-and-question-tag-ranking","docs/research/r03-choice-review.csv","individual-reason-draft","no-explicit-HOLD","直接の技術キーワード一致なし。"
"R03-A-Q01-C5","R03-A-Q01","5","no","DX-A01-006","DX-A01-006","","8.3.1","weak-lexical-review-required","explanation-text-and-question-tag-ranking","docs/research/r03-choice-review.csv","individual-reason-draft","no-explicit-HOLD","直接の技術キーワード一致なし。"
"R03-A-Q02-C1","R03-A-Q02","1","no","DX-A01-006","DX-A01-006","","8.3.1","rationale-based-provisional","explanation-keyword-and-candidate-ranking","docs/research/r03-choice-review.csv","individual-reason-draft","no-explicit-HOLD","技術キーワードを含む原説明からの仮候補。"
"R03-A-Q02-C2","R03-A-Q02","2","no","DX-A01-006","DX-A01-006","","8.3.1","rationale-based-provisional","explanation-keyword-and-candidate-ranking","docs/research/r03-choice-review.csv","individual-reason-draft","no-explicit-HOLD","技術キーワードを含む原説明からの仮候補。"
"R03-A-Q02-C3","R03-A-Q02","3","no","DX-A01-006","DX-A01-006","","8.3.1","rationale-based-provisional","explanation-keyword-and-candidate-ranking","docs/research/r03-choice-review.csv","individual-reason-draft","no-explicit-HOLD","技術キーワードを含む原説明からの仮候補。"
"R03-A-Q02-C4","R03-A-Q02","4","no","DX-A01-006","DX-A01-006","","8.3.1","rationale-based-provisional","explanation-keyword-and-candidate-ranking","docs/research/r03-choice-review.csv","individual-reason-draft","no-explicit-HOLD","技術キーワードを含む原説明からの仮候補。"
"R03-A-Q02-C5","R03-A-Q02","5","yes","DX-A01-006","DX-A01-006","","8.3.1","weak-lexical-review-required","explanation-text-and-question-tag-ranking","docs/research/r03-choice-review.csv","individual-reason-draft","no-explicit-HOLD","直接の技術キーワード一致なし。"
"R03-A-Q03-C1","R03-A-Q03","1","no","DX-A04-001","DX-A04-001","","11.2.1","weak-lexical-review-required","explanation-text-and-question-tag-ranking","docs/research/r03-choice-review.csv","drive-exam-page-visual-rationale-draft","HOLD","直接の技術キーワード一致なし。"
"R03-A-Q03-C2","R03-A-Q03","2","yes","DX-A04-001","DX-A04-001","","11.2.1","weak-lexical-review-required","explanation-text-and-question-tag-ranking","docs/research/r03-choice-review.csv","drive-exam-page-visual-rationale-draft","HOLD","直接の技術キーワード一致なし。"
"R03-A-Q03-C3","R03-A-Q03","3","no","DX-A04-001","DX-A04-001","","11.2.1","weak-lexical-review-required","explanation-text-and-question-tag-ranking","docs/research/r03-choice-review.csv","drive-exam-page-visual-rationale-draft","HOLD","直接の技術キーワード一致なし。"
"R03-A-Q03-C4","R03-A-Q03","4","no","DX-A04-001","DX-A04-001","","11.2.1","weak-lexical-review-required","explanation-text-and-question-tag-ranking","docs/research/r03-choice-review.csv","drive-exam-page-visual-rationale-draft","HOLD","直接の技術キーワード一致なし。"
"R03-A-Q03-C5","R03-A-Q03","5","no","DX-A04-001","DX-A04-001","","11.2.1","weak-lexical-review-required","explanation-text-and-question-tag-ranking","docs/research/r03-choice-review.csv","drive-exam-page-visual-rationale-draft","HOLD","直接の技術キーワード一致なし。"
"R03-A-Q04-C1","R03-A-Q04","1","no","DX-A01-006","DX-A01-006","","8.3.1","weak-lexical-review-required","explanation-text-and-question-tag-ranking","docs/research/r03-choice-review.csv","individual-reason-draft","no-explicit-HOLD","直接の技術キーワード一致なし。"
"R03-A-Q04-C2","R03-A-Q04","2","no","DX-A01-006","DX-A01-006","","8.3.1","weak-lexical-review-required","explanation-text-and-question-tag-ranking","docs/research/r03-choice-review.csv","individual-reason-draft","no-explicit-HOLD","直接の技術キーワード一致なし。"
"R03-A-Q04-C3","R03-A-Q04","3","no","DX-A01-006","DX-A01-006","","8.3.1","weak-lexical-review-required","explanation-text-and-question-tag-ranking","docs/research/r03-choice-review.csv","individual-reason-draft","no-explicit-HOLD","直接の技術キーワード一致なし。"
"R03-A-Q04-C4","R03-A-Q04","4","no","DX-A01-006","DX-A01-006","","8.3.1","weak-lexical-review-required","explanation-text-and-question-tag-ranking","docs/research/r03-choice-review.csv","individual-reason-draft","no-explicit-HOLD","直接の技術キーワード一致なし。"
"R03-A-Q04-C5","R03-A-Q04","5","yes","DX-A01-006","DX-A01-006","","8.3.1","rationale-based-provisional","explanation-keyword-and-candidate-ranking","docs/research/r03-choice-review.csv","individual-reason-draft","no-explicit-HOLD","技術キーワードを含む原説明からの仮候補。"
"R03-A-Q05-C1","R03-A-Q05","1","no","DX-A05-007","DX-A05-007","","12.3.1","weak-lexical-review-required","explanation-text-and-question-tag-ranking","docs/research/r03-choice-review.csv","individual-reason-draft","no-explicit-HOLD","直接の技術キーワード一致なし。"
"R03-A-Q05-C2","R03-A-Q05","2","no","DX-A05-007","DX-A05-007","","12.3.1","weak-lexical-review-required","explanation-text-and-question-tag-ranking","docs/research/r03-choice-review.csv","individual-reason-draft","no-explicit-HOLD","直接の技術キーワード一致なし。"
"R03-A-Q05-C3","R03-A-Q05","3","no","DX-A05-007","DX-A05-007","","12.3.1","weak-lexical-review-required","explanation-text-and-question-tag-ranking","docs/research/r03-choice-review.csv","individual-reason-draft","no-explicit-HOLD","直接の技術キーワード一致なし。"
"R03-A-Q05-C4","R03-A-Q05","4","no","DX-A05-007","DX-A05-007","","12.3.1","weak-lexical-review-required","explanation-text-and-question-tag-ranking","docs/research/r03-choice-review.csv","individual-reason-draft","no-explicit-HOLD","直接の技術キーワード一致なし。"
"R03-A-Q05-C5","R03-A-Q05","5","yes","DX-A05-007","DX-A05-007","","12.3.1","weak-lexical-review-required","explanation-text-and-question-tag-ranking","docs/research/r03-choice-review.csv","individual-reason-draft","no-explicit-HOLD","直接の技術キーワード一致なし。"
"R03-A-Q06-C1","R03-A-Q06","1","no","DX-A01-007","DX-A01-007","","8.4.1","rationale-based-provisional","explanation-keyword-and-candidate-ranking","docs/research/r03-choice-review.csv","drive-exam-page-visual-rationale-draft","HOLD","技術キーワードを含む原説明からの仮候補。"
"R03-A-Q06-C2","R03-A-Q06","2","yes","DX-A01-007","DX-A01-007","","8.4.1","rationale-based-provisional","explanation-keyword-and-candidate-ranking","docs/research/r03-choice-review.csv","drive-exam-page-visual-rationale-draft","HOLD","技術キーワードを含む原説明からの仮候補。"
"R03-A-Q06-C3","R03-A-Q06","3","no","DX-A01-007","DX-A01-007","","8.4.1","rationale-based-provisional","explanation-keyword-and-candidate-ranking","docs/research/r03-choice-review.csv","drive-exam-page-visual-rationale-draft","HOLD","技術キーワードを含む原説明からの仮候補。"
"R03-A-Q06-C4","R03-A-Q06","4","no","DX-A01-007","DX-A01-007","","8.4.1","weak-lexical-review-required","explanation-text-and-question-tag-ranking","docs/research/r03-choice-review.csv","drive-exam-page-visual-rationale-draft","HOLD","直接の技術キーワード一致なし。"
"R03-A-Q06-C5","R03-A-Q06","5","no","DX-A05-008","DX-A05-008","","12.3.2","cross-chapter-review-required","explanation-keyword-and-candidate-ranking","docs/research/r03-choice-review.csv","drive-exam-page-visual-rationale-draft","HOLD","採択済み設問索引の章A01と候補知識の章A05が不一致。"
"R03-A-Q07-C1","R03-A-Q07","1","no","DX-A01-007","DX-A01-007","","8.4.1","weak-lexical-review-required","explanation-text-and-question-tag-ranking","docs/research/r03-choice-review.csv","individual-reason-draft","no-explicit-HOLD","直接の技術キーワード一致なし。"
"R03-A-Q07-C2","R03-A-Q07","2","yes","DX-A01-007","DX-A01-007","","8.4.1","weak-lexical-review-required","explanation-text-and-question-tag-ranking","docs/research/r03-choice-review.csv","individual-reason-draft","no-explicit-HOLD","直接の技術キーワード一致なし。"
"R03-A-Q07-C3","R03-A-Q07","3","no","DX-A01-007","DX-A01-007","","8.4.1","rationale-based-provisional","explanation-keyword-and-candidate-ranking","docs/research/r03-choice-review.csv","individual-reason-draft","no-explicit-HOLD","技術キーワードを含む原説明からの仮候補。"
"R03-A-Q07-C4","R03-A-Q07","4","no","DX-A01-007","DX-A01-007","","8.4.1","weak-lexical-review-required","explanation-text-and-question-tag-ranking","docs/research/r03-choice-review.csv","individual-reason-draft","no-explicit-HOLD","直接の技術キーワード一致なし。"
"R03-A-Q07-C5","R03-A-Q07","5","no","DX-A01-007","DX-A01-007","","8.4.1","weak-lexical-review-required","explanation-text-and-question-tag-ranking","docs/research/r03-choice-review.csv","individual-reason-draft","no-explicit-HOLD","直接の技術キーワード一致なし。"
"R03-A-Q08-C1","R03-A-Q08","1","yes","DX-A02-001","DX-A02-014","","9.2.2","weak-lexical-review-required","explanation-text-and-question-tag-ranking","docs/research/r03-choice-review.csv","individual-reason-draft","no-explicit-HOLD","直接の技術キーワード一致なし。"
"R03-A-Q08-C2","R03-A-Q08","2","no","DX-A02-001","DX-A02-014","","9.2.2","weak-lexical-review-required","explanation-text-and-question-tag-ranking","docs/research/r03-choice-review.csv","individual-reason-draft","no-explicit-HOLD","直接の技術キーワード一致なし。"
"R03-A-Q08-C3","R03-A-Q08","3","no","DX-A01-006","DX-A01-006","","8.3.1","cross-chapter-review-required","explanation-keyword-and-candidate-ranking","docs/research/r03-choice-review.csv","individual-reason-draft","no-explicit-HOLD","採択済み設問索引の章A02と候補知識の章A01が不一致。"
"R03-A-Q08-C4","R03-A-Q08","4","no","DX-A02-001","DX-A02-014","","9.2.2","weak-lexical-review-required","explanation-text-and-question-tag-ranking","docs/research/r03-choice-review.csv","individual-reason-draft","no-explicit-HOLD","直接の技術キーワード一致なし。"
"R03-A-Q08-C5","R03-A-Q08","5","no","DX-A02-001","DX-A02-014","","9.2.2","weak-lexical-review-required","explanation-text-and-question-tag-ranking","docs/research/r03-choice-review.csv","individual-reason-draft","no-explicit-HOLD","直接の技術キーワード一致なし。"
"R03-A-Q09-C1","R03-A-Q09","1","no","DX-A02-002","DX-A02-015","","9.2.2","weak-lexical-review-required","explanation-text-and-question-tag-ranking","docs/research/r03-choice-review.csv","individual-reason-draft","no-explicit-HOLD","直接の技術キーワード一致なし。"
"R03-A-Q09-C2","R03-A-Q09","2","no","DX-A02-002","DX-A02-015","","9.2.2","weak-lexical-review-required","explanation-text-and-question-tag-ranking","docs/research/r03-choice-review.csv","individual-reason-draft","no-explicit-HOLD","直接の技術キーワード一致なし。"
"R03-A-Q09-C3","R03-A-Q09","3","yes","DX-A02-002","DX-A02-015","","9.2.2","weak-lexical-review-required","explanation-text-and-question-tag-ranking","docs/research/r03-choice-review.csv","individual-reason-draft","no-explicit-HOLD","直接の技術キーワード一致なし。"
"R03-A-Q09-C4","R03-A-Q09","4","no","DX-A02-002","DX-A02-015","","9.2.2","weak-lexical-review-required","explanation-text-and-question-tag-ranking","docs/research/r03-choice-review.csv","individual-reason-draft","no-explicit-HOLD","直接の技術キーワード一致なし。"
"R03-A-Q09-C5","R03-A-Q09","5","no","DX-A02-002","DX-A02-015","","9.2.2","weak-lexical-review-required","explanation-text-and-question-tag-ranking","docs/research/r03-choice-review.csv","individual-reason-draft","no-explicit-HOLD","直接の技術キーワード一致なし。"
"R03-A-Q10-C1","R03-A-Q10","1","no","DX-A01-001","DX-A01-001","","8.1.2","cross-chapter-review-required","explanation-keyword-and-candidate-ranking","docs/research/r03-choice-review.csv","drive-exam-page-visual-rationale-draft","HOLD","採択済み設問索引の章A02と候補知識の章A01が不一致。"
"R03-A-Q10-C2","R03-A-Q10","2","no","DX-A02-016","DX-A02-016","","9.2.2","rationale-based-provisional","explanation-keyword-and-candidate-ranking","docs/research/r03-choice-review.csv","drive-exam-page-visual-rationale-draft","HOLD","技術キーワードを含む原説明からの仮候補。"
"R03-A-Q10-C3","R03-A-Q10","3","no","DX-A02-014","DX-A02-014","","9.2.2","rationale-based-provisional","explanation-keyword-and-candidate-ranking","docs/research/r03-choice-review.csv","drive-exam-page-visual-rationale-draft","HOLD","技術キーワードを含む原説明からの仮候補。"
"R03-A-Q10-C4","R03-A-Q10","4","yes","DX-A02-014","DX-A02-014","","9.2.2","rationale-based-provisional","explanation-keyword-and-candidate-ranking","docs/research/r03-choice-review.csv","drive-exam-page-visual-rationale-draft","HOLD","技術キーワードを含む原説明からの仮候補。"
"R03-A-Q10-C5","R03-A-Q10","5","no","DX-A02-015","DX-A02-015","","9.2.2","rationale-based-provisional","explanation-keyword-and-candidate-ranking","docs/research/r03-choice-review.csv","drive-exam-page-visual-rationale-draft","HOLD","技術キーワードを含む原説明からの仮候補。"
"R03-A-Q11-C1","R03-A-Q11","1","no","DX-G05-007","DX-G05-007","","5.3.2","cross-chapter-review-required","explanation-keyword-and-candidate-ranking","docs/research/r03-choice-review.csv","individual-reason-draft","no-explicit-HOLD","採択済み設問索引の章A02と候補知識の章G05が不一致。"
"R03-A-Q11-C2","R03-A-Q11","2","no","DX-G05-007","DX-G05-007","","5.3.2","cross-chapter-review-required","explanation-keyword-and-candidate-ranking","docs/research/r03-choice-review.csv","individual-reason-draft","no-explicit-HOLD","採択済み設問索引の章A02と候補知識の章G05が不一致。"
"R03-A-Q11-C3","R03-A-Q11","3","yes","DX-A02-017","DX-A02-017","","9.3.1","weak-lexical-review-required","explanation-text-and-question-tag-ranking","docs/research/r03-choice-review.csv","individual-reason-draft","no-explicit-HOLD","直接の技術キーワード一致なし。"
"R03-A-Q11-C4","R03-A-Q11","4","no","DX-A02-017","DX-A02-017","","9.3.1","weak-lexical-review-required","explanation-text-and-question-tag-ranking","docs/research/r03-choice-review.csv","individual-reason-draft","no-explicit-HOLD","直接の技術キーワード一致なし。"
"R03-A-Q11-C5","R03-A-Q11","5","no","DX-A02-017","DX-A02-017","","9.3.1","weak-lexical-review-required","explanation-text-and-question-tag-ranking","docs/research/r03-choice-review.csv","individual-reason-draft","no-explicit-HOLD","直接の技術キーワード一致なし。"
"R03-A-Q12-C1","R03-A-Q12","1","yes","DX-A03-004","DX-A03-004","","10.2.1","rationale-based-provisional","explanation-keyword-and-candidate-ranking","docs/research/r03-choice-review.csv","individual-reason-draft","no-explicit-HOLD","技術キーワードを含む原説明からの仮候補。"
"R03-A-Q12-C2","R03-A-Q12","2","no","DX-A03-005","DX-A03-005","","10.2.2","weak-lexical-review-required","explanation-text-and-question-tag-ranking","docs/research/r03-choice-review.csv","individual-reason-draft","no-explicit-HOLD","直接の技術キーワード一致なし。"
"R03-A-Q12-C3","R03-A-Q12","3","no","DX-A03-005","DX-A03-005","","10.2.2","weak-lexical-review-required","explanation-text-and-question-tag-ranking","docs/research/r03-choice-review.csv","individual-reason-draft","no-explicit-HOLD","直接の技術キーワード一致なし。"
"R03-A-Q12-C4","R03-A-Q12","4","no","DX-A03-005","DX-A03-005","","10.2.2","weak-lexical-review-required","explanation-text-and-question-tag-ranking","docs/research/r03-choice-review.csv","individual-reason-draft","no-explicit-HOLD","直接の技術キーワード一致なし。"
"R03-A-Q12-C5","R03-A-Q12","5","no","DX-A03-005","DX-A03-005","","10.2.2","weak-lexical-review-required","explanation-text-and-question-tag-ranking","docs/research/r03-choice-review.csv","individual-reason-draft","no-explicit-HOLD","直接の技術キーワード一致なし。"
"R03-A-Q13-C1","R03-A-Q13","1","no","DX-A03-004","DX-A03-004","","10.2.1","weak-lexical-review-required","explanation-text-and-question-tag-ranking","docs/research/r03-choice-review.csv","individual-reason-draft","no-explicit-HOLD","直接の技術キーワード一致なし。"
"R03-A-Q13-C2","R03-A-Q13","2","no","DX-A03-004","DX-A03-004","","10.2.1","rationale-based-provisional","explanation-keyword-and-candidate-ranking","docs/research/r03-choice-review.csv","individual-reason-draft","no-explicit-HOLD","技術キーワードを含む原説明からの仮候補。"
"R03-A-Q13-C3","R03-A-Q13","3","no","DX-A03-004","DX-A03-004","","10.2.1","rationale-based-provisional","explanation-keyword-and-candidate-ranking","docs/research/r03-choice-review.csv","individual-reason-draft","no-explicit-HOLD","技術キーワードを含む原説明からの仮候補。"
"R03-A-Q13-C4","R03-A-Q13","4","yes","DX-A03-004","DX-A03-004","","10.2.1","weak-lexical-review-required","explanation-text-and-question-tag-ranking","docs/research/r03-choice-review.csv","individual-reason-draft","no-explicit-HOLD","直接の技術キーワード一致なし。"
"R03-A-Q13-C5","R03-A-Q13","5","no","DX-A03-004","DX-A03-004","","10.2.1","weak-lexical-review-required","explanation-text-and-question-tag-ranking","docs/research/r03-choice-review.csv","individual-reason-draft","no-explicit-HOLD","直接の技術キーワード一致なし。"
"R03-A-Q14-C1","R03-A-Q14","1","no","DX-A03-005","DX-A03-005","","10.2.2","rationale-based-provisional","explanation-keyword-and-candidate-ranking","docs/research/r03-choice-review.csv","individual-reason-draft","no-explicit-HOLD","技術キーワードを含む原説明からの仮候補。"
"R03-A-Q14-C2","R03-A-Q14","2","no","DX-A03-005","DX-A03-005","","10.2.2","rationale-based-provisional","explanation-keyword-and-candidate-ranking","docs/research/r03-choice-review.csv","individual-reason-draft","no-explicit-HOLD","技術キーワードを含む原説明からの仮候補。"
"R03-A-Q14-C3","R03-A-Q14","3","no","DX-A03-005","DX-A03-005","","10.2.2","rationale-based-provisional","explanation-keyword-and-candidate-ranking","docs/research/r03-choice-review.csv","individual-reason-draft","no-explicit-HOLD","技術キーワードを含む原説明からの仮候補。"
"R03-A-Q14-C4","R03-A-Q14","4","no","DX-A03-005","DX-A03-005","","10.2.2","rationale-based-provisional","explanation-keyword-and-candidate-ranking","docs/research/r03-choice-review.csv","individual-reason-draft","no-explicit-HOLD","技術キーワードを含む原説明からの仮候補。"
"R03-A-Q14-C5","R03-A-Q14","5","yes","DX-A03-005","DX-A03-005","","10.2.2","weak-lexical-review-required","explanation-text-and-question-tag-ranking","docs/research/r03-choice-review.csv","individual-reason-draft","no-explicit-HOLD","直接の技術キーワード一致なし。"
"R03-A-Q15-C1","R03-A-Q15","1","yes","DX-A04-019","DX-A04-019","","11.2.3","rationale-based-provisional","explanation-keyword-and-candidate-ranking","docs/research/r03-choice-review.csv","drive-exam-page-visual-rationale-draft","HOLD","技術キーワードを含む原説明からの仮候補。"
"R03-A-Q15-C2","R03-A-Q15","2","no","DX-A04-019","DX-A04-019","","11.2.3","rationale-based-provisional","explanation-keyword-and-candidate-ranking","docs/research/r03-choice-review.csv","drive-exam-page-visual-rationale-draft","HOLD","技術キーワードを含む原説明からの仮候補。"
"R03-A-Q15-C3","R03-A-Q15","3","no","DX-A04-019","DX-A04-019","","11.2.3","rationale-based-provisional","explanation-keyword-and-candidate-ranking","docs/research/r03-choice-review.csv","drive-exam-page-visual-rationale-draft","HOLD","技術キーワードを含む原説明からの仮候補。"
"R03-A-Q15-C4","R03-A-Q15","4","no","DX-A04-019","DX-A04-019","","11.2.3","rationale-based-provisional","explanation-keyword-and-candidate-ranking","docs/research/r03-choice-review.csv","drive-exam-page-visual-rationale-draft","HOLD","技術キーワードを含む原説明からの仮候補。"
"R03-A-Q15-C5","R03-A-Q15","5","no","DX-A04-019","DX-A04-019","","11.2.3","weak-lexical-review-required","explanation-text-and-question-tag-ranking","docs/research/r03-choice-review.csv","drive-exam-page-visual-rationale-draft","HOLD","直接の技術キーワード一致なし。"
"R03-A-Q16-C1","R03-A-Q16","1","no","DX-A04-013","DX-A04-013","","11.2.2","rationale-based-provisional","explanation-keyword-and-candidate-ranking","docs/research/r03-choice-review.csv","drive-exam-page-visual-rationale-draft","HOLD","技術キーワードを含む原説明からの仮候補。"
"R03-A-Q16-C2","R03-A-Q16","2","yes","DX-A04-013","DX-A04-013","","11.2.2","rationale-based-provisional","explanation-keyword-and-candidate-ranking","docs/research/r03-choice-review.csv","drive-exam-page-visual-rationale-draft","HOLD","技術キーワードを含む原説明からの仮候補。"
"R03-A-Q16-C3","R03-A-Q16","3","no","DX-A04-013","DX-A04-013","","11.2.2","rationale-based-provisional","explanation-keyword-and-candidate-ranking","docs/research/r03-choice-review.csv","drive-exam-page-visual-rationale-draft","HOLD","技術キーワードを含む原説明からの仮候補。"
"R03-A-Q16-C4","R03-A-Q16","4","no","DX-A04-013","DX-A04-013","","11.2.2","rationale-based-provisional","explanation-keyword-and-candidate-ranking","docs/research/r03-choice-review.csv","drive-exam-page-visual-rationale-draft","HOLD","技術キーワードを含む原説明からの仮候補。"
"R03-A-Q16-C5","R03-A-Q16","5","no","DX-A04-013","DX-A04-013","","11.2.2","weak-lexical-review-required","explanation-text-and-question-tag-ranking","docs/research/r03-choice-review.csv","drive-exam-page-visual-rationale-draft","HOLD","直接の技術キーワード一致なし。"
"R03-A-Q17-C1","R03-A-Q17","1","no","DX-A05-007","DX-A05-007","DX-A05-011","12.3.1","rationale-based-provisional","explanation-keyword-and-candidate-ranking","docs/research/r03-choice-review.csv","individual-reason-draft","no-explicit-HOLD","技術キーワードを含む原説明からの仮候補。"
"R03-A-Q17-C2","R03-A-Q17","2","no","DX-A05-008","DX-A05-008","DX-A05-007","12.3.2","rationale-based-provisional","explanation-keyword-and-candidate-ranking","docs/research/r03-choice-review.csv","individual-reason-draft","no-explicit-HOLD","技術キーワードを含む原説明からの仮候補。"
"R03-A-Q17-C3","R03-A-Q17","3","no","DX-A05-011","DX-A05-011","","12.4.2","rationale-based-provisional","explanation-keyword-and-candidate-ranking","docs/research/r03-choice-review.csv","individual-reason-draft","no-explicit-HOLD","技術キーワードを含む原説明からの仮候補。"
"R03-A-Q17-C4","R03-A-Q17","4","yes","DX-A05-009","DX-A05-009","","12.3.3","rationale-based-provisional","explanation-keyword-and-candidate-ranking","docs/research/r03-choice-review.csv","individual-reason-draft","no-explicit-HOLD","技術キーワードを含む原説明からの仮候補。"
"R03-A-Q17-C5","R03-A-Q17","5","no","DX-G04-007","DX-G04-007","","4.3.3","cross-chapter-review-required","explanation-keyword-and-candidate-ranking","docs/research/r03-choice-review.csv","individual-reason-draft","no-explicit-HOLD","採択済み設問索引の章A05と候補知識の章G04が不一致。"
"R03-A-Q18-C1","R03-A-Q18","1","yes","DX-A05-019","DX-A05-019","DX-A05-004","12.7.1","rationale-based-provisional","explanation-keyword-and-candidate-ranking","docs/research/r03-choice-review.csv","individual-reason-draft","no-explicit-HOLD","技術キーワードを含む原説明からの仮候補。"
"R03-A-Q18-C2","R03-A-Q18","2","no","DX-A05-004","DX-A05-004","","12.2.1","weak-lexical-review-required","explanation-text-and-question-tag-ranking","docs/research/r03-choice-review.csv","individual-reason-draft","no-explicit-HOLD","直接の技術キーワード一致なし。"
"R03-A-Q18-C3","R03-A-Q18","3","no","DX-A05-004","DX-A05-004","","12.2.1","weak-lexical-review-required","explanation-text-and-question-tag-ranking","docs/research/r03-choice-review.csv","individual-reason-draft","no-explicit-HOLD","直接の技術キーワード一致なし。"
"R03-A-Q18-C4","R03-A-Q18","4","no","DX-A05-007","DX-A05-007","","12.3.1","rationale-based-provisional","explanation-keyword-and-candidate-ranking","docs/research/r03-choice-review.csv","individual-reason-draft","no-explicit-HOLD","技術キーワードを含む原説明からの仮候補。"
"R03-A-Q18-C5","R03-A-Q18","5","no","DX-A05-004","DX-A05-004","","12.2.1","weak-lexical-review-required","explanation-text-and-question-tag-ranking","docs/research/r03-choice-review.csv","individual-reason-draft","no-explicit-HOLD","直接の技術キーワード一致なし。"
"R03-A-Q19-C1","R03-A-Q19","1","yes","DX-A05-004","DX-A05-004","","12.2.1","rationale-based-provisional","explanation-keyword-and-candidate-ranking","docs/research/r03-choice-review.csv","drive-exam-page-visual-rationale-draft","HOLD","技術キーワードを含む原説明からの仮候補。"
"R03-A-Q19-C2","R03-A-Q19","2","no","DX-A05-008","DX-A05-008","","12.3.2","rationale-based-provisional","explanation-keyword-and-candidate-ranking","docs/research/r03-choice-review.csv","drive-exam-page-visual-rationale-draft","HOLD","技術キーワードを含む原説明からの仮候補。"
"R03-A-Q19-C3","R03-A-Q19","3","no","DX-A05-004","DX-A05-004","","12.2.1","rationale-based-provisional","explanation-keyword-and-candidate-ranking","docs/research/r03-choice-review.csv","drive-exam-page-visual-rationale-draft","HOLD","技術キーワードを含む原説明からの仮候補。"
"R03-A-Q19-C4","R03-A-Q19","4","no","DX-A05-004","DX-A05-004","","12.2.1","rationale-based-provisional","explanation-keyword-and-candidate-ranking","docs/research/r03-choice-review.csv","drive-exam-page-visual-rationale-draft","HOLD","技術キーワードを含む原説明からの仮候補。"
"R03-A-Q19-C5","R03-A-Q19","5","no","DX-A05-004","DX-A05-004","","12.2.1","rationale-based-provisional","explanation-keyword-and-candidate-ranking","docs/research/r03-choice-review.csv","drive-exam-page-visual-rationale-draft","HOLD","技術キーワードを含む原説明からの仮候補。"
"R03-A-Q20-C1","R03-A-Q20","1","no","DX-A05-014","DX-A05-014","","12.5.2","weak-lexical-review-required","explanation-text-and-question-tag-ranking","docs/research/r03-choice-review.csv","individual-reason-draft","no-explicit-HOLD","直接の技術キーワード一致なし。"
"R03-A-Q20-C2","R03-A-Q20","2","yes","DX-A05-014","DX-A05-014","","12.5.2","rationale-based-provisional","explanation-keyword-and-candidate-ranking","docs/research/r03-choice-review.csv","individual-reason-draft","no-explicit-HOLD","技術キーワードを含む原説明からの仮候補。"
"R03-A-Q20-C3","R03-A-Q20","3","no","DX-A05-014","DX-A05-014","","12.5.2","weak-lexical-review-required","explanation-text-and-question-tag-ranking","docs/research/r03-choice-review.csv","individual-reason-draft","no-explicit-HOLD","直接の技術キーワード一致なし。"
"R03-A-Q20-C4","R03-A-Q20","4","no","DX-A05-014","DX-A05-014","","12.5.2","weak-lexical-review-required","explanation-text-and-question-tag-ranking","docs/research/r03-choice-review.csv","individual-reason-draft","no-explicit-HOLD","直接の技術キーワード一致なし。"
"R03-A-Q20-C5","R03-A-Q20","5","no","DX-A05-014","DX-A05-014","","12.5.2","weak-lexical-review-required","explanation-text-and-question-tag-ranking","docs/research/r03-choice-review.csv","individual-reason-draft","no-explicit-HOLD","直接の技術キーワード一致なし。"
"R03-A-Q21-C1","R03-A-Q21","1","no","DX-A05-007","DX-A05-007","","12.3.1","weak-lexical-review-required","explanation-text-and-question-tag-ranking","docs/research/r03-choice-review.csv","individual-reason-draft","no-explicit-HOLD","直接の技術キーワード一致なし。"
"R03-A-Q21-C2","R03-A-Q21","2","no","DX-A05-007","DX-A05-007","","12.3.1","rationale-based-provisional","explanation-keyword-and-candidate-ranking","docs/research/r03-choice-review.csv","individual-reason-draft","no-explicit-HOLD","技術キーワードを含む原説明からの仮候補。"
"R03-A-Q21-C3","R03-A-Q21","3","no","DX-A05-007","DX-A05-007","","12.3.1","rationale-based-provisional","explanation-keyword-and-candidate-ranking","docs/research/r03-choice-review.csv","individual-reason-draft","no-explicit-HOLD","技術キーワードを含む原説明からの仮候補。"
"R03-A-Q21-C4","R03-A-Q21","4","yes","DX-A05-007","DX-A05-007","","12.3.1","weak-lexical-review-required","explanation-text-and-question-tag-ranking","docs/research/r03-choice-review.csv","individual-reason-draft","no-explicit-HOLD","直接の技術キーワード一致なし。"
"R03-A-Q21-C5","R03-A-Q21","5","no","DX-A05-007","DX-A05-007","","12.3.1","weak-lexical-review-required","explanation-text-and-question-tag-ranking","docs/research/r03-choice-review.csv","individual-reason-draft","no-explicit-HOLD","直接の技術キーワード一致なし。"
"R03-A-Q22-C1","R03-A-Q22","1","no","DX-A05-011","DX-A05-011","","12.4.2","weak-lexical-review-required","explanation-text-and-question-tag-ranking","docs/research/r03-choice-review.csv","individual-reason-draft","no-explicit-HOLD","直接の技術キーワード一致なし。"
"R03-A-Q22-C2","R03-A-Q22","2","no","DX-A05-011","DX-A05-011","","12.4.2","rationale-based-provisional","explanation-keyword-and-candidate-ranking","docs/research/r03-choice-review.csv","individual-reason-draft","no-explicit-HOLD","技術キーワードを含む原説明からの仮候補。"
"R03-A-Q22-C3","R03-A-Q22","3","no","DX-A05-011","DX-A05-011","","12.4.2","weak-lexical-review-required","explanation-text-and-question-tag-ranking","docs/research/r03-choice-review.csv","individual-reason-draft","no-explicit-HOLD","直接の技術キーワード一致なし。"
"R03-A-Q22-C4","R03-A-Q22","4","yes","DX-A05-011","DX-A05-011","","12.4.2","weak-lexical-review-required","explanation-text-and-question-tag-ranking","docs/research/r03-choice-review.csv","individual-reason-draft","no-explicit-HOLD","直接の技術キーワード一致なし。"
"R03-A-Q22-C5","R03-A-Q22","5","no","DX-A05-012","DX-A05-012","","12.4.3","rationale-based-provisional","explanation-keyword-and-candidate-ranking","docs/research/r03-choice-review.csv","individual-reason-draft","no-explicit-HOLD","技術キーワードを含む原説明からの仮候補。"
"R03-A-Q23-C1","R03-A-Q23","1","no","DX-A05-012","DX-A05-012","","12.4.3","weak-lexical-review-required","explanation-text-and-question-tag-ranking","docs/research/r03-choice-review.csv","individual-reason-draft","no-explicit-HOLD","直接の技術キーワード一致なし。"
"R03-A-Q23-C2","R03-A-Q23","2","no","DX-A05-012","DX-A05-012","","12.4.3","rationale-based-provisional","explanation-keyword-and-candidate-ranking","docs/research/r03-choice-review.csv","individual-reason-draft","no-explicit-HOLD","技術キーワードを含む原説明からの仮候補。"
"R03-A-Q23-C3","R03-A-Q23","3","no","DX-A05-008","DX-A05-008","DX-A05-012","12.3.2","rationale-based-provisional","explanation-keyword-and-candidate-ranking","docs/research/r03-choice-review.csv","individual-reason-draft","no-explicit-HOLD","技術キーワードを含む原説明からの仮候補。"
"R03-A-Q23-C4","R03-A-Q23","4","no","DX-A05-012","DX-A05-012","","12.4.3","weak-lexical-review-required","explanation-text-and-question-tag-ranking","docs/research/r03-choice-review.csv","individual-reason-draft","no-explicit-HOLD","直接の技術キーワード一致なし。"
"R03-A-Q23-C5","R03-A-Q23","5","yes","DX-A05-012","DX-A05-012","","12.4.3","weak-lexical-review-required","explanation-text-and-question-tag-ranking","docs/research/r03-choice-review.csv","individual-reason-draft","no-explicit-HOLD","直接の技術キーワード一致なし。"
"R03-A-Q24-C1","R03-A-Q24","1","no","DX-A05-003","DX-A05-003","","12.1.3","rationale-based-provisional","explanation-keyword-and-candidate-ranking","docs/research/r03-choice-review.csv","individual-reason-draft","no-explicit-HOLD","技術キーワードを含む原説明からの仮候補。"
"R03-A-Q24-C2","R03-A-Q24","2","no","DX-A05-014","DX-A05-014","","12.5.2","weak-lexical-review-required","explanation-text-and-question-tag-ranking","docs/research/r03-choice-review.csv","individual-reason-draft","no-explicit-HOLD","直接の技術キーワード一致なし。"
"R03-A-Q24-C3","R03-A-Q24","3","yes","DX-A05-014","DX-A05-014","","12.5.2","weak-lexical-review-required","explanation-text-and-question-tag-ranking","docs/research/r03-choice-review.csv","individual-reason-draft","no-explicit-HOLD","直接の技術キーワード一致なし。"
"R03-A-Q24-C4","R03-A-Q24","4","no","DX-A05-014","DX-A05-014","","12.5.2","weak-lexical-review-required","explanation-text-and-question-tag-ranking","docs/research/r03-choice-review.csv","individual-reason-draft","no-explicit-HOLD","直接の技術キーワード一致なし。"
"R03-A-Q24-C5","R03-A-Q24","5","no","DX-A05-014","DX-A05-014","","12.5.2","weak-lexical-review-required","explanation-text-and-question-tag-ranking","docs/research/r03-choice-review.csv","individual-reason-draft","no-explicit-HOLD","直接の技術キーワード一致なし。"
"R03-A-Q25-C1","R03-A-Q25","1","no","DX-A05-009","DX-A05-009","","12.3.3","rationale-based-provisional","explanation-keyword-and-candidate-ranking","docs/research/r03-choice-review.csv","individual-reason-draft","no-explicit-HOLD","技術キーワードを含む原説明からの仮候補。"
"R03-A-Q25-C2","R03-A-Q25","2","no","DX-A05-008","DX-A05-008","DX-A05-009","12.3.2","rationale-based-provisional","explanation-keyword-and-candidate-ranking","docs/research/r03-choice-review.csv","individual-reason-draft","no-explicit-HOLD","技術キーワードを含む原説明からの仮候補。"
"R03-A-Q25-C3","R03-A-Q25","3","yes","DX-A05-019","DX-A05-019","","12.7.1","rationale-based-provisional","explanation-keyword-and-candidate-ranking","docs/research/r03-choice-review.csv","individual-reason-draft","no-explicit-HOLD","技術キーワードを含む原説明からの仮候補。"
"R03-A-Q25-C4","R03-A-Q25","4","no","DX-A05-014","DX-A05-014","","12.5.2","weak-lexical-review-required","explanation-text-and-question-tag-ranking","docs/research/r03-choice-review.csv","individual-reason-draft","no-explicit-HOLD","直接の技術キーワード一致なし。"
"R03-A-Q25-C5","R03-A-Q25","5","no","DX-A05-014","DX-A05-014","","12.5.2","rationale-based-provisional","explanation-keyword-and-candidate-ranking","docs/research/r03-choice-review.csv","individual-reason-draft","no-explicit-HOLD","技術キーワードを含む原説明からの仮候補。"
"R04-G-Q01-C1","R04-G-Q01","1","no","DX-G01-007","DX-G01-007","","1.3.1","weak-lexical-review-required","explanation-text-and-question-tag-ranking","docs/research/r04-choice-review.csv","individual-reason-draft","no-explicit-HOLD","直接の技術キーワード一致なし。"
"R04-G-Q01-C2","R04-G-Q01","2","no","DX-G01-007","DX-G01-007","","1.3.1","weak-lexical-review-required","explanation-text-and-question-tag-ranking","docs/research/r04-choice-review.csv","individual-reason-draft","no-explicit-HOLD","直接の技術キーワード一致なし。"
"R04-G-Q01-C3","R04-G-Q01","3","yes","DX-G01-007","DX-G01-007","","1.3.1","weak-lexical-review-required","explanation-text-and-question-tag-ranking","docs/research/r04-choice-review.csv","individual-reason-draft","no-explicit-HOLD","直接の技術キーワード一致なし。"
"R04-G-Q01-C4","R04-G-Q01","4","no","DX-G01-007","DX-G01-007","","1.3.1","weak-lexical-review-required","explanation-text-and-question-tag-ranking","docs/research/r04-choice-review.csv","individual-reason-draft","no-explicit-HOLD","直接の技術キーワード一致なし。"
"R04-G-Q01-C5","R04-G-Q01","5","no","DX-G01-007","DX-G01-007","","1.3.1","weak-lexical-review-required","explanation-text-and-question-tag-ranking","docs/research/r04-choice-review.csv","individual-reason-draft","no-explicit-HOLD","直接の技術キーワード一致なし。"
"R04-G-Q02-C1","R04-G-Q02","1","no","DX-G01-001","DX-G01-001","","1.1.1","weak-lexical-review-required","explanation-text-and-question-tag-ranking","docs/research/r04-choice-review.csv","drive-exam-page-visual-rationale-draft","HOLD","直接の技術キーワード一致なし。"
"R04-G-Q02-C2","R04-G-Q02","2","no","DX-G01-001","DX-G01-001","","1.1.1","weak-lexical-review-required","explanation-text-and-question-tag-ranking","docs/research/r04-choice-review.csv","drive-exam-page-visual-rationale-draft","HOLD","直接の技術キーワード一致なし。"
"R04-G-Q02-C3","R04-G-Q02","3","no","DX-G01-005","DX-G01-005","","1.2.2","rationale-based-provisional","explanation-keyword-and-candidate-ranking","docs/research/r04-choice-review.csv","drive-exam-page-visual-rationale-draft","HOLD","技術キーワードを含む原説明からの仮候補。"
"R04-G-Q02-C4","R04-G-Q02","4","no","DX-G01-015","DX-G01-015","","1.5.1","rationale-based-provisional","explanation-keyword-and-candidate-ranking","docs/research/r04-choice-review.csv","drive-exam-page-visual-rationale-draft","HOLD","技術キーワードを含む原説明からの仮候補。"
"R04-G-Q02-C5","R04-G-Q02","5","yes","DX-G01-001","DX-G01-001","","1.1.1","weak-lexical-review-required","explanation-text-and-question-tag-ranking","docs/research/r04-choice-review.csv","drive-exam-page-visual-rationale-draft","HOLD","直接の技術キーワード一致なし。"
"R04-G-Q03-C1","R04-G-Q03","1","no","DX-G01-017","DX-G01-017","","1.5.3","weak-lexical-review-required","explanation-text-and-question-tag-ranking","docs/research/r04-choice-review.csv","individual-reason-draft","no-explicit-HOLD","直接の技術キーワード一致なし。"
"R04-G-Q03-C2","R04-G-Q03","2","yes","DX-G01-016","DX-G01-016","DX-G01-008","1.5.2","rationale-based-provisional","explanation-keyword-and-candidate-ranking","docs/research/r04-choice-review.csv","individual-reason-draft","no-explicit-HOLD","技術キーワードを含む原説明からの仮候補。"
"R04-G-Q03-C3","R04-G-Q03","3","no","DX-G01-017","DX-G01-017","","1.5.3","weak-lexical-review-required","explanation-text-and-question-tag-ranking","docs/research/r04-choice-review.csv","individual-reason-draft","no-explicit-HOLD","直接の技術キーワード一致なし。"
"R04-G-Q03-C4","R04-G-Q03","4","no","DX-G01-008","DX-G01-008","","1.3.2","rationale-based-provisional","explanation-keyword-and-candidate-ranking","docs/research/r04-choice-review.csv","individual-reason-draft","no-explicit-HOLD","技術キーワードを含む原説明からの仮候補。"
"R04-G-Q03-C5","R04-G-Q03","5","no","DX-G01-017","DX-G01-017","","1.5.3","weak-lexical-review-required","explanation-text-and-question-tag-ranking","docs/research/r04-choice-review.csv","individual-reason-draft","no-explicit-HOLD","直接の技術キーワード一致なし。"
"R04-G-Q04-C1","R04-G-Q04","1","no","DX-G01-015","DX-G01-015","","1.5.1","rationale-based-provisional","explanation-keyword-and-candidate-ranking","docs/research/r04-choice-review.csv","individual-reason-draft","no-explicit-HOLD","技術キーワードを含む原説明からの仮候補。"
"R04-G-Q04-C2","R04-G-Q04","2","no","DX-G01-015","DX-G01-015","","1.5.1","rationale-based-provisional","explanation-keyword-and-candidate-ranking","docs/research/r04-choice-review.csv","individual-reason-draft","no-explicit-HOLD","技術キーワードを含む原説明からの仮候補。"
"R04-G-Q04-C3","R04-G-Q04","3","no","DX-G01-015","DX-G01-015","","1.5.1","rationale-based-provisional","explanation-keyword-and-candidate-ranking","docs/research/r04-choice-review.csv","individual-reason-draft","no-explicit-HOLD","技術キーワードを含む原説明からの仮候補。"
"R04-G-Q04-C4","R04-G-Q04","4","yes","DX-G01-015","DX-G01-015","","1.5.1","rationale-based-provisional","explanation-keyword-and-candidate-ranking","docs/research/r04-choice-review.csv","individual-reason-draft","no-explicit-HOLD","技術キーワードを含む原説明からの仮候補。"
"R04-G-Q04-C5","R04-G-Q04","5","no","DX-G01-015","DX-G01-015","","1.5.1","rationale-based-provisional","explanation-keyword-and-candidate-ranking","docs/research/r04-choice-review.csv","individual-reason-draft","no-explicit-HOLD","技術キーワードを含む原説明からの仮候補。"
"R04-G-Q05-C1","R04-G-Q05","1","no","DX-G01-011","DX-G01-011","","1.4.3","weak-lexical-review-required","explanation-text-and-question-tag-ranking","docs/research/r04-choice-review.csv","individual-reason-draft","no-explicit-HOLD","直接の技術キーワード一致なし。"
"R04-G-Q05-C2","R04-G-Q05","2","no","DX-A05-008","DX-A05-008","","12.3.2","cross-chapter-review-required","explanation-keyword-and-candidate-ranking","docs/research/r04-choice-review.csv","individual-reason-draft","no-explicit-HOLD","採択済み設問索引の章G01と候補知識の章A05が不一致。"
"R04-G-Q05-C3","R04-G-Q05","3","yes","DX-G01-011","DX-G01-011","","1.4.3","weak-lexical-review-required","explanation-text-and-question-tag-ranking","docs/research/r04-choice-review.csv","individual-reason-draft","no-explicit-HOLD","直接の技術キーワード一致なし。"
"R04-G-Q05-C4","R04-G-Q05","4","no","DX-A04-019","DX-A04-019","","11.2.3","cross-chapter-review-required","explanation-keyword-and-candidate-ranking","docs/research/r04-choice-review.csv","individual-reason-draft","no-explicit-HOLD","採択済み設問索引の章G01と候補知識の章A04が不一致。"
"R04-G-Q05-C5","R04-G-Q05","5","no","DX-A04-013","DX-A04-013","","11.2.2","cross-chapter-review-required","explanation-keyword-and-candidate-ranking","docs/research/r04-choice-review.csv","individual-reason-draft","no-explicit-HOLD","採択済み設問索引の章G01と候補知識の章A04が不一致。"
"R04-G-Q06-C1","R04-G-Q06","1","no","DX-G04-001","DX-G04-001","","4.1.1","weak-lexical-review-required","explanation-text-and-question-tag-ranking","docs/research/r04-choice-review.csv","individual-reason-draft","no-explicit-HOLD","直接の技術キーワード一致なし。"
"R04-G-Q06-C2","R04-G-Q06","2","no","DX-G04-001","DX-G04-001","","4.1.1","rationale-based-provisional","explanation-keyword-and-candidate-ranking","docs/research/r04-choice-review.csv","individual-reason-draft","no-explicit-HOLD","技術キーワードを含む原説明からの仮候補。"
"R04-G-Q06-C3","R04-G-Q06","3","no","DX-G04-002","DX-G04-002","","4.1.2","rationale-based-provisional","explanation-keyword-and-candidate-ranking","docs/research/r04-choice-review.csv","individual-reason-draft","no-explicit-HOLD","技術キーワードを含む原説明からの仮候補。"
"R04-G-Q06-C4","R04-G-Q06","4","yes","DX-G04-004","DX-G04-004","","4.2.1","rationale-based-provisional","explanation-keyword-and-candidate-ranking","docs/research/r04-choice-review.csv","individual-reason-draft","no-explicit-HOLD","技術キーワードを含む原説明からの仮候補。"
"R04-G-Q06-C5","R04-G-Q06","5","no","DX-G04-004","DX-G04-004","","4.2.1","rationale-based-provisional","explanation-keyword-and-candidate-ranking","docs/research/r04-choice-review.csv","individual-reason-draft","no-explicit-HOLD","技術キーワードを含む原説明からの仮候補。"
"R04-G-Q07-C1","R04-G-Q07","1","no","DX-G02-001","DX-G02-001","","2.1.1","weak-lexical-review-required","explanation-text-and-question-tag-ranking","docs/research/r04-choice-review.csv","individual-reason-draft","no-explicit-HOLD","直接の技術キーワード一致なし。"
"R04-G-Q07-C2","R04-G-Q07","2","no","DX-G02-001","DX-G02-001","","2.1.1","weak-lexical-review-required","explanation-text-and-question-tag-ranking","docs/research/r04-choice-review.csv","individual-reason-draft","no-explicit-HOLD","直接の技術キーワード一致なし。"
"R04-G-Q07-C3","R04-G-Q07","3","no","DX-G02-001","DX-G02-001","","2.1.1","weak-lexical-review-required","explanation-text-and-question-tag-ranking","docs/research/r04-choice-review.csv","individual-reason-draft","no-explicit-HOLD","直接の技術キーワード一致なし。"
"R04-G-Q07-C4","R04-G-Q07","4","yes","DX-G02-001","DX-G02-001","","2.1.1","weak-lexical-review-required","explanation-text-and-question-tag-ranking","docs/research/r04-choice-review.csv","individual-reason-draft","no-explicit-HOLD","直接の技術キーワード一致なし。"
"R04-G-Q07-C5","R04-G-Q07","5","no","DX-G02-002","DX-G02-002","","2.1.2","weak-lexical-review-required","explanation-text-and-question-tag-ranking","docs/research/r04-choice-review.csv","individual-reason-draft","no-explicit-HOLD","直接の技術キーワード一致なし。"
"R04-G-Q08-C1","R04-G-Q08","1","no","DX-G02-001","DX-G02-001","","2.1.1","weak-lexical-review-required","explanation-text-and-question-tag-ranking","docs/research/r04-choice-review.csv","drive-exam-page-visual-rationale-draft","HOLD","直接の技術キーワード一致なし。"
"R04-G-Q08-C2","R04-G-Q08","2","no","DX-G02-001","DX-G02-001","","2.1.1","weak-lexical-review-required","explanation-text-and-question-tag-ranking","docs/research/r04-choice-review.csv","drive-exam-page-visual-rationale-draft","HOLD","直接の技術キーワード一致なし。"
"R04-G-Q08-C3","R04-G-Q08","3","yes","DX-G02-001","DX-G02-001","","2.1.1","rationale-based-provisional","explanation-keyword-and-candidate-ranking","docs/research/r04-choice-review.csv","drive-exam-page-visual-rationale-draft","HOLD","技術キーワードを含む原説明からの仮候補。"
"R04-G-Q08-C4","R04-G-Q08","4","no","DX-G02-001","DX-G02-001","","2.1.1","rationale-based-provisional","explanation-keyword-and-candidate-ranking","docs/research/r04-choice-review.csv","drive-exam-page-visual-rationale-draft","HOLD","技術キーワードを含む原説明からの仮候補。"
"R04-G-Q08-C5","R04-G-Q08","5","no","DX-G02-001","DX-G02-001","","2.1.1","rationale-based-provisional","explanation-keyword-and-candidate-ranking","docs/research/r04-choice-review.csv","drive-exam-page-visual-rationale-draft","HOLD","技術キーワードを含む原説明からの仮候補。"
"R04-G-Q09-C1","R04-G-Q09","1","no","DX-A02-016","DX-A02-016","","9.2.2","cross-chapter-review-required","explanation-keyword-and-candidate-ranking","docs/research/r04-choice-review.csv","individual-reason-draft","no-explicit-HOLD","採択済み設問索引の章G03と候補知識の章A02が不一致。"
"R04-G-Q09-C2","R04-G-Q09","2","yes","DX-A02-015","DX-A02-015","","9.2.2","cross-chapter-review-required","explanation-keyword-and-candidate-ranking","docs/research/r04-choice-review.csv","individual-reason-draft","no-explicit-HOLD","採択済み設問索引の章G03と候補知識の章A02が不一致。"
"R04-G-Q09-C3","R04-G-Q09","3","no","DX-A02-014","DX-A02-014","","9.2.2","cross-chapter-review-required","explanation-keyword-and-candidate-ranking","docs/research/r04-choice-review.csv","individual-reason-draft","no-explicit-HOLD","採択済み設問索引の章G03と候補知識の章A02が不一致。"
"R04-G-Q09-C4","R04-G-Q09","4","no","DX-G03-002","DX-G03-002","","3.1.2","weak-lexical-review-required","explanation-text-and-question-tag-ranking","docs/research/r04-choice-review.csv","individual-reason-draft","no-explicit-HOLD","直接の技術キーワード一致なし。"
"R04-G-Q09-C5","R04-G-Q09","5","no","DX-A02-016","DX-A02-016","","9.2.2","cross-chapter-review-required","explanation-keyword-and-candidate-ranking","docs/research/r04-choice-review.csv","individual-reason-draft","no-explicit-HOLD","採択済み設問索引の章G03と候補知識の章A02が不一致。"
"R04-G-Q10-C1","R04-G-Q10","1","yes","DX-G04-007","DX-G04-007","","4.3.3","weak-lexical-review-required","explanation-text-and-question-tag-ranking","docs/research/r04-choice-review.csv","individual-reason-draft","no-explicit-HOLD","直接の技術キーワード一致なし。"
"R04-G-Q10-C2","R04-G-Q10","2","no","DX-G04-007","DX-G04-007","","4.3.3","weak-lexical-review-required","explanation-text-and-question-tag-ranking","docs/research/r04-choice-review.csv","individual-reason-draft","no-explicit-HOLD","直接の技術キーワード一致なし。"
"R04-G-Q10-C3","R04-G-Q10","3","no","DX-G04-007","DX-G04-007","","4.3.3","weak-lexical-review-required","explanation-text-and-question-tag-ranking","docs/research/r04-choice-review.csv","individual-reason-draft","no-explicit-HOLD","直接の技術キーワード一致なし。"
"R04-G-Q10-C4","R04-G-Q10","4","no","DX-G04-007","DX-G04-007","","4.3.3","weak-lexical-review-required","explanation-text-and-question-tag-ranking","docs/research/r04-choice-review.csv","individual-reason-draft","no-explicit-HOLD","直接の技術キーワード一致なし。"
"R04-G-Q10-C5","R04-G-Q10","5","no","DX-G04-007","DX-G04-007","","4.3.3","weak-lexical-review-required","explanation-text-and-question-tag-ranking","docs/research/r04-choice-review.csv","individual-reason-draft","no-explicit-HOLD","直接の技術キーワード一致なし。"
"R04-G-Q11-C1","R04-G-Q11","1","no","DX-G04-003","DX-G04-003","","4.1.3","cross-chapter-review-required","explanation-text-and-question-tag-ranking","docs/research/r04-choice-review.csv","individual-reason-draft","no-explicit-HOLD","採択済み設問索引の章G02と候補知識の章G04が不一致。"
"R04-G-Q11-C2","R04-G-Q11","2","no","DX-G02-001","DX-G02-001","","2.1.1","weak-lexical-review-required","explanation-text-and-question-tag-ranking","docs/research/r04-choice-review.csv","individual-reason-draft","no-explicit-HOLD","直接の技術キーワード一致なし。"
"R04-G-Q11-C3","R04-G-Q11","3","yes","DX-G04-011","DX-G04-011","","4.4.2","cross-chapter-review-required","explanation-keyword-and-candidate-ranking","docs/research/r04-choice-review.csv","individual-reason-draft","no-explicit-HOLD","採択済み設問索引の章G02と候補知識の章G04が不一致。"
"R04-G-Q11-C4","R04-G-Q11","4","no","DX-G04-006","DX-G04-006","DX-G04-007","4.2.3","cross-chapter-review-required","explanation-keyword-and-candidate-ranking","docs/research/r04-choice-review.csv","individual-reason-draft","no-explicit-HOLD","採択済み設問索引の章G02と候補知識の章G04が不一致。"
"R04-G-Q11-C5","R04-G-Q11","5","no","DX-G04-007","DX-G04-007","","4.3.3","cross-chapter-review-required","explanation-keyword-and-candidate-ranking","docs/research/r04-choice-review.csv","individual-reason-draft","no-explicit-HOLD","採択済み設問索引の章G02と候補知識の章G04が不一致。"
"R04-G-Q12-C1","R04-G-Q12","1","no","DX-G04-004","DX-G04-004","","4.2.1","weak-lexical-review-required","explanation-text-and-question-tag-ranking","docs/research/r04-choice-review.csv","individual-reason-draft","no-explicit-HOLD","直接の技術キーワード一致なし。"
"R04-G-Q12-C2","R04-G-Q12","2","no","DX-G04-004","DX-G04-004","","4.2.1","weak-lexical-review-required","explanation-text-and-question-tag-ranking","docs/research/r04-choice-review.csv","individual-reason-draft","no-explicit-HOLD","直接の技術キーワード一致なし。"
"R04-G-Q12-C3","R04-G-Q12","3","yes","DX-G04-007","DX-G04-007","","4.3.3","rationale-based-provisional","explanation-keyword-and-candidate-ranking","docs/research/r04-choice-review.csv","individual-reason-draft","no-explicit-HOLD","技術キーワードを含む原説明からの仮候補。"
"R04-G-Q12-C4","R04-G-Q12","4","no","DX-G04-004","DX-G04-004","","4.2.1","weak-lexical-review-required","explanation-text-and-question-tag-ranking","docs/research/r04-choice-review.csv","individual-reason-draft","no-explicit-HOLD","直接の技術キーワード一致なし。"
"R04-G-Q12-C5","R04-G-Q12","5","no","DX-G01-009","DX-G01-009","","1.3.3","cross-chapter-review-required","explanation-keyword-and-candidate-ranking","docs/research/r04-choice-review.csv","individual-reason-draft","no-explicit-HOLD","採択済み設問索引の章G04と候補知識の章G01が不一致。"
"R04-G-Q13-C1","R04-G-Q13","1","no","DX-G05-005","DX-G05-005","","5.2.2","weak-lexical-review-required","explanation-text-and-question-tag-ranking","docs/research/r04-choice-review.csv","individual-reason-draft","no-explicit-HOLD","直接の技術キーワード一致なし。"
"R04-G-Q13-C2","R04-G-Q13","2","no","DX-G05-005","DX-G05-005","","5.2.2","weak-lexical-review-required","explanation-text-and-question-tag-ranking","docs/research/r04-choice-review.csv","individual-reason-draft","no-explicit-HOLD","直接の技術キーワード一致なし。"
"R04-G-Q13-C3","R04-G-Q13","3","no","DX-G05-008","DX-G05-008","","5.3.3","rationale-based-provisional","explanation-keyword-and-candidate-ranking","docs/research/r04-choice-review.csv","individual-reason-draft","no-explicit-HOLD","技術キーワードを含む原説明からの仮候補。"
"R04-G-Q13-C4","R04-G-Q13","4","no","DX-G05-005","DX-G05-005","","5.2.2","weak-lexical-review-required","explanation-text-and-question-tag-ranking","docs/research/r04-choice-review.csv","individual-reason-draft","no-explicit-HOLD","直接の技術キーワード一致なし。"
"R04-G-Q13-C5","R04-G-Q13","5","yes","DX-G05-005","DX-G05-005","","5.2.2","weak-lexical-review-required","explanation-text-and-question-tag-ranking","docs/research/r04-choice-review.csv","individual-reason-draft","no-explicit-HOLD","直接の技術キーワード一致なし。"
"R04-G-Q14-C1","R04-G-Q14","1","no","DX-G04-014","DX-G04-014","","4.5.2","weak-lexical-review-required","explanation-text-and-question-tag-ranking","docs/research/r04-choice-review.csv","individual-reason-draft","no-explicit-HOLD","直接の技術キーワード一致なし。"
"R04-G-Q14-C2","R04-G-Q14","2","no","DX-G04-014","DX-G04-014","","4.5.2","weak-lexical-review-required","explanation-text-and-question-tag-ranking","docs/research/r04-choice-review.csv","individual-reason-draft","no-explicit-HOLD","直接の技術キーワード一致なし。"
"R04-G-Q14-C3","R04-G-Q14","3","no","DX-A04-012","DX-A04-012","","11.2.1","cross-chapter-review-required","explanation-keyword-and-candidate-ranking","docs/research/r04-choice-review.csv","individual-reason-draft","no-explicit-HOLD","採択済み設問索引の章G04と候補知識の章A04が不一致。"
"R04-G-Q14-C4","R04-G-Q14","4","yes","DX-G04-014","DX-G04-014","","4.5.2","weak-lexical-review-required","explanation-text-and-question-tag-ranking","docs/research/r04-choice-review.csv","individual-reason-draft","no-explicit-HOLD","直接の技術キーワード一致なし。"
"R04-G-Q14-C5","R04-G-Q14","5","no","DX-G04-003","DX-G04-003","","4.1.3","weak-lexical-review-required","explanation-text-and-question-tag-ranking","docs/research/r04-choice-review.csv","individual-reason-draft","no-explicit-HOLD","直接の技術キーワード一致なし。"
"R04-G-Q15-C1","R04-G-Q15","1","no","DX-G06-007","DX-G06-007","","6.3.1","weak-lexical-review-required","explanation-text-and-question-tag-ranking","docs/research/r04-choice-review.csv","individual-reason-draft","no-explicit-HOLD","直接の技術キーワード一致なし。"
"R04-G-Q15-C2","R04-G-Q15","2","yes","DX-G06-007","DX-G06-007","","6.3.1","weak-lexical-review-required","explanation-text-and-question-tag-ranking","docs/research/r04-choice-review.csv","individual-reason-draft","no-explicit-HOLD","直接の技術キーワード一致なし。"
"R04-G-Q15-C3","R04-G-Q15","3","no","DX-G06-007","DX-G06-007","","6.3.1","weak-lexical-review-required","explanation-text-and-question-tag-ranking","docs/research/r04-choice-review.csv","individual-reason-draft","no-explicit-HOLD","直接の技術キーワード一致なし。"
"R04-G-Q15-C4","R04-G-Q15","4","no","DX-G06-007","DX-G06-007","","6.3.1","weak-lexical-review-required","explanation-text-and-question-tag-ranking","docs/research/r04-choice-review.csv","individual-reason-draft","no-explicit-HOLD","直接の技術キーワード一致なし。"
"R04-G-Q15-C5","R04-G-Q15","5","no","DX-G06-007","DX-G06-007","","6.3.1","weak-lexical-review-required","explanation-text-and-question-tag-ranking","docs/research/r04-choice-review.csv","individual-reason-draft","no-explicit-HOLD","直接の技術キーワード一致なし。"
"R04-A-Q01-C1","R04-A-Q01","1","yes","DX-A01-001","DX-A01-001","","8.1.2","rationale-based-provisional","explanation-keyword-and-candidate-ranking","docs/research/r04-choice-review.csv","individual-reason-draft","no-explicit-HOLD","技術キーワードを含む原説明からの仮候補。"
"R04-A-Q01-C2","R04-A-Q01","2","no","DX-A01-001","DX-A01-001","","8.1.2","weak-lexical-review-required","explanation-text-and-question-tag-ranking","docs/research/r04-choice-review.csv","individual-reason-draft","no-explicit-HOLD","直接の技術キーワード一致なし。"
"R04-A-Q01-C3","R04-A-Q01","3","no","DX-A01-001","DX-A01-001","","8.1.2","weak-lexical-review-required","explanation-text-and-question-tag-ranking","docs/research/r04-choice-review.csv","individual-reason-draft","no-explicit-HOLD","直接の技術キーワード一致なし。"
"R04-A-Q01-C4","R04-A-Q01","4","no","DX-A01-001","DX-A01-001","","8.1.2","rationale-based-provisional","explanation-keyword-and-candidate-ranking","docs/research/r04-choice-review.csv","individual-reason-draft","no-explicit-HOLD","技術キーワードを含む原説明からの仮候補。"
"R04-A-Q01-C5","R04-A-Q01","5","no","DX-A01-001","DX-A01-001","","8.1.2","weak-lexical-review-required","explanation-text-and-question-tag-ranking","docs/research/r04-choice-review.csv","individual-reason-draft","no-explicit-HOLD","直接の技術キーワード一致なし。"
"R04-A-Q02-C1","R04-A-Q02","1","no","DX-A01-006","DX-A01-006","","8.3.1","rationale-based-provisional","explanation-keyword-and-candidate-ranking","docs/research/r04-choice-review.csv","individual-reason-draft","no-explicit-HOLD","技術キーワードを含む原説明からの仮候補。"
"R04-A-Q02-C2","R04-A-Q02","2","yes","DX-A01-006","DX-A01-006","","8.3.1","rationale-based-provisional","explanation-keyword-and-candidate-ranking","docs/research/r04-choice-review.csv","individual-reason-draft","no-explicit-HOLD","技術キーワードを含む原説明からの仮候補。"
"R04-A-Q02-C3","R04-A-Q02","3","no","DX-A01-006","DX-A01-006","","8.3.1","rationale-based-provisional","explanation-keyword-and-candidate-ranking","docs/research/r04-choice-review.csv","individual-reason-draft","no-explicit-HOLD","技術キーワードを含む原説明からの仮候補。"
"R04-A-Q02-C4","R04-A-Q02","4","no","DX-A01-006","DX-A01-006","","8.3.1","rationale-based-provisional","explanation-keyword-and-candidate-ranking","docs/research/r04-choice-review.csv","individual-reason-draft","no-explicit-HOLD","技術キーワードを含む原説明からの仮候補。"
"R04-A-Q02-C5","R04-A-Q02","5","no","DX-A01-006","DX-A01-006","","8.3.1","rationale-based-provisional","explanation-keyword-and-candidate-ranking","docs/research/r04-choice-review.csv","individual-reason-draft","no-explicit-HOLD","技術キーワードを含む原説明からの仮候補。"
"R04-A-Q03-C1","R04-A-Q03","1","yes","DX-A01-006","DX-A01-006","","8.3.1","rationale-based-provisional","explanation-keyword-and-candidate-ranking","docs/research/r04-choice-review.csv","individual-reason-draft","no-explicit-HOLD","技術キーワードを含む原説明からの仮候補。"
"R04-A-Q03-C2","R04-A-Q03","2","no","DX-A01-006","DX-A01-006","","8.3.1","weak-lexical-review-required","explanation-text-and-question-tag-ranking","docs/research/r04-choice-review.csv","individual-reason-draft","no-explicit-HOLD","直接の技術キーワード一致なし。"
"R04-A-Q03-C3","R04-A-Q03","3","no","DX-A01-006","DX-A01-006","","8.3.1","rationale-based-provisional","explanation-keyword-and-candidate-ranking","docs/research/r04-choice-review.csv","individual-reason-draft","no-explicit-HOLD","技術キーワードを含む原説明からの仮候補。"
"R04-A-Q03-C4","R04-A-Q03","4","no","DX-A01-006","DX-A01-006","","8.3.1","rationale-based-provisional","explanation-keyword-and-candidate-ranking","docs/research/r04-choice-review.csv","individual-reason-draft","no-explicit-HOLD","技術キーワードを含む原説明からの仮候補。"
"R04-A-Q03-C5","R04-A-Q03","5","no","DX-A01-006","DX-A01-006","","8.3.1","weak-lexical-review-required","explanation-text-and-question-tag-ranking","docs/research/r04-choice-review.csv","individual-reason-draft","no-explicit-HOLD","直接の技術キーワード一致なし。"
"R04-A-Q04-C1","R04-A-Q04","1","no","DX-A01-006","DX-A01-006","","8.3.1","weak-lexical-review-required","explanation-text-and-question-tag-ranking","docs/research/r04-choice-review.csv","individual-reason-draft","no-explicit-HOLD","直接の技術キーワード一致なし。"
"R04-A-Q04-C2","R04-A-Q04","2","yes","DX-A01-006","DX-A01-006","","8.3.1","rationale-based-provisional","explanation-keyword-and-candidate-ranking","docs/research/r04-choice-review.csv","individual-reason-draft","no-explicit-HOLD","技術キーワードを含む原説明からの仮候補。"
"R04-A-Q04-C3","R04-A-Q04","3","no","DX-A01-006","DX-A01-006","","8.3.1","rationale-based-provisional","explanation-keyword-and-candidate-ranking","docs/research/r04-choice-review.csv","individual-reason-draft","no-explicit-HOLD","技術キーワードを含む原説明からの仮候補。"
"R04-A-Q04-C4","R04-A-Q04","4","no","DX-A01-006","DX-A01-006","","8.3.1","rationale-based-provisional","explanation-keyword-and-candidate-ranking","docs/research/r04-choice-review.csv","individual-reason-draft","no-explicit-HOLD","技術キーワードを含む原説明からの仮候補。"
"R04-A-Q04-C5","R04-A-Q04","5","no","DX-A01-006","DX-A01-006","","8.3.1","weak-lexical-review-required","explanation-text-and-question-tag-ranking","docs/research/r04-choice-review.csv","individual-reason-draft","no-explicit-HOLD","直接の技術キーワード一致なし。"
"R04-A-Q05-C1","R04-A-Q05","1","no","DX-A01-008","DX-A01-008","","8.4.2","weak-lexical-review-required","explanation-text-and-question-tag-ranking","docs/research/r04-choice-review.csv","individual-reason-draft","no-explicit-HOLD","直接の技術キーワード一致なし。"
"R04-A-Q05-C2","R04-A-Q05","2","no","DX-A01-008","DX-A01-008","","8.4.2","weak-lexical-review-required","explanation-text-and-question-tag-ranking","docs/research/r04-choice-review.csv","individual-reason-draft","no-explicit-HOLD","直接の技術キーワード一致なし。"
"R04-A-Q05-C3","R04-A-Q05","3","no","DX-A01-008","DX-A01-008","","8.4.2","weak-lexical-review-required","explanation-text-and-question-tag-ranking","docs/research/r04-choice-review.csv","individual-reason-draft","no-explicit-HOLD","直接の技術キーワード一致なし。"
"R04-A-Q05-C4","R04-A-Q05","4","no","DX-A01-008","DX-A01-008","","8.4.2","weak-lexical-review-required","explanation-text-and-question-tag-ranking","docs/research/r04-choice-review.csv","individual-reason-draft","no-explicit-HOLD","直接の技術キーワード一致なし。"
"R04-A-Q05-C5","R04-A-Q05","5","yes","DX-A01-008","DX-A01-008","","8.4.2","weak-lexical-review-required","explanation-text-and-question-tag-ranking","docs/research/r04-choice-review.csv","individual-reason-draft","no-explicit-HOLD","直接の技術キーワード一致なし。"
"R04-A-Q06-C1","R04-A-Q06","1","no","DX-A01-007","DX-A01-007","","8.4.1","weak-lexical-review-required","explanation-text-and-question-tag-ranking","docs/research/r04-choice-review.csv","individual-reason-draft","no-explicit-HOLD","直接の技術キーワード一致なし。"
"R04-A-Q06-C2","R04-A-Q06","2","yes","DX-A01-007","DX-A01-007","","8.4.1","weak-lexical-review-required","explanation-text-and-question-tag-ranking","docs/research/r04-choice-review.csv","individual-reason-draft","no-explicit-HOLD","直接の技術キーワード一致なし。"
"R04-A-Q06-C3","R04-A-Q06","3","no","DX-A05-008","DX-A05-008","","12.3.2","cross-chapter-review-required","explanation-keyword-and-candidate-ranking","docs/research/r04-choice-review.csv","individual-reason-draft","no-explicit-HOLD","採択済み設問索引の章A01と候補知識の章A05が不一致。"
"R04-A-Q06-C4","R04-A-Q06","4","no","DX-A01-007","DX-A01-007","","8.4.1","weak-lexical-review-required","explanation-text-and-question-tag-ranking","docs/research/r04-choice-review.csv","individual-reason-draft","no-explicit-HOLD","直接の技術キーワード一致なし。"
"R04-A-Q06-C5","R04-A-Q06","5","no","DX-A01-008","DX-A01-008","","8.4.2","rationale-based-provisional","explanation-keyword-and-candidate-ranking","docs/research/r04-choice-review.csv","individual-reason-draft","no-explicit-HOLD","技術キーワードを含む原説明からの仮候補。"
"R04-A-Q07-C1","R04-A-Q07","1","no","DX-A01-007","DX-A01-007","DX-A01-014","8.4.1","rationale-based-provisional","explanation-keyword-and-candidate-ranking","docs/research/r04-choice-review.csv","drive-exam-page-visual-rationale-draft","HOLD","技術キーワードを含む原説明からの仮候補。"
"R04-A-Q07-C2","R04-A-Q07","2","yes","DX-A01-007","DX-A01-007","","8.4.1","rationale-based-provisional","explanation-keyword-and-candidate-ranking","docs/research/r04-choice-review.csv","drive-exam-page-visual-rationale-draft","HOLD","技術キーワードを含む原説明からの仮候補。"
"R04-A-Q07-C3","R04-A-Q07","3","no","DX-A01-007","DX-A01-007","","8.4.1","rationale-based-provisional","explanation-keyword-and-candidate-ranking","docs/research/r04-choice-review.csv","drive-exam-page-visual-rationale-draft","HOLD","技術キーワードを含む原説明からの仮候補。"
"R04-A-Q07-C4","R04-A-Q07","4","no","DX-A01-014","DX-A01-014","","8.6.3","rationale-based-provisional","explanation-keyword-and-candidate-ranking","docs/research/r04-choice-review.csv","drive-exam-page-visual-rationale-draft","HOLD","技術キーワードを含む原説明からの仮候補。"
"R04-A-Q07-C5","R04-A-Q07","5","no","DX-A01-007","DX-A01-007","","8.4.1","weak-lexical-review-required","explanation-text-and-question-tag-ranking","docs/research/r04-choice-review.csv","drive-exam-page-visual-rationale-draft","HOLD","直接の技術キーワード一致なし。"
"R04-A-Q08-C1","R04-A-Q08","1","no","DX-A02-014","DX-A02-014","","9.2.2","rationale-based-provisional","explanation-keyword-and-candidate-ranking","docs/research/r04-choice-review.csv","individual-reason-draft","no-explicit-HOLD","技術キーワードを含む原説明からの仮候補。"
"R04-A-Q08-C2","R04-A-Q08","2","yes","DX-A02-014","DX-A02-014","","9.2.2","weak-lexical-review-required","explanation-text-and-question-tag-ranking","docs/research/r04-choice-review.csv","individual-reason-draft","no-explicit-HOLD","直接の技術キーワード一致なし。"
"R04-A-Q08-C3","R04-A-Q08","3","no","DX-A02-014","DX-A02-014","","9.2.2","weak-lexical-review-required","explanation-text-and-question-tag-ranking","docs/research/r04-choice-review.csv","individual-reason-draft","no-explicit-HOLD","直接の技術キーワード一致なし。"
"R04-A-Q08-C4","R04-A-Q08","4","no","DX-A02-014","DX-A02-014","","9.2.2","weak-lexical-review-required","explanation-text-and-question-tag-ranking","docs/research/r04-choice-review.csv","individual-reason-draft","no-explicit-HOLD","直接の技術キーワード一致なし。"
"R04-A-Q08-C5","R04-A-Q08","5","no","DX-A02-014","DX-A02-014","","9.2.2","weak-lexical-review-required","explanation-text-and-question-tag-ranking","docs/research/r04-choice-review.csv","individual-reason-draft","no-explicit-HOLD","直接の技術キーワード一致なし。"
"R04-A-Q09-C1","R04-A-Q09","1","no","DX-A02-015","DX-A02-015","","9.2.2","rationale-based-provisional","explanation-keyword-and-candidate-ranking","docs/research/r04-choice-review.csv","individual-reason-draft","no-explicit-HOLD","技術キーワードを含む原説明からの仮候補。"
"R04-A-Q09-C2","R04-A-Q09","2","no","DX-A02-015","DX-A02-015","","9.2.2","weak-lexical-review-required","explanation-text-and-question-tag-ranking","docs/research/r04-choice-review.csv","individual-reason-draft","no-explicit-HOLD","直接の技術キーワード一致なし。"
"R04-A-Q09-C3","R04-A-Q09","3","no","DX-A02-016","DX-A02-016","","9.2.2","rationale-based-provisional","explanation-keyword-and-candidate-ranking","docs/research/r04-choice-review.csv","individual-reason-draft","no-explicit-HOLD","技術キーワードを含む原説明からの仮候補。"
"R04-A-Q09-C4","R04-A-Q09","4","yes","DX-A02-015","DX-A02-015","","9.2.2","weak-lexical-review-required","explanation-text-and-question-tag-ranking","docs/research/r04-choice-review.csv","individual-reason-draft","no-explicit-HOLD","直接の技術キーワード一致なし。"
"R04-A-Q09-C5","R04-A-Q09","5","no","DX-G05-005","DX-G05-005","","5.2.2","cross-chapter-review-required","explanation-keyword-and-candidate-ranking","docs/research/r04-choice-review.csv","individual-reason-draft","no-explicit-HOLD","採択済み設問索引の章A02と候補知識の章G05が不一致。"
"R04-A-Q10-C1","R04-A-Q10","1","yes","DX-A02-014","DX-A02-014","","9.2.2","rationale-based-provisional","explanation-keyword-and-candidate-ranking","docs/research/r04-choice-review.csv","individual-reason-draft","no-explicit-HOLD","技術キーワードを含む原説明からの仮候補。"
"R04-A-Q10-C2","R04-A-Q10","2","no","DX-A02-016","DX-A02-016","","9.2.2","weak-lexical-review-required","explanation-text-and-question-tag-ranking","docs/research/r04-choice-review.csv","individual-reason-draft","no-explicit-HOLD","直接の技術キーワード一致なし。"
"R04-A-Q10-C3","R04-A-Q10","3","no","DX-A02-016","DX-A02-016","","9.2.2","rationale-based-provisional","explanation-keyword-and-candidate-ranking","docs/research/r04-choice-review.csv","individual-reason-draft","no-explicit-HOLD","技術キーワードを含む原説明からの仮候補。"
"R04-A-Q10-C4","R04-A-Q10","4","no","DX-A02-016","DX-A02-016","","9.2.2","rationale-based-provisional","explanation-keyword-and-candidate-ranking","docs/research/r04-choice-review.csv","individual-reason-draft","no-explicit-HOLD","技術キーワードを含む原説明からの仮候補。"
"R04-A-Q10-C5","R04-A-Q10","5","no","DX-A02-016","DX-A02-016","","9.2.2","weak-lexical-review-required","explanation-text-and-question-tag-ranking","docs/research/r04-choice-review.csv","individual-reason-draft","no-explicit-HOLD","直接の技術キーワード一致なし。"
"R04-A-Q11-C1","R04-A-Q11","1","no","DX-A02-017","DX-A02-017","","9.3.1","weak-lexical-review-required","explanation-text-and-question-tag-ranking","docs/research/r04-choice-review.csv","individual-reason-draft","no-explicit-HOLD","直接の技術キーワード一致なし。"
"R04-A-Q11-C2","R04-A-Q11","2","yes","DX-A02-017","DX-A02-017","","9.3.1","weak-lexical-review-required","explanation-text-and-question-tag-ranking","docs/research/r04-choice-review.csv","individual-reason-draft","no-explicit-HOLD","直接の技術キーワード一致なし。"
"R04-A-Q11-C3","R04-A-Q11","3","no","DX-A02-017","DX-A02-017","","9.3.1","weak-lexical-review-required","explanation-text-and-question-tag-ranking","docs/research/r04-choice-review.csv","individual-reason-draft","no-explicit-HOLD","直接の技術キーワード一致なし。"
"R04-A-Q11-C4","R04-A-Q11","4","no","DX-A02-017","DX-A02-017","","9.3.1","weak-lexical-review-required","explanation-text-and-question-tag-ranking","docs/research/r04-choice-review.csv","individual-reason-draft","no-explicit-HOLD","直接の技術キーワード一致なし。"
"R04-A-Q11-C5","R04-A-Q11","5","no","DX-A02-017","DX-A02-017","","9.3.1","weak-lexical-review-required","explanation-text-and-question-tag-ranking","docs/research/r04-choice-review.csv","individual-reason-draft","no-explicit-HOLD","直接の技術キーワード一致なし。"
"R04-A-Q12-C1","R04-A-Q12","1","no","DX-A02-017","DX-A02-017","","9.3.1","weak-lexical-review-required","explanation-text-and-question-tag-ranking","docs/research/r04-choice-review.csv","individual-reason-draft","no-explicit-HOLD","直接の技術キーワード一致なし。"
"R04-A-Q12-C2","R04-A-Q12","2","no","DX-A02-017","DX-A02-017","","9.3.1","weak-lexical-review-required","explanation-text-and-question-tag-ranking","docs/research/r04-choice-review.csv","individual-reason-draft","no-explicit-HOLD","直接の技術キーワード一致なし。"
"R04-A-Q12-C3","R04-A-Q12","3","yes","DX-G05-005","DX-G05-005","DX-G05-007","5.2.2","cross-chapter-review-required","explanation-keyword-and-candidate-ranking","docs/research/r04-choice-review.csv","individual-reason-draft","no-explicit-HOLD","採択済み設問索引の章A02と候補知識の章G05が不一致。"
"R04-A-Q12-C4","R04-A-Q12","4","no","DX-A02-017","DX-A02-017","","9.3.1","weak-lexical-review-required","explanation-text-and-question-tag-ranking","docs/research/r04-choice-review.csv","individual-reason-draft","no-explicit-HOLD","直接の技術キーワード一致なし。"
"R04-A-Q12-C5","R04-A-Q12","5","no","DX-A02-017","DX-A02-017","","9.3.1","weak-lexical-review-required","explanation-text-and-question-tag-ranking","docs/research/r04-choice-review.csv","individual-reason-draft","no-explicit-HOLD","直接の技術キーワード一致なし。"
"R04-A-Q13-C1","R04-A-Q13","1","no","DX-A03-001","DX-A03-001","","10.1.1","weak-lexical-review-required","explanation-text-and-question-tag-ranking","docs/research/r04-choice-review.csv","individual-reason-draft","no-explicit-HOLD","直接の技術キーワード一致なし。"
"R04-A-Q13-C2","R04-A-Q13","2","no","DX-G04-007","DX-G04-007","","4.3.3","cross-chapter-review-required","explanation-keyword-and-candidate-ranking","docs/research/r04-choice-review.csv","individual-reason-draft","no-explicit-HOLD","採択済み設問索引の章A03と候補知識の章G04が不一致。"
"R04-A-Q13-C3","R04-A-Q13","3","yes","DX-G04-007","DX-G04-007","","4.3.3","cross-chapter-review-required","explanation-keyword-and-candidate-ranking","docs/research/r04-choice-review.csv","individual-reason-draft","no-explicit-HOLD","採択済み設問索引の章A03と候補知識の章G04が不一致。"
"R04-A-Q13-C4","R04-A-Q13","4","no","DX-A03-001","DX-A03-001","","10.1.1","weak-lexical-review-required","explanation-text-and-question-tag-ranking","docs/research/r04-choice-review.csv","individual-reason-draft","no-explicit-HOLD","直接の技術キーワード一致なし。"
"R04-A-Q13-C5","R04-A-Q13","5","no","DX-A03-001","DX-A03-001","","10.1.1","weak-lexical-review-required","explanation-text-and-question-tag-ranking","docs/research/r04-choice-review.csv","individual-reason-draft","no-explicit-HOLD","直接の技術キーワード一致なし。"
"R04-A-Q14-C1","R04-A-Q14","1","yes","DX-A01-007","DX-A01-007","","8.4.1","cross-chapter-review-required","explanation-keyword-and-candidate-ranking","docs/research/r04-choice-review.csv","individual-reason-draft","no-explicit-HOLD","採択済み設問索引の章A03と候補知識の章A01が不一致。"
"R04-A-Q14-C2","R04-A-Q14","2","no","DX-A03-005","DX-A03-005","","10.2.2","weak-lexical-review-required","explanation-text-and-question-tag-ranking","docs/research/r04-choice-review.csv","individual-reason-draft","no-explicit-HOLD","直接の技術キーワード一致なし。"
"R04-A-Q14-C3","R04-A-Q14","3","no","DX-A03-005","DX-A03-005","","10.2.2","weak-lexical-review-required","explanation-text-and-question-tag-ranking","docs/research/r04-choice-review.csv","individual-reason-draft","no-explicit-HOLD","直接の技術キーワード一致なし。"
"R04-A-Q14-C4","R04-A-Q14","4","no","DX-A03-005","DX-A03-005","","10.2.2","weak-lexical-review-required","explanation-text-and-question-tag-ranking","docs/research/r04-choice-review.csv","individual-reason-draft","no-explicit-HOLD","直接の技術キーワード一致なし。"
"R04-A-Q14-C5","R04-A-Q14","5","no","DX-A03-005","DX-A03-005","","10.2.2","weak-lexical-review-required","explanation-text-and-question-tag-ranking","docs/research/r04-choice-review.csv","individual-reason-draft","no-explicit-HOLD","直接の技術キーワード一致なし。"
"R04-A-Q15-C1","R04-A-Q15","1","no","DX-A04-012","DX-A04-012","","11.2.1","rationale-based-provisional","explanation-keyword-and-candidate-ranking","docs/research/r04-choice-review.csv","drive-exam-page-visual-rationale-draft","HOLD","技術キーワードを含む原説明からの仮候補。"
"R04-A-Q15-C2","R04-A-Q15","2","no","DX-A04-012","DX-A04-012","","11.2.1","rationale-based-provisional","explanation-keyword-and-candidate-ranking","docs/research/r04-choice-review.csv","drive-exam-page-visual-rationale-draft","HOLD","技術キーワードを含む原説明からの仮候補。"
"R04-A-Q15-C3","R04-A-Q15","3","yes","DX-A04-012","DX-A04-012","","11.2.1","rationale-based-provisional","explanation-keyword-and-candidate-ranking","docs/research/r04-choice-review.csv","drive-exam-page-visual-rationale-draft","HOLD","技術キーワードを含む原説明からの仮候補。"
"R04-A-Q15-C4","R04-A-Q15","4","no","DX-A04-012","DX-A04-012","","11.2.1","rationale-based-provisional","explanation-keyword-and-candidate-ranking","docs/research/r04-choice-review.csv","drive-exam-page-visual-rationale-draft","HOLD","技術キーワードを含む原説明からの仮候補。"
"R04-A-Q15-C5","R04-A-Q15","5","no","DX-A04-012","DX-A04-012","","11.2.1","rationale-based-provisional","explanation-keyword-and-candidate-ranking","docs/research/r04-choice-review.csv","drive-exam-page-visual-rationale-draft","HOLD","技術キーワードを含む原説明からの仮候補。"
"R04-A-Q16-C1","R04-A-Q16","1","no","DX-A04-017","DX-A04-017","","11.2.3","rationale-based-provisional","explanation-keyword-and-candidate-ranking","docs/research/r04-choice-review.csv","drive-exam-page-visual-rationale-draft","HOLD","技術キーワードを含む原説明からの仮候補。"
"R04-A-Q16-C2","R04-A-Q16","2","no","DX-A04-017","DX-A04-017","","11.2.3","rationale-based-provisional","explanation-keyword-and-candidate-ranking","docs/research/r04-choice-review.csv","drive-exam-page-visual-rationale-draft","HOLD","技術キーワードを含む原説明からの仮候補。"
"R04-A-Q16-C3","R04-A-Q16","3","no","DX-A04-017","DX-A04-017","","11.2.3","rationale-based-provisional","explanation-keyword-and-candidate-ranking","docs/research/r04-choice-review.csv","drive-exam-page-visual-rationale-draft","HOLD","技術キーワードを含む原説明からの仮候補。"
"R04-A-Q16-C4","R04-A-Q16","4","yes","DX-A04-017","DX-A04-017","","11.2.3","rationale-based-provisional","explanation-keyword-and-candidate-ranking","docs/research/r04-choice-review.csv","drive-exam-page-visual-rationale-draft","HOLD","技術キーワードを含む原説明からの仮候補。"
"R04-A-Q16-C5","R04-A-Q16","5","no","DX-G05-008","DX-G05-008","","5.3.3","cross-chapter-review-required","explanation-keyword-and-candidate-ranking","docs/research/r04-choice-review.csv","drive-exam-page-visual-rationale-draft","HOLD","採択済み設問索引の章A04と候補知識の章G05が不一致。"
"R04-A-Q17-C1","R04-A-Q17","1","no","DX-A05-008","DX-A05-008","","12.3.2","weak-lexical-review-required","explanation-text-and-question-tag-ranking","docs/research/r04-choice-review.csv","individual-reason-draft","no-explicit-HOLD","直接の技術キーワード一致なし。"
"R04-A-Q17-C2","R04-A-Q17","2","no","DX-A05-008","DX-A05-008","","12.3.2","weak-lexical-review-required","explanation-text-and-question-tag-ranking","docs/research/r04-choice-review.csv","individual-reason-draft","no-explicit-HOLD","直接の技術キーワード一致なし。"
"R04-A-Q17-C3","R04-A-Q17","3","yes","DX-A05-008","DX-A05-008","","12.3.2","rationale-based-provisional","explanation-keyword-and-candidate-ranking","docs/research/r04-choice-review.csv","individual-reason-draft","no-explicit-HOLD","技術キーワードを含む原説明からの仮候補。"
"R04-A-Q17-C4","R04-A-Q17","4","no","DX-A01-007","DX-A01-007","","8.4.1","cross-chapter-review-required","explanation-keyword-and-candidate-ranking","docs/research/r04-choice-review.csv","individual-reason-draft","no-explicit-HOLD","採択済み設問索引の章A05と候補知識の章A01が不一致。"
"R04-A-Q17-C5","R04-A-Q17","5","no","DX-A05-008","DX-A05-008","","12.3.2","rationale-based-provisional","explanation-keyword-and-candidate-ranking","docs/research/r04-choice-review.csv","individual-reason-draft","no-explicit-HOLD","技術キーワードを含む原説明からの仮候補。"
"R04-A-Q18-C1","R04-A-Q18","1","no","DX-A05-007","DX-A05-007","","12.3.1","weak-lexical-review-required","explanation-text-and-question-tag-ranking","docs/research/r04-choice-review.csv","individual-reason-draft","no-explicit-HOLD","直接の技術キーワード一致なし。"
"R04-A-Q18-C2","R04-A-Q18","2","no","DX-A05-007","DX-A05-007","","12.3.1","rationale-based-provisional","explanation-keyword-and-candidate-ranking","docs/research/r04-choice-review.csv","individual-reason-draft","no-explicit-HOLD","技術キーワードを含む原説明からの仮候補。"
"R04-A-Q18-C3","R04-A-Q18","3","yes","DX-A05-007","DX-A05-007","","12.3.1","weak-lexical-review-required","explanation-text-and-question-tag-ranking","docs/research/r04-choice-review.csv","individual-reason-draft","no-explicit-HOLD","直接の技術キーワード一致なし。"
"R04-A-Q18-C4","R04-A-Q18","4","no","DX-A05-007","DX-A05-007","","12.3.1","rationale-based-provisional","explanation-keyword-and-candidate-ranking","docs/research/r04-choice-review.csv","individual-reason-draft","no-explicit-HOLD","技術キーワードを含む原説明からの仮候補。"
"R04-A-Q18-C5","R04-A-Q18","5","no","DX-A05-007","DX-A05-007","","12.3.1","weak-lexical-review-required","explanation-text-and-question-tag-ranking","docs/research/r04-choice-review.csv","individual-reason-draft","no-explicit-HOLD","直接の技術キーワード一致なし。"
"R04-A-Q19-C1","R04-A-Q19","1","no","DX-A05-008","DX-A05-008","","12.3.2","weak-lexical-review-required","explanation-text-and-question-tag-ranking","docs/research/r04-choice-review.csv","individual-reason-draft","no-explicit-HOLD","直接の技術キーワード一致なし。"
"R04-A-Q19-C2","R04-A-Q19","2","no","DX-A05-016","DX-A05-016","","12.6.1","rationale-based-provisional","explanation-keyword-and-candidate-ranking","docs/research/r04-choice-review.csv","individual-reason-draft","no-explicit-HOLD","技術キーワードを含む原説明からの仮候補。"
"R04-A-Q19-C3","R04-A-Q19","3","no","DX-A05-009","DX-A05-009","","12.3.3","rationale-based-provisional","explanation-keyword-and-candidate-ranking","docs/research/r04-choice-review.csv","individual-reason-draft","no-explicit-HOLD","技術キーワードを含む原説明からの仮候補。"
"R04-A-Q19-C4","R04-A-Q19","4","no","DX-A05-007","DX-A05-007","","12.3.1","rationale-based-provisional","explanation-keyword-and-candidate-ranking","docs/research/r04-choice-review.csv","individual-reason-draft","no-explicit-HOLD","技術キーワードを含む原説明からの仮候補。"
"R04-A-Q19-C5","R04-A-Q19","5","yes","DX-A05-008","DX-A05-008","DX-A05-009","12.3.2","rationale-based-provisional","explanation-keyword-and-candidate-ranking","docs/research/r04-choice-review.csv","individual-reason-draft","no-explicit-HOLD","技術キーワードを含む原説明からの仮候補。"
"R04-A-Q20-C1","R04-A-Q20","1","no","DX-A05-011","DX-A05-011","","12.4.2","weak-lexical-review-required","explanation-text-and-question-tag-ranking","docs/research/r04-choice-review.csv","drive-exam-page-visual-rationale-draft","HOLD","直接の技術キーワード一致なし。"
"R04-A-Q20-C2","R04-A-Q20","2","no","DX-A05-011","DX-A05-011","","12.4.2","rationale-based-provisional","explanation-keyword-and-candidate-ranking","docs/research/r04-choice-review.csv","drive-exam-page-visual-rationale-draft","HOLD","技術キーワードを含む原説明からの仮候補。"
"R04-A-Q20-C3","R04-A-Q20","3","yes","DX-A05-011","DX-A05-011","","12.4.2","rationale-based-provisional","explanation-keyword-and-candidate-ranking","docs/research/r04-choice-review.csv","drive-exam-page-visual-rationale-draft","HOLD","技術キーワードを含む原説明からの仮候補。"
"R04-A-Q20-C4","R04-A-Q20","4","no","DX-A05-012","DX-A05-012","","12.4.3","weak-lexical-review-required","explanation-text-and-question-tag-ranking","docs/research/r04-choice-review.csv","drive-exam-page-visual-rationale-draft","HOLD","直接の技術キーワード一致なし。"
"R04-A-Q20-C5","R04-A-Q20","5","no","DX-A05-012","DX-A05-012","DX-A05-009","12.4.3","rationale-based-provisional","explanation-keyword-and-candidate-ranking","docs/research/r04-choice-review.csv","drive-exam-page-visual-rationale-draft","HOLD","技術キーワードを含む原説明からの仮候補。"
"R04-A-Q21-C1","R04-A-Q21","1","no","DX-A05-014","DX-A05-014","","12.5.2","weak-lexical-review-required","explanation-text-and-question-tag-ranking","docs/research/r04-choice-review.csv","individual-reason-draft","no-explicit-HOLD","直接の技術キーワード一致なし。"
"R04-A-Q21-C2","R04-A-Q21","2","yes","DX-A05-014","DX-A05-014","","12.5.2","weak-lexical-review-required","explanation-text-and-question-tag-ranking","docs/research/r04-choice-review.csv","individual-reason-draft","no-explicit-HOLD","直接の技術キーワード一致なし。"
"R04-A-Q21-C3","R04-A-Q21","3","no","DX-A05-014","DX-A05-014","","12.5.2","weak-lexical-review-required","explanation-text-and-question-tag-ranking","docs/research/r04-choice-review.csv","individual-reason-draft","no-explicit-HOLD","直接の技術キーワード一致なし。"
"R04-A-Q21-C4","R04-A-Q21","4","no","DX-A05-014","DX-A05-014","","12.5.2","weak-lexical-review-required","explanation-text-and-question-tag-ranking","docs/research/r04-choice-review.csv","individual-reason-draft","no-explicit-HOLD","直接の技術キーワード一致なし。"
"R04-A-Q21-C5","R04-A-Q21","5","no","DX-A05-014","DX-A05-014","","12.5.2","weak-lexical-review-required","explanation-text-and-question-tag-ranking","docs/research/r04-choice-review.csv","individual-reason-draft","no-explicit-HOLD","直接の技術キーワード一致なし。"
"R04-A-Q22-C1","R04-A-Q22","1","no","DX-A05-014","DX-A05-014","","12.5.2","weak-lexical-review-required","explanation-text-and-question-tag-ranking","docs/research/r04-choice-review.csv","individual-reason-draft","no-explicit-HOLD","直接の技術キーワード一致なし。"
"R04-A-Q22-C2","R04-A-Q22","2","no","DX-A05-014","DX-A05-014","","12.5.2","weak-lexical-review-required","explanation-text-and-question-tag-ranking","docs/research/r04-choice-review.csv","individual-reason-draft","no-explicit-HOLD","直接の技術キーワード一致なし。"
"R04-A-Q22-C3","R04-A-Q22","3","yes","DX-A05-014","DX-A05-014","","12.5.2","weak-lexical-review-required","explanation-text-and-question-tag-ranking","docs/research/r04-choice-review.csv","individual-reason-draft","no-explicit-HOLD","直接の技術キーワード一致なし。"
"R04-A-Q22-C4","R04-A-Q22","4","no","DX-A05-014","DX-A05-014","","12.5.2","weak-lexical-review-required","explanation-text-and-question-tag-ranking","docs/research/r04-choice-review.csv","individual-reason-draft","no-explicit-HOLD","直接の技術キーワード一致なし。"
"R04-A-Q22-C5","R04-A-Q22","5","no","DX-A05-014","DX-A05-014","","12.5.2","weak-lexical-review-required","explanation-text-and-question-tag-ranking","docs/research/r04-choice-review.csv","individual-reason-draft","no-explicit-HOLD","直接の技術キーワード一致なし。"
"R04-A-Q23-C1","R04-A-Q23","1","no","DX-A05-014","DX-A05-014","","12.5.2","weak-lexical-review-required","explanation-text-and-question-tag-ranking","docs/research/r04-choice-review.csv","individual-reason-draft","no-explicit-HOLD","直接の技術キーワード一致なし。"
"R04-A-Q23-C2","R04-A-Q23","2","no","DX-A05-014","DX-A05-014","","12.5.2","weak-lexical-review-required","explanation-text-and-question-tag-ranking","docs/research/r04-choice-review.csv","individual-reason-draft","no-explicit-HOLD","直接の技術キーワード一致なし。"
"R04-A-Q23-C3","R04-A-Q23","3","no","DX-A05-014","DX-A05-014","","12.5.2","weak-lexical-review-required","explanation-text-and-question-tag-ranking","docs/research/r04-choice-review.csv","individual-reason-draft","no-explicit-HOLD","直接の技術キーワード一致なし。"
"R04-A-Q23-C4","R04-A-Q23","4","yes","DX-A05-014","DX-A05-014","","12.5.2","weak-lexical-review-required","explanation-text-and-question-tag-ranking","docs/research/r04-choice-review.csv","individual-reason-draft","no-explicit-HOLD","直接の技術キーワード一致なし。"
"R04-A-Q23-C5","R04-A-Q23","5","no","DX-A05-014","DX-A05-014","","12.5.2","weak-lexical-review-required","explanation-text-and-question-tag-ranking","docs/research/r04-choice-review.csv","individual-reason-draft","no-explicit-HOLD","直接の技術キーワード一致なし。"
"R04-A-Q24-C1","R04-A-Q24","1","no","DX-A05-009","DX-A05-009","","12.3.3","weak-lexical-review-required","explanation-text-and-question-tag-ranking","docs/research/r04-choice-review.csv","individual-reason-draft","no-explicit-HOLD","直接の技術キーワード一致なし。"
"R04-A-Q24-C2","R04-A-Q24","2","no","DX-A05-009","DX-A05-009","","12.3.3","weak-lexical-review-required","explanation-text-and-question-tag-ranking","docs/research/r04-choice-review.csv","individual-reason-draft","no-explicit-HOLD","直接の技術キーワード一致なし。"
"R04-A-Q24-C3","R04-A-Q24","3","no","DX-A05-009","DX-A05-009","","12.3.3","weak-lexical-review-required","explanation-text-and-question-tag-ranking","docs/research/r04-choice-review.csv","individual-reason-draft","no-explicit-HOLD","直接の技術キーワード一致なし。"
"R04-A-Q24-C4","R04-A-Q24","4","no","DX-A05-009","DX-A05-009","","12.3.3","weak-lexical-review-required","explanation-text-and-question-tag-ranking","docs/research/r04-choice-review.csv","individual-reason-draft","no-explicit-HOLD","直接の技術キーワード一致なし。"
"R04-A-Q24-C5","R04-A-Q24","5","yes","DX-A05-009","DX-A05-009","","12.3.3","weak-lexical-review-required","explanation-text-and-question-tag-ranking","docs/research/r04-choice-review.csv","individual-reason-draft","no-explicit-HOLD","直接の技術キーワード一致なし。"
"R04-A-Q25-C1","R04-A-Q25","1","no","DX-A05-007","DX-A05-007","DX-A05-009","12.3.1","rationale-based-provisional","explanation-keyword-and-candidate-ranking","docs/research/r04-choice-review.csv","individual-reason-draft","no-explicit-HOLD","技術キーワードを含む原説明からの仮候補。"
"R04-A-Q25-C2","R04-A-Q25","2","no","DX-A05-016","DX-A05-016","","12.6.1","weak-lexical-review-required","explanation-text-and-question-tag-ranking","docs/research/r04-choice-review.csv","individual-reason-draft","no-explicit-HOLD","直接の技術キーワード一致なし。"
"R04-A-Q25-C3","R04-A-Q25","3","no","DX-A05-016","DX-A05-016","","12.6.1","rationale-based-provisional","explanation-keyword-and-candidate-ranking","docs/research/r04-choice-review.csv","individual-reason-draft","no-explicit-HOLD","技術キーワードを含む原説明からの仮候補。"
"R04-A-Q25-C4","R04-A-Q25","4","no","DX-A05-016","DX-A05-016","","12.6.1","weak-lexical-review-required","explanation-text-and-question-tag-ranking","docs/research/r04-choice-review.csv","individual-reason-draft","no-explicit-HOLD","直接の技術キーワード一致なし。"
"R04-A-Q25-C5","R04-A-Q25","5","yes","DX-A05-007","DX-A05-007","","12.3.1","weak-lexical-review-required","explanation-text-and-question-tag-ranking","docs/research/r04-choice-review.csv","individual-reason-draft","no-explicit-HOLD","直接の技術キーワード一致なし。"
"R05-G-Q01-C1","R05-G-Q01","1","no","DX-G01-010","DX-G01-010","","1.3.4","rationale-based-provisional","explanation-text-and-question-tag-ranking","docs/research/r05-choice-review.csv","individual-reason-draft","no-explicit-HOLD","直接の技術キーワード一致なし。"
"R05-G-Q01-C2","R05-G-Q01","2","no","DX-G01-010","DX-G01-010","","1.3.4","weak-lexical-review-required","explanation-text-and-question-tag-ranking","docs/research/r05-choice-review.csv","individual-reason-draft","no-explicit-HOLD","直接の技術キーワード一致なし。"
"R05-G-Q01-C3","R05-G-Q01","3","yes","DX-G01-010","DX-G01-010","","1.3.4","weak-lexical-review-required","explanation-text-and-question-tag-ranking","docs/research/r05-choice-review.csv","individual-reason-draft","no-explicit-HOLD","直接の技術キーワード一致なし。"
"R05-G-Q01-C4","R05-G-Q01","4","no","DX-G01-010","DX-G01-010","","1.3.4","rationale-based-provisional","explanation-text-and-question-tag-ranking","docs/research/r05-choice-review.csv","individual-reason-draft","no-explicit-HOLD","直接の技術キーワード一致なし。"
"R05-G-Q01-C5","R05-G-Q01","5","no","DX-G01-010","DX-G01-010","","1.3.4","weak-lexical-review-required","explanation-text-and-question-tag-ranking","docs/research/r05-choice-review.csv","individual-reason-draft","no-explicit-HOLD","直接の技術キーワード一致なし。"
"R05-G-Q02-C1","R05-G-Q02","1","no","DX-G01-001","DX-G01-001","","1.1.1","weak-lexical-review-required","explanation-text-and-question-tag-ranking","docs/research/r05-choice-review.csv","drive-exam-page-visual-rationale-draft","HOLD","直接の技術キーワード一致なし。"
"R05-G-Q02-C2","R05-G-Q02","2","no","DX-G01-001","DX-G01-001","","1.1.1","weak-lexical-review-required","explanation-text-and-question-tag-ranking","docs/research/r05-choice-review.csv","drive-exam-page-visual-rationale-draft","HOLD","直接の技術キーワード一致なし。"
"R05-G-Q02-C3","R05-G-Q02","3","no","DX-G01-001","DX-G01-001","","1.1.1","weak-lexical-review-required","explanation-text-and-question-tag-ranking","docs/research/r05-choice-review.csv","drive-exam-page-visual-rationale-draft","HOLD","直接の技術キーワード一致なし。"
"R05-G-Q02-C4","R05-G-Q02","4","no","DX-G01-001","DX-G01-001","","1.1.1","weak-lexical-review-required","explanation-text-and-question-tag-ranking","docs/research/r05-choice-review.csv","drive-exam-page-visual-rationale-draft","HOLD","直接の技術キーワード一致なし。"
"R05-G-Q02-C5","R05-G-Q02","5","yes","DX-G01-001","DX-G01-001","","1.1.1","weak-lexical-review-required","explanation-text-and-question-tag-ranking","docs/research/r05-choice-review.csv","drive-exam-page-visual-rationale-draft","HOLD","直接の技術キーワード一致なし。"
"R05-G-Q03-C1","R05-G-Q03","1","yes","DX-G01-017","DX-G01-017","","1.5.3","weak-lexical-review-required","explanation-text-and-question-tag-ranking","docs/research/r05-choice-review.csv","individual-reason-draft","no-explicit-HOLD","直接の技術キーワード一致なし。"
"R05-G-Q03-C2","R05-G-Q03","2","no","DX-G01-017","DX-G01-017","","1.5.3","weak-lexical-review-required","explanation-text-and-question-tag-ranking","docs/research/r05-choice-review.csv","individual-reason-draft","no-explicit-HOLD","直接の技術キーワード一致なし。"
"R05-G-Q03-C3","R05-G-Q03","3","no","DX-G01-017","DX-G01-017","","1.5.3","weak-lexical-review-required","explanation-text-and-question-tag-ranking","docs/research/r05-choice-review.csv","individual-reason-draft","no-explicit-HOLD","直接の技術キーワード一致なし。"
"R05-G-Q03-C4","R05-G-Q03","4","no","DX-G01-017","DX-G01-017","","1.5.3","weak-lexical-review-required","explanation-text-and-question-tag-ranking","docs/research/r05-choice-review.csv","individual-reason-draft","no-explicit-HOLD","直接の技術キーワード一致なし。"
"R05-G-Q03-C5","R05-G-Q03","5","no","DX-G01-017","DX-G01-017","","1.5.3","weak-lexical-review-required","explanation-text-and-question-tag-ranking","docs/research/r05-choice-review.csv","individual-reason-draft","no-explicit-HOLD","直接の技術キーワード一致なし。"
"R05-G-Q04-C1","R05-G-Q04","1","no","DX-G01-019","DX-G01-019","","1.6.1","rationale-based-provisional","explanation-text-and-question-tag-ranking","docs/research/r05-choice-review.csv","drive-exam-page-visual-rationale-draft","HOLD","直接の技術キーワード一致なし。"
"R05-G-Q04-C2","R05-G-Q04","2","no","DX-G01-019","DX-G01-019","","1.6.1","weak-lexical-review-required","explanation-text-and-question-tag-ranking","docs/research/r05-choice-review.csv","drive-exam-page-visual-rationale-draft","HOLD","直接の技術キーワード一致なし。"
"R05-G-Q04-C3","R05-G-Q04","3","no","DX-G01-019","DX-G01-019","","1.6.1","weak-lexical-review-required","explanation-text-and-question-tag-ranking","docs/research/r05-choice-review.csv","drive-exam-page-visual-rationale-draft","HOLD","直接の技術キーワード一致なし。"
"R05-G-Q04-C4","R05-G-Q04","4","no","DX-G01-019","DX-G01-019","","1.6.1","weak-lexical-review-required","explanation-text-and-question-tag-ranking","docs/research/r05-choice-review.csv","drive-exam-page-visual-rationale-draft","HOLD","直接の技術キーワード一致なし。"
"R05-G-Q04-C5","R05-G-Q04","5","yes","DX-G01-019","DX-G01-019","","1.6.1","rationale-based-provisional","explanation-text-and-question-tag-ranking","docs/research/r05-choice-review.csv","drive-exam-page-visual-rationale-draft","HOLD","直接の技術キーワード一致なし。"
"R05-G-Q05-C1","R05-G-Q05","1","no","DX-A02-014","DX-A02-014","","9.2.2","cross-chapter-review-required","explanation-keyword-and-candidate-ranking","docs/research/r05-choice-review.csv","individual-reason-draft","no-explicit-HOLD","採択済み設問索引の章G01と候補知識の章A02が不一致。"
"R05-G-Q05-C2","R05-G-Q05","2","no","DX-A05-008","DX-A05-008","","12.3.2","cross-chapter-review-required","explanation-keyword-and-candidate-ranking","docs/research/r05-choice-review.csv","individual-reason-draft","no-explicit-HOLD","採択済み設問索引の章G01と候補知識の章A05が不一致。"
"R05-G-Q05-C3","R05-G-Q05","3","no","DX-A04-017","DX-A04-017","","11.2.3","cross-chapter-review-required","explanation-keyword-and-candidate-ranking","docs/research/r05-choice-review.csv","individual-reason-draft","no-explicit-HOLD","採択済み設問索引の章G01と候補知識の章A04が不一致。"
"R05-G-Q05-C4","R05-G-Q05","4","yes","DX-A02-020","DX-A02-020","","9.4.2","cross-chapter-review-required","explanation-keyword-and-candidate-ranking","docs/research/r05-choice-review.csv","individual-reason-draft","no-explicit-HOLD","採択済み設問索引の章G01と候補知識の章A02が不一致。"
"R05-G-Q05-C5","R05-G-Q05","5","no","DX-A02-016","DX-A02-016","","9.2.2","cross-chapter-review-required","explanation-keyword-and-candidate-ranking","docs/research/r05-choice-review.csv","individual-reason-draft","no-explicit-HOLD","採択済み設問索引の章G01と候補知識の章A02が不一致。"
"R05-G-Q06-C1","R05-G-Q06","1","no","DX-G04-003","DX-G04-003","","4.1.3","weak-lexical-review-required","explanation-text-and-question-tag-ranking","docs/research/r05-choice-review.csv","individual-reason-draft","no-explicit-HOLD","直接の技術キーワード一致なし。"
"R05-G-Q06-C2","R05-G-Q06","2","no","DX-G04-003","DX-G04-003","","4.1.3","weak-lexical-review-required","explanation-text-and-question-tag-ranking","docs/research/r05-choice-review.csv","individual-reason-draft","no-explicit-HOLD","直接の技術キーワード一致なし。"
"R05-G-Q06-C3","R05-G-Q06","3","no","DX-G04-003","DX-G04-003","","4.1.3","weak-lexical-review-required","explanation-text-and-question-tag-ranking","docs/research/r05-choice-review.csv","individual-reason-draft","no-explicit-HOLD","直接の技術キーワード一致なし。"
"R05-G-Q06-C4","R05-G-Q06","4","no","DX-G04-003","DX-G04-003","","4.1.3","weak-lexical-review-required","explanation-text-and-question-tag-ranking","docs/research/r05-choice-review.csv","individual-reason-draft","no-explicit-HOLD","直接の技術キーワード一致なし。"
"R05-G-Q06-C5","R05-G-Q06","5","yes","DX-G04-003","DX-G04-003","","4.1.3","weak-lexical-review-required","explanation-text-and-question-tag-ranking","docs/research/r05-choice-review.csv","individual-reason-draft","no-explicit-HOLD","直接の技術キーワード一致なし。"
"R05-G-Q07-C1","R05-G-Q07","1","no","DX-G03-002","DX-G03-002","DX-G04-007","3.1.2","rationale-based-provisional","explanation-keyword-and-candidate-ranking","docs/research/r05-choice-review.csv","drive-exam-page-visual-rationale-draft","HOLD","技術キーワードを含む原説明からの仮候補。"
"R05-G-Q07-C2","R05-G-Q07","2","no","DX-G03-002","DX-G03-002","DX-G04-007","3.1.2","rationale-based-provisional","explanation-keyword-and-candidate-ranking","docs/research/r05-choice-review.csv","drive-exam-page-visual-rationale-draft","HOLD","技術キーワードを含む原説明からの仮候補。"
"R05-G-Q07-C3","R05-G-Q07","3","yes","DX-G03-002","DX-G03-002","DX-A04-013","3.1.2","rationale-based-provisional","explanation-keyword-and-candidate-ranking","docs/research/r05-choice-review.csv","drive-exam-page-visual-rationale-draft","HOLD","技術キーワードを含む原説明からの仮候補。"
"R05-G-Q07-C4","R05-G-Q07","4","no","DX-A04-012","DX-A04-012","","11.2.1","cross-chapter-review-required","explanation-keyword-and-candidate-ranking","docs/research/r05-choice-review.csv","drive-exam-page-visual-rationale-draft","HOLD","採択済み設問索引の章G03と候補知識の章A04が不一致。"
"R05-G-Q07-C5","R05-G-Q07","5","no","DX-A04-017","DX-A04-017","","11.2.3","cross-chapter-review-required","explanation-keyword-and-candidate-ranking","docs/research/r05-choice-review.csv","drive-exam-page-visual-rationale-draft","HOLD","採択済み設問索引の章G03と候補知識の章A04が不一致。"
"R05-G-Q08-C1","R05-G-Q08","1","no","DX-G04-001","DX-G04-001","","4.1.1","rationale-based-provisional","explanation-text-and-question-tag-ranking","docs/research/r05-choice-review.csv","individual-reason-draft","no-explicit-HOLD","直接の技術キーワード一致なし。"
"R05-G-Q08-C2","R05-G-Q08","2","no","DX-G04-001","DX-G04-001","","4.1.1","rationale-based-provisional","explanation-text-and-question-tag-ranking","docs/research/r05-choice-review.csv","individual-reason-draft","no-explicit-HOLD","直接の技術キーワード一致なし。"
"R05-G-Q08-C3","R05-G-Q08","3","yes","DX-G04-002","DX-G04-002","","4.1.2","weak-lexical-review-required","explanation-text-and-question-tag-ranking","docs/research/r05-choice-review.csv","individual-reason-draft","no-explicit-HOLD","直接の技術キーワード一致なし。"
"R05-G-Q08-C4","R05-G-Q08","4","no","DX-G04-003","DX-G04-003","","4.1.3","weak-lexical-review-required","explanation-text-and-question-tag-ranking","docs/research/r05-choice-review.csv","individual-reason-draft","no-explicit-HOLD","直接の技術キーワード一致なし。"
"R05-G-Q08-C5","R05-G-Q08","5","no","DX-G04-003","DX-G04-003","","4.1.3","weak-lexical-review-required","explanation-text-and-question-tag-ranking","docs/research/r05-choice-review.csv","individual-reason-draft","no-explicit-HOLD","直接の技術キーワード一致なし。"
"R05-G-Q09-C1","R05-G-Q09","1","no","DX-G04-011","DX-G04-011","","4.4.2","rationale-based-provisional","explanation-keyword-and-candidate-ranking","docs/research/r05-choice-review.csv","drive-exam-page-visual-rationale-draft","HOLD","技術キーワードを含む原説明からの仮候補。"
"R05-G-Q09-C2","R05-G-Q09","2","no","DX-G04-011","DX-G04-011","","4.4.2","rationale-based-provisional","explanation-keyword-and-candidate-ranking","docs/research/r05-choice-review.csv","drive-exam-page-visual-rationale-draft","HOLD","技術キーワードを含む原説明からの仮候補。"
"R05-G-Q09-C3","R05-G-Q09","3","yes","DX-G04-011","DX-G04-011","DX-G04-004","4.4.2","rationale-based-provisional","explanation-keyword-and-candidate-ranking","docs/research/r05-choice-review.csv","drive-exam-page-visual-rationale-draft","HOLD","技術キーワードを含む原説明からの仮候補。"
"R05-G-Q09-C4","R05-G-Q09","4","no","DX-G04-010","DX-G04-010","","4.4.1","weak-lexical-review-required","explanation-text-and-question-tag-ranking","docs/research/r05-choice-review.csv","drive-exam-page-visual-rationale-draft","HOLD","直接の技術キーワード一致なし。"
"R05-G-Q09-C5","R05-G-Q09","5","no","DX-G04-010","DX-G04-010","","4.4.1","weak-lexical-review-required","explanation-text-and-question-tag-ranking","docs/research/r05-choice-review.csv","drive-exam-page-visual-rationale-draft","HOLD","直接の技術キーワード一致なし。"
"R05-G-Q10-C1","R05-G-Q10","1","no","DX-G04-011","DX-G04-011","DX-G04-002","4.4.2","rationale-based-provisional","explanation-keyword-and-candidate-ranking","docs/research/r05-choice-review.csv","drive-exam-page-visual-rationale-draft","HOLD","技術キーワードを含む原説明からの仮候補。"
"R05-G-Q10-C2","R05-G-Q10","2","yes","DX-G04-011","DX-G04-011","","4.4.2","rationale-based-provisional","explanation-keyword-and-candidate-ranking","docs/research/r05-choice-review.csv","drive-exam-page-visual-rationale-draft","HOLD","技術キーワードを含む原説明からの仮候補。"
"R05-G-Q10-C3","R05-G-Q10","3","no","DX-G04-011","DX-G04-011","","4.4.2","rationale-based-provisional","explanation-keyword-and-candidate-ranking","docs/research/r05-choice-review.csv","drive-exam-page-visual-rationale-draft","HOLD","技術キーワードを含む原説明からの仮候補。"
"R05-G-Q10-C4","R05-G-Q10","4","no","DX-G04-011","DX-G04-011","","4.4.2","rationale-based-provisional","explanation-keyword-and-candidate-ranking","docs/research/r05-choice-review.csv","drive-exam-page-visual-rationale-draft","HOLD","技術キーワードを含む原説明からの仮候補。"
"R05-G-Q10-C5","R05-G-Q10","5","no","DX-G04-011","DX-G04-011","","4.4.2","rationale-based-provisional","explanation-keyword-and-candidate-ranking","docs/research/r05-choice-review.csv","drive-exam-page-visual-rationale-draft","HOLD","技術キーワードを含む原説明からの仮候補。"
"R05-G-Q11-C1","R05-G-Q11","1","no","DX-G06-001","DX-G06-001","","6.1.1","weak-lexical-review-required","explanation-text-and-question-tag-ranking","docs/research/r05-choice-review.csv","individual-reason-draft","no-explicit-HOLD","直接の技術キーワード一致なし。"
"R05-G-Q11-C2","R05-G-Q11","2","yes","DX-G06-001","DX-G06-001","","6.1.1","weak-lexical-review-required","explanation-text-and-question-tag-ranking","docs/research/r05-choice-review.csv","individual-reason-draft","no-explicit-HOLD","直接の技術キーワード一致なし。"
"R05-G-Q11-C3","R05-G-Q11","3","no","DX-G04-007","DX-G04-007","","4.3.3","cross-chapter-review-required","explanation-keyword-and-candidate-ranking","docs/research/r05-choice-review.csv","individual-reason-draft","no-explicit-HOLD","採択済み設問索引の章G06と候補知識の章G04が不一致。"
"R05-G-Q11-C4","R05-G-Q11","4","no","DX-G04-007","DX-G04-007","","4.3.3","cross-chapter-review-required","explanation-keyword-and-candidate-ranking","docs/research/r05-choice-review.csv","individual-reason-draft","no-explicit-HOLD","採択済み設問索引の章G06と候補知識の章G04が不一致。"
"R05-G-Q11-C5","R05-G-Q11","5","no","DX-G04-007","DX-G04-007","","4.3.3","cross-chapter-review-required","explanation-keyword-and-candidate-ranking","docs/research/r05-choice-review.csv","individual-reason-draft","no-explicit-HOLD","採択済み設問索引の章G06と候補知識の章G04が不一致。"
"R05-G-Q12-C1","R05-G-Q12","1","no","DX-G04-007","DX-G04-007","","4.3.3","rationale-based-provisional","explanation-keyword-and-candidate-ranking","docs/research/r05-choice-review.csv","user-supplied-figure-visual-rationale-draft","HOLD","技術キーワードを含む原説明からの仮候補。"
"R05-G-Q12-C2","R05-G-Q12","2","no","DX-G04-006","DX-G04-006","DX-G04-007","4.2.3","rationale-based-provisional","explanation-keyword-and-candidate-ranking","docs/research/r05-choice-review.csv","user-supplied-figure-visual-rationale-draft","HOLD","技術キーワードを含む原説明からの仮候補。"
"R05-G-Q12-C3","R05-G-Q12","3","no","DX-G04-007","DX-G04-007","","4.3.3","rationale-based-provisional","explanation-keyword-and-candidate-ranking","docs/research/r05-choice-review.csv","user-supplied-figure-visual-rationale-draft","HOLD","技術キーワードを含む原説明からの仮候補。"
"R05-G-Q12-C4","R05-G-Q12","4","yes","DX-G04-007","DX-G04-007","","4.3.3","rationale-based-provisional","explanation-keyword-and-candidate-ranking","docs/research/r05-choice-review.csv","user-supplied-figure-visual-rationale-draft","HOLD","技術キーワードを含む原説明からの仮候補。"
"R05-G-Q12-C5","R05-G-Q12","5","no","DX-G04-007","DX-G04-007","","4.3.3","rationale-based-provisional","explanation-keyword-and-candidate-ranking","docs/research/r05-choice-review.csv","user-supplied-figure-visual-rationale-draft","HOLD","技術キーワードを含む原説明からの仮候補。"
"R05-G-Q13-C1","R05-G-Q13","1","no","DX-G05-005","DX-G05-005","","5.2.2","rationale-based-provisional","explanation-keyword-and-candidate-ranking","docs/research/r05-choice-review.csv","individual-reason-draft","no-explicit-HOLD","技術キーワードを含む原説明からの仮候補。"
"R05-G-Q13-C2","R05-G-Q13","2","no","DX-G05-005","DX-G05-005","","5.2.2","weak-lexical-review-required","explanation-text-and-question-tag-ranking","docs/research/r05-choice-review.csv","individual-reason-draft","no-explicit-HOLD","直接の技術キーワード一致なし。"
"R05-G-Q13-C3","R05-G-Q13","3","no","DX-G05-008","DX-G05-008","","5.3.3","rationale-based-provisional","explanation-keyword-and-candidate-ranking","docs/research/r05-choice-review.csv","individual-reason-draft","no-explicit-HOLD","技術キーワードを含む原説明からの仮候補。"
"R05-G-Q13-C4","R05-G-Q13","4","no","DX-G05-005","DX-G05-005","","5.2.2","weak-lexical-review-required","explanation-text-and-question-tag-ranking","docs/research/r05-choice-review.csv","individual-reason-draft","no-explicit-HOLD","直接の技術キーワード一致なし。"
"R05-G-Q13-C5","R05-G-Q13","5","yes","DX-G05-005","DX-G05-005","","5.2.2","weak-lexical-review-required","explanation-text-and-question-tag-ranking","docs/research/r05-choice-review.csv","individual-reason-draft","no-explicit-HOLD","直接の技術キーワード一致なし。"
"R05-G-Q14-C1","R05-G-Q14","1","no","DX-G05-008","DX-G05-008","","5.3.3","rationale-based-provisional","explanation-keyword-and-candidate-ranking","docs/research/r05-choice-review.csv","individual-reason-draft","no-explicit-HOLD","技術キーワードを含む原説明からの仮候補。"
"R05-G-Q14-C2","R05-G-Q14","2","no","DX-G05-008","DX-G05-008","","5.3.3","weak-lexical-review-required","explanation-text-and-question-tag-ranking","docs/research/r05-choice-review.csv","individual-reason-draft","no-explicit-HOLD","直接の技術キーワード一致なし。"
"R05-G-Q14-C3","R05-G-Q14","3","no","DX-G05-005","DX-G05-005","DX-G05-004","5.2.2","rationale-based-provisional","explanation-keyword-and-candidate-ranking","docs/research/r05-choice-review.csv","individual-reason-draft","no-explicit-HOLD","技術キーワードを含む原説明からの仮候補。"
"R05-G-Q14-C4","R05-G-Q14","4","no","DX-G05-008","DX-G05-008","","5.3.3","weak-lexical-review-required","explanation-text-and-question-tag-ranking","docs/research/r05-choice-review.csv","individual-reason-draft","no-explicit-HOLD","直接の技術キーワード一致なし。"
"R05-G-Q14-C5","R05-G-Q14","5","yes","DX-G05-008","DX-G05-008","","5.3.3","rationale-based-provisional","explanation-keyword-and-candidate-ranking","docs/research/r05-choice-review.csv","individual-reason-draft","no-explicit-HOLD","技術キーワードを含む原説明からの仮候補。"
"R05-G-Q15-C1","R05-G-Q15","1","yes","DX-G03-007","DX-G03-007","","3.3.1","weak-lexical-review-required","explanation-text-and-question-tag-ranking","docs/research/r05-choice-review.csv","individual-reason-draft","no-explicit-HOLD","直接の技術キーワード一致なし。"
"R05-G-Q15-C2","R05-G-Q15","2","no","DX-G03-007","DX-G03-007","","3.3.1","weak-lexical-review-required","explanation-text-and-question-tag-ranking","docs/research/r05-choice-review.csv","individual-reason-draft","no-explicit-HOLD","直接の技術キーワード一致なし。"
"R05-G-Q15-C3","R05-G-Q15","3","no","DX-G03-007","DX-G03-007","","3.3.1","weak-lexical-review-required","explanation-text-and-question-tag-ranking","docs/research/r05-choice-review.csv","individual-reason-draft","no-explicit-HOLD","直接の技術キーワード一致なし。"
"R05-G-Q15-C4","R05-G-Q15","4","no","DX-G03-007","DX-G03-007","","3.3.1","weak-lexical-review-required","explanation-text-and-question-tag-ranking","docs/research/r05-choice-review.csv","individual-reason-draft","no-explicit-HOLD","直接の技術キーワード一致なし。"
"R05-G-Q15-C5","R05-G-Q15","5","no","DX-G03-007","DX-G03-007","","3.3.1","weak-lexical-review-required","explanation-text-and-question-tag-ranking","docs/research/r05-choice-review.csv","individual-reason-draft","no-explicit-HOLD","直接の技術キーワード一致なし。"
"R05-A-Q01-C1","R05-A-Q01","1","no","DX-A01-002","DX-A01-002","","8.1.2","rationale-based-provisional","explanation-keyword-and-candidate-ranking","docs/research/r05-choice-review.csv","individual-reason-draft","no-explicit-HOLD","技術キーワードを含む原説明からの仮候補。"
"R05-A-Q01-C2","R05-A-Q01","2","no","DX-A01-001","DX-A01-001","","8.1.2","weak-lexical-review-required","explanation-text-and-question-tag-ranking","docs/research/r05-choice-review.csv","individual-reason-draft","no-explicit-HOLD","直接の技術キーワード一致なし。"
"R05-A-Q01-C3","R05-A-Q01","3","no","DX-A01-001","DX-A01-001","","8.1.2","weak-lexical-review-required","explanation-text-and-question-tag-ranking","docs/research/r05-choice-review.csv","individual-reason-draft","no-explicit-HOLD","直接の技術キーワード一致なし。"
"R05-A-Q01-C4","R05-A-Q01","4","yes","DX-G05-005","DX-G05-005","DX-G05-007","5.2.2","cross-chapter-review-required","explanation-keyword-and-candidate-ranking","docs/research/r05-choice-review.csv","individual-reason-draft","no-explicit-HOLD","採択済み設問索引の章A01と候補知識の章G05が不一致。"
"R05-A-Q01-C5","R05-A-Q01","5","no","DX-G05-007","DX-G05-007","","5.3.2","cross-chapter-review-required","explanation-keyword-and-candidate-ranking","docs/research/r05-choice-review.csv","individual-reason-draft","no-explicit-HOLD","採択済み設問索引の章A01と候補知識の章G05が不一致。"
"R05-A-Q02-C1","R05-A-Q02","1","yes","DX-A01-006","DX-A01-006","","8.3.1","rationale-based-provisional","explanation-keyword-and-candidate-ranking","docs/research/r05-choice-review.csv","individual-reason-draft","no-explicit-HOLD","技術キーワードを含む原説明からの仮候補。"
"R05-A-Q02-C2","R05-A-Q02","2","no","DX-A01-006","DX-A01-006","","8.3.1","rationale-based-provisional","explanation-keyword-and-candidate-ranking","docs/research/r05-choice-review.csv","individual-reason-draft","no-explicit-HOLD","技術キーワードを含む原説明からの仮候補。"
"R05-A-Q02-C3","R05-A-Q02","3","no","DX-A01-006","DX-A01-006","","8.3.1","rationale-based-provisional","explanation-keyword-and-candidate-ranking","docs/research/r05-choice-review.csv","individual-reason-draft","no-explicit-HOLD","技術キーワードを含む原説明からの仮候補。"
"R05-A-Q02-C4","R05-A-Q02","4","no","DX-A01-006","DX-A01-006","","8.3.1","weak-lexical-review-required","explanation-text-and-question-tag-ranking","docs/research/r05-choice-review.csv","individual-reason-draft","no-explicit-HOLD","直接の技術キーワード一致なし。"
"R05-A-Q02-C5","R05-A-Q02","5","no","DX-A01-006","DX-A01-006","","8.3.1","rationale-based-provisional","explanation-keyword-and-candidate-ranking","docs/research/r05-choice-review.csv","individual-reason-draft","no-explicit-HOLD","技術キーワードを含む原説明からの仮候補。"
"R05-A-Q03-C1","R05-A-Q03","1","yes","DX-A01-006","DX-A01-006","","8.3.1","rationale-based-provisional","explanation-keyword-and-candidate-ranking","docs/research/r05-choice-review.csv","individual-reason-draft","no-explicit-HOLD","技術キーワードを含む原説明からの仮候補。"
"R05-A-Q03-C2","R05-A-Q03","2","no","DX-A01-006","DX-A01-006","","8.3.1","weak-lexical-review-required","explanation-text-and-question-tag-ranking","docs/research/r05-choice-review.csv","individual-reason-draft","no-explicit-HOLD","直接の技術キーワード一致なし。"
"R05-A-Q03-C3","R05-A-Q03","3","no","DX-A01-006","DX-A01-006","","8.3.1","rationale-based-provisional","explanation-keyword-and-candidate-ranking","docs/research/r05-choice-review.csv","individual-reason-draft","no-explicit-HOLD","技術キーワードを含む原説明からの仮候補。"
"R05-A-Q03-C4","R05-A-Q03","4","no","DX-A01-006","DX-A01-006","","8.3.1","rationale-based-provisional","explanation-keyword-and-candidate-ranking","docs/research/r05-choice-review.csv","individual-reason-draft","no-explicit-HOLD","技術キーワードを含む原説明からの仮候補。"
"R05-A-Q03-C5","R05-A-Q03","5","no","DX-A01-006","DX-A01-006","","8.3.1","rationale-based-provisional","explanation-keyword-and-candidate-ranking","docs/research/r05-choice-review.csv","individual-reason-draft","no-explicit-HOLD","技術キーワードを含む原説明からの仮候補。"
"R05-A-Q04-C1","R05-A-Q04","1","no","DX-A01-006","DX-A01-006","","8.3.1","weak-lexical-review-required","explanation-text-and-question-tag-ranking","docs/research/r05-choice-review.csv","individual-reason-draft","no-explicit-HOLD","直接の技術キーワード一致なし。"
"R05-A-Q04-C2","R05-A-Q04","2","no","DX-A01-006","DX-A01-006","","8.3.1","rationale-based-provisional","explanation-keyword-and-candidate-ranking","docs/research/r05-choice-review.csv","individual-reason-draft","no-explicit-HOLD","技術キーワードを含む原説明からの仮候補。"
"R05-A-Q04-C3","R05-A-Q04","3","no","DX-A01-006","DX-A01-006","","8.3.1","weak-lexical-review-required","explanation-text-and-question-tag-ranking","docs/research/r05-choice-review.csv","individual-reason-draft","no-explicit-HOLD","直接の技術キーワード一致なし。"
"R05-A-Q04-C4","R05-A-Q04","4","yes","DX-A01-006","DX-A01-006","","8.3.1","weak-lexical-review-required","explanation-text-and-question-tag-ranking","docs/research/r05-choice-review.csv","individual-reason-draft","no-explicit-HOLD","直接の技術キーワード一致なし。"
"R05-A-Q04-C5","R05-A-Q04","5","no","DX-A01-006","DX-A01-006","","8.3.1","weak-lexical-review-required","explanation-text-and-question-tag-ranking","docs/research/r05-choice-review.csv","individual-reason-draft","no-explicit-HOLD","直接の技術キーワード一致なし。"
"R05-A-Q05-C1","R05-A-Q05","1","no","DX-A01-006","DX-A01-006","","8.3.1","rationale-based-provisional","explanation-keyword-and-candidate-ranking","docs/research/r05-choice-review.csv","individual-reason-draft","no-explicit-HOLD","技術キーワードを含む原説明からの仮候補。"
"R05-A-Q05-C2","R05-A-Q05","2","yes","DX-A01-006","DX-A01-006","","8.3.1","rationale-based-provisional","explanation-keyword-and-candidate-ranking","docs/research/r05-choice-review.csv","individual-reason-draft","no-explicit-HOLD","技術キーワードを含む原説明からの仮候補。"
"R05-A-Q05-C3","R05-A-Q05","3","no","DX-A01-006","DX-A01-006","","8.3.1","rationale-based-provisional","explanation-keyword-and-candidate-ranking","docs/research/r05-choice-review.csv","individual-reason-draft","no-explicit-HOLD","技術キーワードを含む原説明からの仮候補。"
"R05-A-Q05-C4","R05-A-Q05","4","no","DX-A01-006","DX-A01-006","","8.3.1","rationale-based-provisional","explanation-keyword-and-candidate-ranking","docs/research/r05-choice-review.csv","individual-reason-draft","no-explicit-HOLD","技術キーワードを含む原説明からの仮候補。"
"R05-A-Q05-C5","R05-A-Q05","5","no","DX-A01-006","DX-A01-006","","8.3.1","weak-lexical-review-required","explanation-text-and-question-tag-ranking","docs/research/r05-choice-review.csv","individual-reason-draft","no-explicit-HOLD","直接の技術キーワード一致なし。"
"R05-A-Q06-C1","R05-A-Q06","1","no","DX-A01-009","DX-A01-009","","8.3.2","rationale-based-provisional","explanation-keyword-and-candidate-ranking","docs/research/r05-choice-review.csv","drive-exam-page-visual-rationale-draft","HOLD","技術キーワードを含む原説明からの仮候補。"
"R05-A-Q06-C2","R05-A-Q06","2","no","DX-A01-009","DX-A01-009","","8.3.2","rationale-based-provisional","explanation-keyword-and-candidate-ranking","docs/research/r05-choice-review.csv","drive-exam-page-visual-rationale-draft","HOLD","技術キーワードを含む原説明からの仮候補。"
"R05-A-Q06-C3","R05-A-Q06","3","no","DX-A01-009","DX-A01-009","","8.3.2","weak-lexical-review-required","explanation-text-and-question-tag-ranking","docs/research/r05-choice-review.csv","drive-exam-page-visual-rationale-draft","HOLD","直接の技術キーワード一致なし。"
"R05-A-Q06-C4","R05-A-Q06","4","no","DX-A01-009","DX-A01-009","","8.3.2","weak-lexical-review-required","explanation-text-and-question-tag-ranking","docs/research/r05-choice-review.csv","drive-exam-page-visual-rationale-draft","HOLD","直接の技術キーワード一致なし。"
"R05-A-Q06-C5","R05-A-Q06","5","yes","DX-A01-009","DX-A01-009","","8.3.2","rationale-based-provisional","explanation-keyword-and-candidate-ranking","docs/research/r05-choice-review.csv","drive-exam-page-visual-rationale-draft","HOLD","技術キーワードを含む原説明からの仮候補。"
"R05-A-Q07-C1","R05-A-Q07","1","no","DX-A01-008","DX-A01-008","","8.4.2","weak-lexical-review-required","explanation-text-and-question-tag-ranking","docs/research/r05-choice-review.csv","individual-reason-draft","no-explicit-HOLD","直接の技術キーワード一致なし。"
"R05-A-Q07-C2","R05-A-Q07","2","yes","DX-A01-008","DX-A01-008","","8.4.2","rationale-based-provisional","explanation-keyword-and-candidate-ranking","docs/research/r05-choice-review.csv","individual-reason-draft","no-explicit-HOLD","技術キーワードを含む原説明からの仮候補。"
"R05-A-Q07-C3","R05-A-Q07","3","no","DX-A01-008","DX-A01-008","","8.4.2","rationale-based-provisional","explanation-keyword-and-candidate-ranking","docs/research/r05-choice-review.csv","individual-reason-draft","no-explicit-HOLD","技術キーワードを含む原説明からの仮候補。"
"R05-A-Q07-C4","R05-A-Q07","4","no","DX-A01-008","DX-A01-008","","8.4.2","rationale-based-provisional","explanation-keyword-and-candidate-ranking","docs/research/r05-choice-review.csv","individual-reason-draft","no-explicit-HOLD","技術キーワードを含む原説明からの仮候補。"
"R05-A-Q07-C5","R05-A-Q07","5","no","DX-A01-008","DX-A01-008","","8.4.2","weak-lexical-review-required","explanation-text-and-question-tag-ranking","docs/research/r05-choice-review.csv","individual-reason-draft","no-explicit-HOLD","直接の技術キーワード一致なし。"
"R05-A-Q08-C1","R05-A-Q08","1","no","DX-A01-007","DX-A01-007","","8.4.1","weak-lexical-review-required","explanation-text-and-question-tag-ranking","docs/research/r05-choice-review.csv","individual-reason-draft","no-explicit-HOLD","直接の技術キーワード一致なし。"
"R05-A-Q08-C2","R05-A-Q08","2","yes","DX-A01-007","DX-A01-007","","8.4.1","rationale-based-provisional","explanation-keyword-and-candidate-ranking","docs/research/r05-choice-review.csv","individual-reason-draft","no-explicit-HOLD","技術キーワードを含む原説明からの仮候補。"
"R05-A-Q08-C3","R05-A-Q08","3","no","DX-A01-007","DX-A01-007","","8.4.1","rationale-based-provisional","explanation-keyword-and-candidate-ranking","docs/research/r05-choice-review.csv","individual-reason-draft","no-explicit-HOLD","技術キーワードを含む原説明からの仮候補。"
"R05-A-Q08-C4","R05-A-Q08","4","no","DX-A05-008","DX-A05-008","","12.3.2","cross-chapter-review-required","explanation-keyword-and-candidate-ranking","docs/research/r05-choice-review.csv","individual-reason-draft","no-explicit-HOLD","採択済み設問索引の章A01と候補知識の章A05が不一致。"
"R05-A-Q08-C5","R05-A-Q08","5","no","DX-A01-007","DX-A01-007","","8.4.1","rationale-based-provisional","explanation-keyword-and-candidate-ranking","docs/research/r05-choice-review.csv","individual-reason-draft","no-explicit-HOLD","技術キーワードを含む原説明からの仮候補。"
"R05-A-Q09-C1","R05-A-Q09","1","yes","DX-A01-007","DX-A01-007","","8.4.1","weak-lexical-review-required","explanation-text-and-question-tag-ranking","docs/research/r05-choice-review.csv","individual-reason-draft","no-explicit-HOLD","直接の技術キーワード一致なし。"
"R05-A-Q09-C2","R05-A-Q09","2","no","DX-A01-007","DX-A01-007","","8.4.1","weak-lexical-review-required","explanation-text-and-question-tag-ranking","docs/research/r05-choice-review.csv","individual-reason-draft","no-explicit-HOLD","直接の技術キーワード一致なし。"
"R05-A-Q09-C3","R05-A-Q09","3","no","DX-A01-007","DX-A01-007","","8.4.1","weak-lexical-review-required","explanation-text-and-question-tag-ranking","docs/research/r05-choice-review.csv","individual-reason-draft","no-explicit-HOLD","直接の技術キーワード一致なし。"
"R05-A-Q09-C4","R05-A-Q09","4","no","DX-A01-007","DX-A01-007","","8.4.1","weak-lexical-review-required","explanation-text-and-question-tag-ranking","docs/research/r05-choice-review.csv","individual-reason-draft","no-explicit-HOLD","直接の技術キーワード一致なし。"
"R05-A-Q09-C5","R05-A-Q09","5","no","DX-A01-007","DX-A01-007","","8.4.1","weak-lexical-review-required","explanation-text-and-question-tag-ranking","docs/research/r05-choice-review.csv","individual-reason-draft","no-explicit-HOLD","直接の技術キーワード一致なし。"
"R05-A-Q10-C1","R05-A-Q10","1","no","DX-A02-014","DX-A02-014","","9.2.2","rationale-based-provisional","explanation-keyword-and-candidate-ranking","docs/research/r05-choice-review.csv","individual-reason-draft","no-explicit-HOLD","技術キーワードを含む原説明からの仮候補。"
"R05-A-Q10-C2","R05-A-Q10","2","yes","DX-A02-014","DX-A02-014","","9.2.2","weak-lexical-review-required","explanation-text-and-question-tag-ranking","docs/research/r05-choice-review.csv","individual-reason-draft","no-explicit-HOLD","直接の技術キーワード一致なし。"
"R05-A-Q10-C3","R05-A-Q10","3","no","DX-A02-014","DX-A02-014","","9.2.2","weak-lexical-review-required","explanation-text-and-question-tag-ranking","docs/research/r05-choice-review.csv","individual-reason-draft","no-explicit-HOLD","直接の技術キーワード一致なし。"
"R05-A-Q10-C4","R05-A-Q10","4","no","DX-A02-014","DX-A02-014","","9.2.2","weak-lexical-review-required","explanation-text-and-question-tag-ranking","docs/research/r05-choice-review.csv","individual-reason-draft","no-explicit-HOLD","直接の技術キーワード一致なし。"
"R05-A-Q10-C5","R05-A-Q10","5","no","DX-A02-014","DX-A02-014","","9.2.2","rationale-based-provisional","explanation-keyword-and-candidate-ranking","docs/research/r05-choice-review.csv","individual-reason-draft","no-explicit-HOLD","技術キーワードを含む原説明からの仮候補。"
"R05-A-Q11-C1","R05-A-Q11","1","yes","DX-A02-015","DX-A02-015","","9.2.2","weak-lexical-review-required","explanation-text-and-question-tag-ranking","docs/research/r05-choice-review.csv","individual-reason-draft","no-explicit-HOLD","直接の技術キーワード一致なし。"
"R05-A-Q11-C2","R05-A-Q11","2","no","DX-A02-015","DX-A02-015","","9.2.2","weak-lexical-review-required","explanation-text-and-question-tag-ranking","docs/research/r05-choice-review.csv","individual-reason-draft","no-explicit-HOLD","直接の技術キーワード一致なし。"
"R05-A-Q11-C3","R05-A-Q11","3","no","DX-A02-015","DX-A02-015","","9.2.2","weak-lexical-review-required","explanation-text-and-question-tag-ranking","docs/research/r05-choice-review.csv","individual-reason-draft","no-explicit-HOLD","直接の技術キーワード一致なし。"
"R05-A-Q11-C4","R05-A-Q11","4","no","DX-A01-006","DX-A01-006","","8.3.1","cross-chapter-review-required","explanation-keyword-and-candidate-ranking","docs/research/r05-choice-review.csv","individual-reason-draft","no-explicit-HOLD","採択済み設問索引の章A02と候補知識の章A01が不一致。"
"R05-A-Q11-C5","R05-A-Q11","5","no","DX-A02-015","DX-A02-015","","9.2.2","weak-lexical-review-required","explanation-text-and-question-tag-ranking","docs/research/r05-choice-review.csv","individual-reason-draft","no-explicit-HOLD","直接の技術キーワード一致なし。"
"R05-A-Q12-C1","R05-A-Q12","1","no","DX-A02-017","DX-A02-017","","9.3.1","weak-lexical-review-required","explanation-text-and-question-tag-ranking","docs/research/r05-choice-review.csv","individual-reason-draft","no-explicit-HOLD","直接の技術キーワード一致なし。"
"R05-A-Q12-C2","R05-A-Q12","2","no","DX-A02-017","DX-A02-017","","9.3.1","weak-lexical-review-required","explanation-text-and-question-tag-ranking","docs/research/r05-choice-review.csv","individual-reason-draft","no-explicit-HOLD","直接の技術キーワード一致なし。"
"R05-A-Q12-C3","R05-A-Q12","3","yes","DX-A02-017","DX-A02-017","","9.3.1","weak-lexical-review-required","explanation-text-and-question-tag-ranking","docs/research/r05-choice-review.csv","individual-reason-draft","no-explicit-HOLD","直接の技術キーワード一致なし。"
"R05-A-Q12-C4","R05-A-Q12","4","no","DX-A02-017","DX-A02-017","","9.3.1","weak-lexical-review-required","explanation-text-and-question-tag-ranking","docs/research/r05-choice-review.csv","individual-reason-draft","no-explicit-HOLD","直接の技術キーワード一致なし。"
"R05-A-Q12-C5","R05-A-Q12","5","no","DX-A02-017","DX-A02-017","","9.3.1","weak-lexical-review-required","explanation-text-and-question-tag-ranking","docs/research/r05-choice-review.csv","individual-reason-draft","no-explicit-HOLD","直接の技術キーワード一致なし。"
"R05-A-Q13-C1","R05-A-Q13","1","no","DX-A03-005","DX-A03-005","","10.2.2","weak-lexical-review-required","explanation-text-and-question-tag-ranking","docs/research/r05-choice-review.csv","individual-reason-draft","no-explicit-HOLD","直接の技術キーワード一致なし。"
"R05-A-Q13-C2","R05-A-Q13","2","no","DX-A03-005","DX-A03-005","","10.2.2","weak-lexical-review-required","explanation-text-and-question-tag-ranking","docs/research/r05-choice-review.csv","individual-reason-draft","no-explicit-HOLD","直接の技術キーワード一致なし。"
"R05-A-Q13-C3","R05-A-Q13","3","yes","DX-A03-005","DX-A03-005","","10.2.2","weak-lexical-review-required","explanation-text-and-question-tag-ranking","docs/research/r05-choice-review.csv","individual-reason-draft","no-explicit-HOLD","直接の技術キーワード一致なし。"
"R05-A-Q13-C4","R05-A-Q13","4","no","DX-A03-004","DX-A03-004","","10.2.1","rationale-based-provisional","explanation-keyword-and-candidate-ranking","docs/research/r05-choice-review.csv","individual-reason-draft","no-explicit-HOLD","技術キーワードを含む原説明からの仮候補。"
"R05-A-Q13-C5","R05-A-Q13","5","no","DX-A01-007","DX-A01-007","","8.4.1","cross-chapter-review-required","explanation-keyword-and-candidate-ranking","docs/research/r05-choice-review.csv","individual-reason-draft","no-explicit-HOLD","採択済み設問索引の章A03と候補知識の章A01が不一致。"
"R05-A-Q14-C1","R05-A-Q14","1","no","DX-A03-007","DX-A03-007","","10.3.1","weak-lexical-review-required","explanation-text-and-question-tag-ranking","docs/research/r05-choice-review.csv","individual-reason-draft","no-explicit-HOLD","直接の技術キーワード一致なし。"
"R05-A-Q14-C2","R05-A-Q14","2","no","DX-A03-007","DX-A03-007","","10.3.1","weak-lexical-review-required","explanation-text-and-question-tag-ranking","docs/research/r05-choice-review.csv","individual-reason-draft","no-explicit-HOLD","直接の技術キーワード一致なし。"
"R05-A-Q14-C3","R05-A-Q14","3","no","DX-A03-007","DX-A03-007","","10.3.1","weak-lexical-review-required","explanation-text-and-question-tag-ranking","docs/research/r05-choice-review.csv","individual-reason-draft","no-explicit-HOLD","直接の技術キーワード一致なし。"
"R05-A-Q14-C4","R05-A-Q14","4","no","DX-A03-004","DX-A03-004","","10.2.1","rationale-based-provisional","explanation-keyword-and-candidate-ranking","docs/research/r05-choice-review.csv","individual-reason-draft","no-explicit-HOLD","技術キーワードを含む原説明からの仮候補。"
"R05-A-Q14-C5","R05-A-Q14","5","yes","DX-A03-007","DX-A03-007","","10.3.1","weak-lexical-review-required","explanation-text-and-question-tag-ranking","docs/research/r05-choice-review.csv","individual-reason-draft","no-explicit-HOLD","直接の技術キーワード一致なし。"
"R05-A-Q15-C1","R05-A-Q15","1","no","DX-A04-012","DX-A04-012","","11.2.1","rationale-based-provisional","explanation-keyword-and-candidate-ranking","docs/research/r05-choice-review.csv","drive-exam-page-visual-rationale-draft","HOLD","技術キーワードを含む原説明からの仮候補。"
"R05-A-Q15-C2","R05-A-Q15","2","no","DX-A04-001","DX-A04-001","","11.2.1","weak-lexical-review-required","explanation-text-and-question-tag-ranking","docs/research/r05-choice-review.csv","drive-exam-page-visual-rationale-draft","HOLD","直接の技術キーワード一致なし。"
"R05-A-Q15-C3","R05-A-Q15","3","no","DX-G01-009","DX-G01-009","","1.3.3","cross-chapter-review-required","explanation-keyword-and-candidate-ranking","docs/research/r05-choice-review.csv","drive-exam-page-visual-rationale-draft","HOLD","採択済み設問索引の章A04と候補知識の章G01が不一致。"
"R05-A-Q15-C4","R05-A-Q15","4","no","DX-A04-012","DX-A04-012","","11.2.1","rationale-based-provisional","explanation-keyword-and-candidate-ranking","docs/research/r05-choice-review.csv","drive-exam-page-visual-rationale-draft","HOLD","技術キーワードを含む原説明からの仮候補。"
"R05-A-Q15-C5","R05-A-Q15","5","yes","DX-A04-012","DX-A04-012","","11.2.1","rationale-based-provisional","explanation-keyword-and-candidate-ranking","docs/research/r05-choice-review.csv","drive-exam-page-visual-rationale-draft","HOLD","技術キーワードを含む原説明からの仮候補。"
"R05-A-Q16-C1","R05-A-Q16","1","no","DX-A04-013","DX-A04-013","","11.2.2","rationale-based-provisional","explanation-keyword-and-candidate-ranking","docs/research/r05-choice-review.csv","drive-exam-page-visual-rationale-draft","HOLD","技術キーワードを含む原説明からの仮候補。"
"R05-A-Q16-C2","R05-A-Q16","2","no","DX-A04-013","DX-A04-013","","11.2.2","rationale-based-provisional","explanation-keyword-and-candidate-ranking","docs/research/r05-choice-review.csv","drive-exam-page-visual-rationale-draft","HOLD","技術キーワードを含む原説明からの仮候補。"
"R05-A-Q16-C3","R05-A-Q16","3","no","DX-A04-013","DX-A04-013","","11.2.2","weak-lexical-review-required","explanation-text-and-question-tag-ranking","docs/research/r05-choice-review.csv","drive-exam-page-visual-rationale-draft","HOLD","直接の技術キーワード一致なし。"
"R05-A-Q16-C4","R05-A-Q16","4","no","DX-A04-013","DX-A04-013","","11.2.2","weak-lexical-review-required","explanation-text-and-question-tag-ranking","docs/research/r05-choice-review.csv","drive-exam-page-visual-rationale-draft","HOLD","直接の技術キーワード一致なし。"
"R05-A-Q16-C5","R05-A-Q16","5","yes","DX-A04-013","DX-A04-013","DX-G05-004","11.2.2","rationale-based-provisional","explanation-keyword-and-candidate-ranking","docs/research/r05-choice-review.csv","drive-exam-page-visual-rationale-draft","HOLD","技術キーワードを含む原説明からの仮候補。"
"R05-A-Q17-C1","R05-A-Q17","1","no","DX-A05-009","DX-A05-009","","12.3.3","weak-lexical-review-required","explanation-text-and-question-tag-ranking","docs/research/r05-choice-review.csv","individual-reason-draft","no-explicit-HOLD","直接の技術キーワード一致なし。"
"R05-A-Q17-C2","R05-A-Q17","2","no","DX-A05-009","DX-A05-009","","12.3.3","weak-lexical-review-required","explanation-text-and-question-tag-ranking","docs/research/r05-choice-review.csv","individual-reason-draft","no-explicit-HOLD","直接の技術キーワード一致なし。"
"R05-A-Q17-C3","R05-A-Q17","3","no","DX-A05-007","DX-A05-007","","12.3.1","rationale-based-provisional","explanation-keyword-and-candidate-ranking","docs/research/r05-choice-review.csv","individual-reason-draft","no-explicit-HOLD","技術キーワードを含む原説明からの仮候補。"
"R05-A-Q17-C4","R05-A-Q17","4","no","DX-A05-011","DX-A05-011","","12.4.2","rationale-based-provisional","explanation-keyword-and-candidate-ranking","docs/research/r05-choice-review.csv","individual-reason-draft","no-explicit-HOLD","技術キーワードを含む原説明からの仮候補。"
"R05-A-Q17-C5","R05-A-Q17","5","yes","DX-A05-009","DX-A05-009","","12.3.3","weak-lexical-review-required","explanation-text-and-question-tag-ranking","docs/research/r05-choice-review.csv","individual-reason-draft","no-explicit-HOLD","直接の技術キーワード一致なし。"
"R05-A-Q18-C1","R05-A-Q18","1","no","DX-A05-014","DX-A05-014","","12.5.2","rationale-based-provisional","explanation-keyword-and-candidate-ranking","docs/research/r05-choice-review.csv","individual-reason-draft","no-explicit-HOLD","技術キーワードを含む原説明からの仮候補。"
"R05-A-Q18-C2","R05-A-Q18","2","no","DX-A05-014","DX-A05-014","","12.5.2","rationale-based-provisional","explanation-keyword-and-candidate-ranking","docs/research/r05-choice-review.csv","individual-reason-draft","no-explicit-HOLD","技術キーワードを含む原説明からの仮候補。"
"R05-A-Q18-C3","R05-A-Q18","3","no","DX-A05-014","DX-A05-014","","12.5.2","weak-lexical-review-required","explanation-text-and-question-tag-ranking","docs/research/r05-choice-review.csv","individual-reason-draft","no-explicit-HOLD","直接の技術キーワード一致なし。"
"R05-A-Q18-C4","R05-A-Q18","4","yes","DX-A05-014","DX-A05-014","","12.5.2","weak-lexical-review-required","explanation-text-and-question-tag-ranking","docs/research/r05-choice-review.csv","individual-reason-draft","no-explicit-HOLD","直接の技術キーワード一致なし。"
"R05-A-Q18-C5","R05-A-Q18","5","no","DX-A05-014","DX-A05-014","","12.5.2","weak-lexical-review-required","explanation-text-and-question-tag-ranking","docs/research/r05-choice-review.csv","individual-reason-draft","no-explicit-HOLD","直接の技術キーワード一致なし。"
"R05-A-Q19-C1","R05-A-Q19","1","no","DX-A05-007","DX-A05-007","","12.3.1","weak-lexical-review-required","explanation-text-and-question-tag-ranking","docs/research/r05-choice-review.csv","individual-reason-draft","no-explicit-HOLD","直接の技術キーワード一致なし。"
"R05-A-Q19-C2","R05-A-Q19","2","no","DX-A05-007","DX-A05-007","","12.3.1","rationale-based-provisional","explanation-keyword-and-candidate-ranking","docs/research/r05-choice-review.csv","individual-reason-draft","no-explicit-HOLD","技術キーワードを含む原説明からの仮候補。"
"R05-A-Q19-C3","R05-A-Q19","3","no","DX-A05-007","DX-A05-007","","12.3.1","rationale-based-provisional","explanation-keyword-and-candidate-ranking","docs/research/r05-choice-review.csv","individual-reason-draft","no-explicit-HOLD","技術キーワードを含む原説明からの仮候補。"
"R05-A-Q19-C4","R05-A-Q19","4","no","DX-A05-007","DX-A05-007","","12.3.1","rationale-based-provisional","explanation-keyword-and-candidate-ranking","docs/research/r05-choice-review.csv","individual-reason-draft","no-explicit-HOLD","技術キーワードを含む原説明からの仮候補。"
"R05-A-Q19-C5","R05-A-Q19","5","yes","DX-A05-007","DX-A05-007","DX-A05-004","12.3.1","rationale-based-provisional","explanation-keyword-and-candidate-ranking","docs/research/r05-choice-review.csv","individual-reason-draft","no-explicit-HOLD","技術キーワードを含む原説明からの仮候補。"
"R05-A-Q20-C1","R05-A-Q20","1","no","DX-A05-014","DX-A05-014","","12.5.2","weak-lexical-review-required","explanation-text-and-question-tag-ranking","docs/research/r05-choice-review.csv","individual-reason-draft","no-explicit-HOLD","直接の技術キーワード一致なし。"
"R05-A-Q20-C2","R05-A-Q20","2","no","DX-A05-014","DX-A05-014","","12.5.2","weak-lexical-review-required","explanation-text-and-question-tag-ranking","docs/research/r05-choice-review.csv","individual-reason-draft","no-explicit-HOLD","直接の技術キーワード一致なし。"
"R05-A-Q20-C3","R05-A-Q20","3","no","DX-A05-014","DX-A05-014","","12.5.2","weak-lexical-review-required","explanation-text-and-question-tag-ranking","docs/research/r05-choice-review.csv","individual-reason-draft","no-explicit-HOLD","直接の技術キーワード一致なし。"
"R05-A-Q20-C4","R05-A-Q20","4","yes","DX-A05-014","DX-A05-014","","12.5.2","rationale-based-provisional","explanation-keyword-and-candidate-ranking","docs/research/r05-choice-review.csv","individual-reason-draft","no-explicit-HOLD","技術キーワードを含む原説明からの仮候補。"
"R05-A-Q20-C5","R05-A-Q20","5","no","DX-A05-014","DX-A05-014","","12.5.2","weak-lexical-review-required","explanation-text-and-question-tag-ranking","docs/research/r05-choice-review.csv","individual-reason-draft","no-explicit-HOLD","直接の技術キーワード一致なし。"
"R05-A-Q21-C1","R05-A-Q21","1","no","DX-A05-009","DX-A05-009","","12.3.3","weak-lexical-review-required","explanation-text-and-question-tag-ranking","docs/research/r05-choice-review.csv","individual-reason-draft","no-explicit-HOLD","直接の技術キーワード一致なし。"
"R05-A-Q21-C2","R05-A-Q21","2","no","DX-A05-009","DX-A05-009","","12.3.3","weak-lexical-review-required","explanation-text-and-question-tag-ranking","docs/research/r05-choice-review.csv","individual-reason-draft","no-explicit-HOLD","直接の技術キーワード一致なし。"
"R05-A-Q21-C3","R05-A-Q21","3","yes","DX-A05-009","DX-A05-009","","12.3.3","rationale-based-provisional","explanation-keyword-and-candidate-ranking","docs/research/r05-choice-review.csv","individual-reason-draft","no-explicit-HOLD","技術キーワードを含む原説明からの仮候補。"
"R05-A-Q21-C4","R05-A-Q21","4","no","DX-A05-009","DX-A05-009","","12.3.3","weak-lexical-review-required","explanation-text-and-question-tag-ranking","docs/research/r05-choice-review.csv","individual-reason-draft","no-explicit-HOLD","直接の技術キーワード一致なし。"
"R05-A-Q21-C5","R05-A-Q21","5","no","DX-A05-009","DX-A05-009","","12.3.3","weak-lexical-review-required","explanation-text-and-question-tag-ranking","docs/research/r05-choice-review.csv","individual-reason-draft","no-explicit-HOLD","直接の技術キーワード一致なし。"
"R05-A-Q22-C1","R05-A-Q22","1","no","DX-G04-007","DX-G04-007","","4.3.3","cross-chapter-review-required","explanation-keyword-and-candidate-ranking","docs/research/r05-choice-review.csv","individual-reason-draft","no-explicit-HOLD","採択済み設問索引の章A05と候補知識の章G04が不一致。"
"R05-A-Q22-C2","R05-A-Q22","2","no","DX-A05-014","DX-A05-014","","12.5.2","rationale-based-provisional","explanation-keyword-and-candidate-ranking","docs/research/r05-choice-review.csv","individual-reason-draft","no-explicit-HOLD","技術キーワードを含む原説明からの仮候補。"
"R05-A-Q22-C3","R05-A-Q22","3","no","DX-A05-014","DX-A05-014","","12.5.2","rationale-based-provisional","explanation-keyword-and-candidate-ranking","docs/research/r05-choice-review.csv","individual-reason-draft","no-explicit-HOLD","技術キーワードを含む原説明からの仮候補。"
"R05-A-Q22-C4","R05-A-Q22","4","yes","DX-A05-015","DX-A05-015","DX-A05-014","12.5.3","rationale-based-provisional","explanation-keyword-and-candidate-ranking","docs/research/r05-choice-review.csv","individual-reason-draft","no-explicit-HOLD","技術キーワードを含む原説明からの仮候補。"
"R05-A-Q22-C5","R05-A-Q22","5","no","DX-A05-015","DX-A05-015","","12.5.3","rationale-based-provisional","explanation-keyword-and-candidate-ranking","docs/research/r05-choice-review.csv","individual-reason-draft","no-explicit-HOLD","技術キーワードを含む原説明からの仮候補。"
"R05-A-Q23-C1","R05-A-Q23","1","no","DX-A05-014","DX-A05-014","DX-G04-004","12.5.2","rationale-based-provisional","explanation-keyword-and-candidate-ranking","docs/research/r05-choice-review.csv","individual-reason-draft","no-explicit-HOLD","技術キーワードを含む原説明からの仮候補。"
"R05-A-Q23-C2","R05-A-Q23","2","no","DX-A05-014","DX-A05-014","","12.5.2","rationale-based-provisional","explanation-keyword-and-candidate-ranking","docs/research/r05-choice-review.csv","individual-reason-draft","no-explicit-HOLD","技術キーワードを含む原説明からの仮候補。"
"R05-A-Q23-C3","R05-A-Q23","3","no","DX-A05-014","DX-A05-014","","12.5.2","rationale-based-provisional","explanation-keyword-and-candidate-ranking","docs/research/r05-choice-review.csv","individual-reason-draft","no-explicit-HOLD","技術キーワードを含む原説明からの仮候補。"
"R05-A-Q23-C4","R05-A-Q23","4","yes","DX-A05-014","DX-A05-014","","12.5.2","weak-lexical-review-required","explanation-text-and-question-tag-ranking","docs/research/r05-choice-review.csv","individual-reason-draft","no-explicit-HOLD","直接の技術キーワード一致なし。"
"R05-A-Q23-C5","R05-A-Q23","5","no","DX-A05-014","DX-A05-014","DX-A05-015","12.5.2","rationale-based-provisional","explanation-keyword-and-candidate-ranking","docs/research/r05-choice-review.csv","individual-reason-draft","no-explicit-HOLD","技術キーワードを含む原説明からの仮候補。"
"R05-A-Q24-C1","R05-A-Q24","1","no","DX-A05-016","DX-A05-016","","12.6.1","cross-chapter-review-required","explanation-keyword-and-candidate-ranking","docs/research/r05-choice-review.csv","individual-reason-draft","no-explicit-HOLD","採択済み設問索引の章A01と候補知識の章A05が不一致。"
"R05-A-Q24-C2","R05-A-Q24","2","no","DX-A05-016","DX-A05-016","","12.6.1","cross-chapter-review-required","explanation-keyword-and-candidate-ranking","docs/research/r05-choice-review.csv","individual-reason-draft","no-explicit-HOLD","採択済み設問索引の章A01と候補知識の章A05が不一致。"
"R05-A-Q24-C3","R05-A-Q24","3","yes","DX-A05-016","DX-A05-016","","12.6.1","cross-chapter-review-required","explanation-keyword-and-candidate-ranking","docs/research/r05-choice-review.csv","individual-reason-draft","no-explicit-HOLD","採択済み設問索引の章A01と候補知識の章A05が不一致。"
"R05-A-Q24-C4","R05-A-Q24","4","no","DX-A05-016","DX-A05-016","","12.6.1","cross-chapter-review-required","explanation-keyword-and-candidate-ranking","docs/research/r05-choice-review.csv","individual-reason-draft","no-explicit-HOLD","採択済み設問索引の章A01と候補知識の章A05が不一致。"
"R05-A-Q24-C5","R05-A-Q24","5","no","DX-A01-007","DX-A01-007","","8.4.1","weak-lexical-review-required","explanation-text-and-question-tag-ranking","docs/research/r05-choice-review.csv","individual-reason-draft","no-explicit-HOLD","直接の技術キーワード一致なし。"
"R05-A-Q25-C1","R05-A-Q25","1","no","DX-A05-016","DX-A05-016","","12.6.1","rationale-based-provisional","explanation-keyword-and-candidate-ranking","docs/research/r05-choice-review.csv","drive-exam-page-visual-rationale-draft","HOLD","技術キーワードを含む原説明からの仮候補。"
"R05-A-Q25-C2","R05-A-Q25","2","yes","DX-A05-020","DX-A05-020","DX-A05-016","12.7.2","rationale-based-provisional","explanation-keyword-and-candidate-ranking","docs/research/r05-choice-review.csv","drive-exam-page-visual-rationale-draft","HOLD","技術キーワードを含む原説明からの仮候補。"
"R05-A-Q25-C3","R05-A-Q25","3","no","DX-A05-016","DX-A05-016","","12.6.1","weak-lexical-review-required","explanation-text-and-question-tag-ranking","docs/research/r05-choice-review.csv","drive-exam-page-visual-rationale-draft","HOLD","直接の技術キーワード一致なし。"
"R05-A-Q25-C4","R05-A-Q25","4","no","DX-A05-016","DX-A05-016","","12.6.1","weak-lexical-review-required","explanation-text-and-question-tag-ranking","docs/research/r05-choice-review.csv","drive-exam-page-visual-rationale-draft","HOLD","直接の技術キーワード一致なし。"
"R05-A-Q25-C5","R05-A-Q25","5","no","DX-A05-016","DX-A05-016","","12.6.1","rationale-based-provisional","explanation-keyword-and-candidate-ranking","docs/research/r05-choice-review.csv","drive-exam-page-visual-rationale-draft","HOLD","技術キーワードを含む原説明からの仮候補。"
"R06-G-Q01-C1","R06-G-Q01","1","yes","DX-G01-007","DX-G01-007","","1.3.1","rationale-based-provisional","explanation-keyword-and-candidate-ranking","docs/research/r06-choice-review.csv","reprint-visual-rationale-draft","HOLD","技術キーワードを含む原説明からの仮候補。"
"R06-G-Q01-C2","R06-G-Q01","2","no","DX-G01-007","DX-G01-007","","1.3.1","rationale-based-provisional","explanation-keyword-and-candidate-ranking","docs/research/r06-choice-review.csv","reprint-visual-rationale-draft","HOLD","技術キーワードを含む原説明からの仮候補。"
"R06-G-Q01-C3","R06-G-Q01","3","no","DX-G01-008","DX-G01-008","","1.3.2","rationale-based-provisional","explanation-keyword-and-candidate-ranking","docs/research/r06-choice-review.csv","reprint-visual-rationale-draft","HOLD","技術キーワードを含む原説明からの仮候補。"
"R06-G-Q01-C4","R06-G-Q01","4","no","DX-G01-009","DX-G01-009","DX-G01-008","1.3.3","rationale-based-provisional","explanation-keyword-and-candidate-ranking","docs/research/r06-choice-review.csv","reprint-visual-rationale-draft","HOLD","技術キーワードを含む原説明からの仮候補。"
"R06-G-Q01-C5","R06-G-Q01","5","no","DX-G01-010","DX-G01-010","","1.3.4","rationale-based-provisional","explanation-keyword-and-candidate-ranking","docs/research/r06-choice-review.csv","reprint-visual-rationale-draft","HOLD","技術キーワードを含む原説明からの仮候補。"
"R06-G-Q02-C1","R06-G-Q02","1","no","DX-G01-018","DX-G01-018","","1.5.4","weak-lexical-review-required","explanation-text-and-question-tag-ranking","docs/research/r06-choice-review.csv","reprint-visual-rationale-draft","HOLD","直接の技術キーワード一致なし。"
"R06-G-Q02-C2","R06-G-Q02","2","no","DX-G01-018","DX-G01-018","","1.5.4","weak-lexical-review-required","explanation-text-and-question-tag-ranking","docs/research/r06-choice-review.csv","reprint-visual-rationale-draft","HOLD","直接の技術キーワード一致なし。"
"R06-G-Q02-C3","R06-G-Q02","3","no","DX-G01-018","DX-G01-018","","1.5.4","weak-lexical-review-required","explanation-text-and-question-tag-ranking","docs/research/r06-choice-review.csv","reprint-visual-rationale-draft","HOLD","直接の技術キーワード一致なし。"
"R06-G-Q02-C4","R06-G-Q02","4","no","DX-G01-016","DX-G01-016","","1.5.2","rationale-based-provisional","explanation-keyword-and-candidate-ranking","docs/research/r06-choice-review.csv","reprint-visual-rationale-draft","HOLD","技術キーワードを含む原説明からの仮候補。"
"R06-G-Q02-C5","R06-G-Q02","5","yes","DX-G01-018","DX-G01-018","","1.5.4","weak-lexical-review-required","explanation-text-and-question-tag-ranking","docs/research/r06-choice-review.csv","reprint-visual-rationale-draft","HOLD","直接の技術キーワード一致なし。"
"R06-G-Q03-C1","R06-G-Q03","1","yes","DX-G01-005","DX-G01-005","","1.2.2","weak-lexical-review-required","explanation-text-and-question-tag-ranking","docs/research/r06-choice-review.csv","individual-reason-draft","no-explicit-HOLD","直接の技術キーワード一致なし。"
"R06-G-Q03-C2","R06-G-Q03","2","no","DX-G01-005","DX-G01-005","","1.2.2","rationale-based-provisional","explanation-keyword-and-candidate-ranking","docs/research/r06-choice-review.csv","individual-reason-draft","no-explicit-HOLD","技術キーワードを含む原説明からの仮候補。"
"R06-G-Q03-C3","R06-G-Q03","3","no","DX-G01-005","DX-G01-005","","1.2.2","rationale-based-provisional","explanation-keyword-and-candidate-ranking","docs/research/r06-choice-review.csv","individual-reason-draft","no-explicit-HOLD","技術キーワードを含む原説明からの仮候補。"
"R06-G-Q03-C4","R06-G-Q03","4","no","DX-G01-005","DX-G01-005","","1.2.2","weak-lexical-review-required","explanation-text-and-question-tag-ranking","docs/research/r06-choice-review.csv","individual-reason-draft","no-explicit-HOLD","直接の技術キーワード一致なし。"
"R06-G-Q03-C5","R06-G-Q03","5","no","DX-G01-005","DX-G01-005","","1.2.2","weak-lexical-review-required","explanation-text-and-question-tag-ranking","docs/research/r06-choice-review.csv","individual-reason-draft","no-explicit-HOLD","直接の技術キーワード一致なし。"
"R06-G-Q04-C1","R06-G-Q04","1","no","DX-G01-017","DX-G01-017","","1.5.3","weak-lexical-review-required","explanation-text-and-question-tag-ranking","docs/research/r06-choice-review.csv","individual-reason-draft","no-explicit-HOLD","直接の技術キーワード一致なし。"
"R06-G-Q04-C2","R06-G-Q04","2","no","DX-G01-017","DX-G01-017","","1.5.3","weak-lexical-review-required","explanation-text-and-question-tag-ranking","docs/research/r06-choice-review.csv","individual-reason-draft","no-explicit-HOLD","直接の技術キーワード一致なし。"
"R06-G-Q04-C3","R06-G-Q04","3","no","DX-G01-017","DX-G01-017","","1.5.3","weak-lexical-review-required","explanation-text-and-question-tag-ranking","docs/research/r06-choice-review.csv","individual-reason-draft","no-explicit-HOLD","直接の技術キーワード一致なし。"
"R06-G-Q04-C4","R06-G-Q04","4","no","DX-G01-017","DX-G01-017","","1.5.3","weak-lexical-review-required","explanation-text-and-question-tag-ranking","docs/research/r06-choice-review.csv","individual-reason-draft","no-explicit-HOLD","直接の技術キーワード一致なし。"
"R06-G-Q04-C5","R06-G-Q04","5","yes","DX-G01-017","DX-G01-017","","1.5.3","weak-lexical-review-required","explanation-text-and-question-tag-ranking","docs/research/r06-choice-review.csv","individual-reason-draft","no-explicit-HOLD","直接の技術キーワード一致なし。"
"R06-G-Q05-C1","R06-G-Q05","1","no","DX-A04-013","DX-A04-013","","11.2.2","cross-chapter-review-required","explanation-keyword-and-candidate-ranking","docs/research/r06-choice-review.csv","individual-reason-draft","no-explicit-HOLD","採択済み設問索引の章G01と候補知識の章A04が不一致。"
"R06-G-Q05-C2","R06-G-Q05","2","no","DX-A04-018","DX-A04-018","","11.2.3","cross-chapter-review-required","explanation-keyword-and-candidate-ranking","docs/research/r06-choice-review.csv","individual-reason-draft","no-explicit-HOLD","採択済み設問索引の章G01と候補知識の章A04が不一致。"
"R06-G-Q05-C3","R06-G-Q05","3","no","DX-A04-014","DX-A04-014","","11.2.4","cross-chapter-review-required","explanation-text-and-question-tag-ranking","docs/research/r06-choice-review.csv","individual-reason-draft","no-explicit-HOLD","採択済み設問索引の章G01と候補知識の章A04が不一致。"
"R06-G-Q05-C4","R06-G-Q05","4","no","DX-A04-017","DX-A04-017","","11.2.3","cross-chapter-review-required","explanation-keyword-and-candidate-ranking","docs/research/r06-choice-review.csv","individual-reason-draft","no-explicit-HOLD","採択済み設問索引の章G01と候補知識の章A04が不一致。"
"R06-G-Q05-C5","R06-G-Q05","5","yes","DX-A02-018","DX-A02-018","","9.3.2","cross-chapter-review-required","explanation-text-and-question-tag-ranking","docs/research/r06-choice-review.csv","individual-reason-draft","no-explicit-HOLD","採択済み設問索引の章G01と候補知識の章A02が不一致。"
"R06-G-Q06-C1","R06-G-Q06","1","no","DX-G02-001","DX-G02-001","","2.1.1","rationale-based-provisional","explanation-keyword-and-candidate-ranking","docs/research/r06-choice-review.csv","individual-reason-draft","no-explicit-HOLD","技術キーワードを含む原説明からの仮候補。"
"R06-G-Q06-C2","R06-G-Q06","2","no","DX-G02-001","DX-G02-001","","2.1.1","rationale-based-provisional","explanation-keyword-and-candidate-ranking","docs/research/r06-choice-review.csv","individual-reason-draft","no-explicit-HOLD","技術キーワードを含む原説明からの仮候補。"
"R06-G-Q06-C3","R06-G-Q06","3","yes","DX-G02-001","DX-G02-001","","2.1.1","rationale-based-provisional","explanation-keyword-and-candidate-ranking","docs/research/r06-choice-review.csv","individual-reason-draft","no-explicit-HOLD","技術キーワードを含む原説明からの仮候補。"
"R06-G-Q06-C4","R06-G-Q06","4","no","DX-G02-001","DX-G02-001","","2.1.1","weak-lexical-review-required","explanation-text-and-question-tag-ranking","docs/research/r06-choice-review.csv","individual-reason-draft","no-explicit-HOLD","直接の技術キーワード一致なし。"
"R06-G-Q06-C5","R06-G-Q06","5","no","DX-G02-001","DX-G02-001","","2.1.1","rationale-based-provisional","explanation-keyword-and-candidate-ranking","docs/research/r06-choice-review.csv","individual-reason-draft","no-explicit-HOLD","技術キーワードを含む原説明からの仮候補。"
"R06-G-Q07-C1","R06-G-Q07","1","no","DX-A02-014","DX-A02-014","","9.2.2","cross-chapter-review-required","explanation-keyword-and-candidate-ranking","docs/research/r06-choice-review.csv","individual-reason-draft","no-explicit-HOLD","採択済み設問索引の章G03と候補知識の章A02が不一致。"
"R06-G-Q07-C2","R06-G-Q07","2","no","DX-A02-014","DX-A02-014","","9.2.2","cross-chapter-review-required","explanation-keyword-and-candidate-ranking","docs/research/r06-choice-review.csv","individual-reason-draft","no-explicit-HOLD","採択済み設問索引の章G03と候補知識の章A02が不一致。"
"R06-G-Q07-C3","R06-G-Q07","3","no","DX-A02-014","DX-A02-014","","9.2.2","cross-chapter-review-required","explanation-keyword-and-candidate-ranking","docs/research/r06-choice-review.csv","individual-reason-draft","no-explicit-HOLD","採択済み設問索引の章G03と候補知識の章A02が不一致。"
"R06-G-Q07-C4","R06-G-Q07","4","no","DX-A02-016","DX-A02-016","","9.2.2","cross-chapter-review-required","explanation-keyword-and-candidate-ranking","docs/research/r06-choice-review.csv","individual-reason-draft","no-explicit-HOLD","採択済み設問索引の章G03と候補知識の章A02が不一致。"
"R06-G-Q07-C5","R06-G-Q07","5","yes","DX-G03-002","DX-G03-002","DX-A02-014","3.1.2","rationale-based-provisional","explanation-keyword-and-candidate-ranking","docs/research/r06-choice-review.csv","individual-reason-draft","no-explicit-HOLD","技術キーワードを含む原説明からの仮候補。"
"R06-G-Q08-C1","R06-G-Q08","1","no","DX-G03-002","DX-G03-002","","3.1.2","weak-lexical-review-required","explanation-text-and-question-tag-ranking","docs/research/r06-choice-review.csv","individual-reason-draft","no-explicit-HOLD","直接の技術キーワード一致なし。"
"R06-G-Q08-C2","R06-G-Q08","2","yes","DX-A04-017","DX-A04-017","","11.2.3","cross-chapter-review-required","explanation-keyword-and-candidate-ranking","docs/research/r06-choice-review.csv","individual-reason-draft","no-explicit-HOLD","採択済み設問索引の章G03と候補知識の章A04が不一致。"
"R06-G-Q08-C3","R06-G-Q08","3","no","DX-A04-012","DX-A04-012","","11.2.1","cross-chapter-review-required","explanation-keyword-and-candidate-ranking","docs/research/r06-choice-review.csv","individual-reason-draft","no-explicit-HOLD","採択済み設問索引の章G03と候補知識の章A04が不一致。"
"R06-G-Q08-C4","R06-G-Q08","4","no","DX-A04-018","DX-A04-018","","11.2.3","cross-chapter-review-required","explanation-keyword-and-candidate-ranking","docs/research/r06-choice-review.csv","individual-reason-draft","no-explicit-HOLD","採択済み設問索引の章G03と候補知識の章A04が不一致。"
"R06-G-Q08-C5","R06-G-Q08","5","no","DX-A04-029","DX-A04-029","","11.4.1","cross-chapter-review-required","explanation-keyword-and-candidate-ranking","docs/research/r06-choice-review.csv","individual-reason-draft","no-explicit-HOLD","採択済み設問索引の章G03と候補知識の章A04が不一致。"
"R06-G-Q09-C1","R06-G-Q09","1","no","DX-G04-004","DX-G04-004","","4.2.1","rationale-based-provisional","explanation-keyword-and-candidate-ranking","docs/research/r06-choice-review.csv","individual-reason-draft","no-explicit-HOLD","技術キーワードを含む原説明からの仮候補。"
"R06-G-Q09-C2","R06-G-Q09","2","no","DX-G04-004","DX-G04-004","","4.2.1","rationale-based-provisional","explanation-keyword-and-candidate-ranking","docs/research/r06-choice-review.csv","individual-reason-draft","no-explicit-HOLD","技術キーワードを含む原説明からの仮候補。"
"R06-G-Q09-C3","R06-G-Q09","3","no","DX-G04-006","DX-G04-006","","4.2.3","broad-question-tag-review-required","explanation-text-and-question-tag-ranking","docs/research/r06-choice-review.csv","individual-reason-draft","no-explicit-HOLD","直接の技術キーワード一致なし。"
"R06-G-Q09-C4","R06-G-Q09","4","yes","DX-G04-006","DX-G04-006","","4.2.3","broad-question-tag-review-required","explanation-text-and-question-tag-ranking","docs/research/r06-choice-review.csv","individual-reason-draft","no-explicit-HOLD","直接の技術キーワード一致なし。"
"R06-G-Q09-C5","R06-G-Q09","5","no","DX-G04-006","DX-G04-006","","4.2.3","broad-question-tag-review-required","explanation-text-and-question-tag-ranking","docs/research/r06-choice-review.csv","individual-reason-draft","no-explicit-HOLD","直接の技術キーワード一致なし。"
"R06-G-Q10-C1","R06-G-Q10","1","no","DX-G04-007","DX-G04-007","","4.3.3","rationale-based-provisional","explanation-keyword-and-candidate-ranking","docs/research/r06-choice-review.csv","individual-reason-draft","no-explicit-HOLD","技術キーワードを含む原説明からの仮候補。"
"R06-G-Q10-C2","R06-G-Q10","2","no","DX-G04-007","DX-G04-007","DX-G04-006","4.3.3","rationale-based-provisional","explanation-keyword-and-candidate-ranking","docs/research/r06-choice-review.csv","individual-reason-draft","no-explicit-HOLD","技術キーワードを含む原説明からの仮候補。"
"R06-G-Q10-C3","R06-G-Q10","3","no","DX-G04-007","DX-G04-007","","4.3.3","rationale-based-provisional","explanation-keyword-and-candidate-ranking","docs/research/r06-choice-review.csv","individual-reason-draft","no-explicit-HOLD","技術キーワードを含む原説明からの仮候補。"
"R06-G-Q10-C4","R06-G-Q10","4","yes","DX-G04-007","DX-G04-007","DX-G04-006","4.3.3","rationale-based-provisional","explanation-keyword-and-candidate-ranking","docs/research/r06-choice-review.csv","individual-reason-draft","no-explicit-HOLD","技術キーワードを含む原説明からの仮候補。"
"R06-G-Q10-C5","R06-G-Q10","5","no","DX-G04-007","DX-G04-007","DX-G04-006","4.3.3","rationale-based-provisional","explanation-keyword-and-candidate-ranking","docs/research/r06-choice-review.csv","individual-reason-draft","no-explicit-HOLD","技術キーワードを含む原説明からの仮候補。"
"R06-G-Q11-C1","R06-G-Q11","1","no","DX-G05-004","DX-G05-004","DX-A04-019","5.2.1","rationale-based-provisional","explanation-keyword-and-candidate-ranking","docs/research/r06-choice-review.csv","reprint-visual-rationale-draft","HOLD","技術キーワードを含む原説明からの仮候補。"
"R06-G-Q11-C2","R06-G-Q11","2","no","DX-A04-019","DX-A04-019","","11.2.3","cross-chapter-review-required","explanation-keyword-and-candidate-ranking","docs/research/r06-choice-review.csv","reprint-visual-rationale-draft","HOLD","採択済み設問索引の章G05と候補知識の章A04が不一致。"
"R06-G-Q11-C3","R06-G-Q11","3","no","DX-G05-004","DX-G05-004","","5.2.1","rationale-based-provisional","explanation-keyword-and-candidate-ranking","docs/research/r06-choice-review.csv","reprint-visual-rationale-draft","HOLD","技術キーワードを含む原説明からの仮候補。"
"R06-G-Q11-C4","R06-G-Q11","4","yes","DX-G05-004","DX-G05-004","DX-G04-004","5.2.1","rationale-based-provisional","explanation-keyword-and-candidate-ranking","docs/research/r06-choice-review.csv","reprint-visual-rationale-draft","HOLD","技術キーワードを含む原説明からの仮候補。"
"R06-G-Q11-C5","R06-G-Q11","5","no","DX-G05-004","DX-G05-004","","5.2.1","weak-lexical-review-required","explanation-text-and-question-tag-ranking","docs/research/r06-choice-review.csv","reprint-visual-rationale-draft","HOLD","直接の技術キーワード一致なし。"
"R06-G-Q12-C1","R06-G-Q12","1","no","DX-G05-005","DX-G05-005","","5.2.2","weak-lexical-review-required","explanation-text-and-question-tag-ranking","docs/research/r06-choice-review.csv","individual-reason-draft","no-explicit-HOLD","直接の技術キーワード一致なし。"
"R06-G-Q12-C2","R06-G-Q12","2","no","DX-G05-005","DX-G05-005","","5.2.2","weak-lexical-review-required","explanation-text-and-question-tag-ranking","docs/research/r06-choice-review.csv","individual-reason-draft","no-explicit-HOLD","直接の技術キーワード一致なし。"
"R06-G-Q12-C3","R06-G-Q12","3","yes","DX-A04-019","DX-A04-019","","11.2.3","cross-chapter-review-required","explanation-keyword-and-candidate-ranking","docs/research/r06-choice-review.csv","individual-reason-draft","no-explicit-HOLD","採択済み設問索引の章G05と候補知識の章A04が不一致。"
"R06-G-Q12-C4","R06-G-Q12","4","no","DX-A04-019","DX-A04-019","","11.2.3","cross-chapter-review-required","explanation-keyword-and-candidate-ranking","docs/research/r06-choice-review.csv","individual-reason-draft","no-explicit-HOLD","採択済み設問索引の章G05と候補知識の章A04が不一致。"
"R06-G-Q12-C5","R06-G-Q12","5","no","DX-A04-019","DX-A04-019","","11.2.3","cross-chapter-review-required","explanation-keyword-and-candidate-ranking","docs/research/r06-choice-review.csv","individual-reason-draft","no-explicit-HOLD","採択済み設問索引の章G05と候補知識の章A04が不一致。"
"R06-G-Q13-C1","R06-G-Q13","1","no","DX-G04-001","DX-G04-001","","4.1.1","weak-lexical-review-required","explanation-text-and-question-tag-ranking","docs/research/r06-choice-review.csv","individual-reason-draft","no-explicit-HOLD","直接の技術キーワード一致なし。"
"R06-G-Q13-C2","R06-G-Q13","2","yes","DX-G05-008","DX-G05-008","","5.3.3","cross-chapter-review-required","explanation-keyword-and-candidate-ranking","docs/research/r06-choice-review.csv","individual-reason-draft","no-explicit-HOLD","採択済み設問索引の章G04と候補知識の章G05が不一致。"
"R06-G-Q13-C3","R06-G-Q13","3","no","DX-G04-001","DX-G04-001","","4.1.1","weak-lexical-review-required","explanation-text-and-question-tag-ranking","docs/research/r06-choice-review.csv","individual-reason-draft","no-explicit-HOLD","直接の技術キーワード一致なし。"
"R06-G-Q13-C4","R06-G-Q13","4","no","DX-G04-001","DX-G04-001","","4.1.1","weak-lexical-review-required","explanation-text-and-question-tag-ranking","docs/research/r06-choice-review.csv","individual-reason-draft","no-explicit-HOLD","直接の技術キーワード一致なし。"
"R06-G-Q13-C5","R06-G-Q13","5","no","DX-G05-004","DX-G05-004","","5.2.1","cross-chapter-review-required","explanation-keyword-and-candidate-ranking","docs/research/r06-choice-review.csv","individual-reason-draft","no-explicit-HOLD","採択済み設問索引の章G04と候補知識の章G05が不一致。"
"R06-G-Q14-C1","R06-G-Q14","1","no","DX-G06-007","DX-G06-007","","6.3.1","weak-lexical-review-required","explanation-text-and-question-tag-ranking","docs/research/r06-choice-review.csv","individual-reason-draft","no-explicit-HOLD","直接の技術キーワード一致なし。"
"R06-G-Q14-C2","R06-G-Q14","2","no","DX-A04-012","DX-A04-012","","11.2.1","cross-chapter-review-required","explanation-keyword-and-candidate-ranking","docs/research/r06-choice-review.csv","individual-reason-draft","no-explicit-HOLD","採択済み設問索引の章G06と候補知識の章A04が不一致。"
"R06-G-Q14-C3","R06-G-Q14","3","yes","DX-G06-007","DX-G06-007","","6.3.1","weak-lexical-review-required","explanation-text-and-question-tag-ranking","docs/research/r06-choice-review.csv","individual-reason-draft","no-explicit-HOLD","直接の技術キーワード一致なし。"
"R06-G-Q14-C4","R06-G-Q14","4","no","DX-G04-014","DX-G04-014","","4.5.2","cross-chapter-review-required","explanation-keyword-and-candidate-ranking","docs/research/r06-choice-review.csv","individual-reason-draft","no-explicit-HOLD","採択済み設問索引の章G06と候補知識の章G04が不一致。"
"R06-G-Q14-C5","R06-G-Q14","5","no","DX-G06-007","DX-G06-007","","6.3.1","rationale-based-provisional","explanation-text-and-question-tag-ranking","docs/research/r06-choice-review.csv","individual-reason-draft","no-explicit-HOLD","直接の技術キーワード一致なし。"
"R06-G-Q15-C1","R06-G-Q15","1","no","DX-G01-007","DX-G01-007","DX-G04-007","1.3.1","rationale-based-provisional","explanation-keyword-and-candidate-ranking","docs/research/r06-choice-review.csv","individual-reason-draft","no-explicit-HOLD","技術キーワードを含む原説明からの仮候補。"
"R06-G-Q15-C2","R06-G-Q15","2","no","DX-G01-008","DX-G01-008","DX-G04-007","1.3.2","rationale-based-provisional","explanation-keyword-and-candidate-ranking","docs/research/r06-choice-review.csv","individual-reason-draft","no-explicit-HOLD","技術キーワードを含む原説明からの仮候補。"
"R06-G-Q15-C3","R06-G-Q15","3","yes","DX-G01-009","DX-G01-009","DX-G04-007","1.3.3","rationale-based-provisional","explanation-keyword-and-candidate-ranking","docs/research/r06-choice-review.csv","individual-reason-draft","no-explicit-HOLD","技術キーワードを含む原説明からの仮候補。"
"R06-G-Q15-C4","R06-G-Q15","4","no","DX-G01-010","DX-G01-010","DX-G04-007","1.3.4","rationale-based-provisional","explanation-keyword-and-candidate-ranking","docs/research/r06-choice-review.csv","individual-reason-draft","no-explicit-HOLD","技術キーワードを含む原説明からの仮候補。"
"R06-G-Q15-C5","R06-G-Q15","5","no","DX-A05-020","DX-A05-020","","12.7.2","cross-chapter-review-required","explanation-keyword-and-candidate-ranking","docs/research/r06-choice-review.csv","individual-reason-draft","no-explicit-HOLD","採択済み設問索引の章G01と候補知識の章A05が不一致。"
"R06-A-Q01-C1","R06-A-Q01","1","no","DX-A01-001","DX-A01-001","","8.1.2","weak-lexical-review-required","explanation-text-and-question-tag-ranking","docs/research/r06-choice-review.csv","individual-reason-draft","no-explicit-HOLD","直接の技術キーワード一致なし。"
"R06-A-Q01-C2","R06-A-Q01","2","no","DX-A01-001","DX-A01-001","","8.1.2","weak-lexical-review-required","explanation-text-and-question-tag-ranking","docs/research/r06-choice-review.csv","individual-reason-draft","no-explicit-HOLD","直接の技術キーワード一致なし。"
"R06-A-Q01-C3","R06-A-Q01","3","no","DX-A01-001","DX-A01-001","","8.1.2","weak-lexical-review-required","explanation-text-and-question-tag-ranking","docs/research/r06-choice-review.csv","individual-reason-draft","no-explicit-HOLD","直接の技術キーワード一致なし。"
"R06-A-Q01-C4","R06-A-Q01","4","no","DX-A01-001","DX-A01-001","","8.1.2","weak-lexical-review-required","explanation-text-and-question-tag-ranking","docs/research/r06-choice-review.csv","individual-reason-draft","no-explicit-HOLD","直接の技術キーワード一致なし。"
"R06-A-Q01-C5","R06-A-Q01","5","yes","DX-A01-001","DX-A01-001","","8.1.2","rationale-based-provisional","explanation-keyword-and-candidate-ranking","docs/research/r06-choice-review.csv","individual-reason-draft","no-explicit-HOLD","技術キーワードを含む原説明からの仮候補。"
"R06-A-Q02-C1","R06-A-Q02","1","no","DX-A01-001","DX-A01-001","","8.1.2","rationale-based-provisional","explanation-keyword-and-candidate-ranking","docs/research/r06-choice-review.csv","individual-reason-draft","no-explicit-HOLD","技術キーワードを含む原説明からの仮候補。"
"R06-A-Q02-C2","R06-A-Q02","2","no","DX-A01-001","DX-A01-001","","8.1.2","rationale-based-provisional","explanation-keyword-and-candidate-ranking","docs/research/r06-choice-review.csv","individual-reason-draft","no-explicit-HOLD","技術キーワードを含む原説明からの仮候補。"
"R06-A-Q02-C3","R06-A-Q02","3","no","DX-A01-001","DX-A01-001","","8.1.2","weak-lexical-review-required","explanation-text-and-question-tag-ranking","docs/research/r06-choice-review.csv","individual-reason-draft","no-explicit-HOLD","直接の技術キーワード一致なし。"
"R06-A-Q02-C4","R06-A-Q02","4","no","DX-A01-001","DX-A01-001","","8.1.2","rationale-based-provisional","explanation-keyword-and-candidate-ranking","docs/research/r06-choice-review.csv","individual-reason-draft","no-explicit-HOLD","技術キーワードを含む原説明からの仮候補。"
"R06-A-Q02-C5","R06-A-Q02","5","yes","DX-A01-001","DX-A01-001","","8.1.2","rationale-based-provisional","explanation-keyword-and-candidate-ranking","docs/research/r06-choice-review.csv","individual-reason-draft","no-explicit-HOLD","技術キーワードを含む原説明からの仮候補。"
"R06-A-Q03-C1","R06-A-Q03","1","no","DX-A01-001","DX-A01-001","","8.1.2","weak-lexical-review-required","explanation-text-and-question-tag-ranking","docs/research/r06-choice-review.csv","individual-reason-draft","no-explicit-HOLD","直接の技術キーワード一致なし。"
"R06-A-Q03-C2","R06-A-Q03","2","yes","DX-A01-001","DX-A01-001","","8.1.2","weak-lexical-review-required","explanation-text-and-question-tag-ranking","docs/research/r06-choice-review.csv","individual-reason-draft","no-explicit-HOLD","直接の技術キーワード一致なし。"
"R06-A-Q03-C3","R06-A-Q03","3","no","DX-A01-004","DX-A01-004","","8.2.1","rationale-based-provisional","explanation-keyword-and-candidate-ranking","docs/research/r06-choice-review.csv","individual-reason-draft","no-explicit-HOLD","技術キーワードを含む原説明からの仮候補。"
"R06-A-Q03-C4","R06-A-Q03","4","no","DX-A01-001","DX-A01-001","","8.1.2","weak-lexical-review-required","explanation-text-and-question-tag-ranking","docs/research/r06-choice-review.csv","individual-reason-draft","no-explicit-HOLD","直接の技術キーワード一致なし。"
"R06-A-Q03-C5","R06-A-Q03","5","no","DX-A01-001","DX-A01-001","","8.1.2","weak-lexical-review-required","explanation-text-and-question-tag-ranking","docs/research/r06-choice-review.csv","individual-reason-draft","no-explicit-HOLD","直接の技術キーワード一致なし。"
"R06-A-Q04-C1","R06-A-Q04","1","no","DX-A01-006","DX-A01-006","","8.3.1","rationale-based-provisional","explanation-keyword-and-candidate-ranking","docs/research/r06-choice-review.csv","reprint-visual-rationale-draft","HOLD","技術キーワードを含む原説明からの仮候補。"
"R06-A-Q04-C2","R06-A-Q04","2","no","DX-A01-006","DX-A01-006","","8.3.1","rationale-based-provisional","explanation-keyword-and-candidate-ranking","docs/research/r06-choice-review.csv","reprint-visual-rationale-draft","HOLD","技術キーワードを含む原説明からの仮候補。"
"R06-A-Q04-C3","R06-A-Q04","3","no","DX-A01-006","DX-A01-006","","8.3.1","rationale-based-provisional","explanation-keyword-and-candidate-ranking","docs/research/r06-choice-review.csv","reprint-visual-rationale-draft","HOLD","技術キーワードを含む原説明からの仮候補。"
"R06-A-Q04-C4","R06-A-Q04","4","yes","DX-A01-006","DX-A01-006","","8.3.1","rationale-based-provisional","explanation-keyword-and-candidate-ranking","docs/research/r06-choice-review.csv","reprint-visual-rationale-draft","HOLD","技術キーワードを含む原説明からの仮候補。"
"R06-A-Q04-C5","R06-A-Q04","5","no","DX-A01-006","DX-A01-006","","8.3.1","weak-lexical-review-required","explanation-text-and-question-tag-ranking","docs/research/r06-choice-review.csv","reprint-visual-rationale-draft","HOLD","直接の技術キーワード一致なし。"
"R06-A-Q05-C1","R06-A-Q05","1","no","DX-A01-006","DX-A01-006","","8.3.1","weak-lexical-review-required","explanation-text-and-question-tag-ranking","docs/research/r06-choice-review.csv","individual-reason-draft","no-explicit-HOLD","直接の技術キーワード一致なし。"
"R06-A-Q05-C2","R06-A-Q05","2","yes","DX-A01-006","DX-A01-006","","8.3.1","rationale-based-provisional","explanation-keyword-and-candidate-ranking","docs/research/r06-choice-review.csv","individual-reason-draft","no-explicit-HOLD","技術キーワードを含む原説明からの仮候補。"
"R06-A-Q05-C3","R06-A-Q05","3","no","DX-A01-006","DX-A01-006","","8.3.1","weak-lexical-review-required","explanation-text-and-question-tag-ranking","docs/research/r06-choice-review.csv","individual-reason-draft","no-explicit-HOLD","直接の技術キーワード一致なし。"
"R06-A-Q05-C4","R06-A-Q05","4","no","DX-A01-006","DX-A01-006","","8.3.1","rationale-based-provisional","explanation-keyword-and-candidate-ranking","docs/research/r06-choice-review.csv","individual-reason-draft","no-explicit-HOLD","技術キーワードを含む原説明からの仮候補。"
"R06-A-Q05-C5","R06-A-Q05","5","no","DX-A01-006","DX-A01-006","","8.3.1","weak-lexical-review-required","explanation-text-and-question-tag-ranking","docs/research/r06-choice-review.csv","individual-reason-draft","no-explicit-HOLD","直接の技術キーワード一致なし。"
"R06-A-Q06-C1","R06-A-Q06","1","no","DX-A01-006","DX-A01-006","","8.3.1","rationale-based-provisional","explanation-keyword-and-candidate-ranking","docs/research/r06-choice-review.csv","reprint-visual-rationale-draft","HOLD","技術キーワードを含む原説明からの仮候補。"
"R06-A-Q06-C2","R06-A-Q06","2","no","DX-A01-006","DX-A01-006","","8.3.1","weak-lexical-review-required","explanation-text-and-question-tag-ranking","docs/research/r06-choice-review.csv","reprint-visual-rationale-draft","HOLD","直接の技術キーワード一致なし。"
"R06-A-Q06-C3","R06-A-Q06","3","no","DX-A01-006","DX-A01-006","","8.3.1","weak-lexical-review-required","explanation-text-and-question-tag-ranking","docs/research/r06-choice-review.csv","reprint-visual-rationale-draft","HOLD","直接の技術キーワード一致なし。"
"R06-A-Q06-C4","R06-A-Q06","4","no","DX-A01-006","DX-A01-006","","8.3.1","weak-lexical-review-required","explanation-text-and-question-tag-ranking","docs/research/r06-choice-review.csv","reprint-visual-rationale-draft","HOLD","直接の技術キーワード一致なし。"
"R06-A-Q06-C5","R06-A-Q06","5","yes","DX-A01-006","DX-A01-006","","8.3.1","rationale-based-provisional","explanation-keyword-and-candidate-ranking","docs/research/r06-choice-review.csv","reprint-visual-rationale-draft","HOLD","技術キーワードを含む原説明からの仮候補。"
"R06-A-Q07-C1","R06-A-Q07","1","no","DX-A01-009","DX-A01-009","","8.3.2","rationale-based-provisional","explanation-keyword-and-candidate-ranking","docs/research/r06-choice-review.csv","reprint-visual-rationale-draft","HOLD","技術キーワードを含む原説明からの仮候補。"
"R06-A-Q07-C2","R06-A-Q07","2","no","DX-A01-009","DX-A01-009","","8.3.2","weak-lexical-review-required","explanation-text-and-question-tag-ranking","docs/research/r06-choice-review.csv","reprint-visual-rationale-draft","HOLD","直接の技術キーワード一致なし。"
"R06-A-Q07-C3","R06-A-Q07","3","no","DX-A01-009","DX-A01-009","","8.3.2","rationale-based-provisional","explanation-keyword-and-candidate-ranking","docs/research/r06-choice-review.csv","reprint-visual-rationale-draft","HOLD","技術キーワードを含む原説明からの仮候補。"
"R06-A-Q07-C4","R06-A-Q07","4","no","DX-A01-009","DX-A01-009","","8.3.2","weak-lexical-review-required","explanation-text-and-question-tag-ranking","docs/research/r06-choice-review.csv","reprint-visual-rationale-draft","HOLD","直接の技術キーワード一致なし。"
"R06-A-Q07-C5","R06-A-Q07","5","yes","DX-A01-009","DX-A01-009","","8.3.2","weak-lexical-review-required","explanation-text-and-question-tag-ranking","docs/research/r06-choice-review.csv","reprint-visual-rationale-draft","HOLD","直接の技術キーワード一致なし。"
"R06-A-Q08-C1","R06-A-Q08","1","yes","DX-A01-008","DX-A01-008","","8.4.2","rationale-based-provisional","explanation-keyword-and-candidate-ranking","docs/research/r06-choice-review.csv","individual-reason-draft","no-explicit-HOLD","技術キーワードを含む原説明からの仮候補。"
"R06-A-Q08-C2","R06-A-Q08","2","no","DX-A01-008","DX-A01-008","","8.4.2","weak-lexical-review-required","explanation-text-and-question-tag-ranking","docs/research/r06-choice-review.csv","individual-reason-draft","no-explicit-HOLD","直接の技術キーワード一致なし。"
"R06-A-Q08-C3","R06-A-Q08","3","no","DX-A01-008","DX-A01-008","","8.4.2","rationale-based-provisional","explanation-keyword-and-candidate-ranking","docs/research/r06-choice-review.csv","individual-reason-draft","no-explicit-HOLD","技術キーワードを含む原説明からの仮候補。"
"R06-A-Q08-C4","R06-A-Q08","4","no","DX-A01-008","DX-A01-008","","8.4.2","rationale-based-provisional","explanation-keyword-and-candidate-ranking","docs/research/r06-choice-review.csv","individual-reason-draft","no-explicit-HOLD","技術キーワードを含む原説明からの仮候補。"
"R06-A-Q08-C5","R06-A-Q08","5","no","DX-A01-008","DX-A01-008","","8.4.2","rationale-based-provisional","explanation-keyword-and-candidate-ranking","docs/research/r06-choice-review.csv","individual-reason-draft","no-explicit-HOLD","技術キーワードを含む原説明からの仮候補。"
"R06-A-Q09-C1","R06-A-Q09","1","no","DX-A01-007","DX-A01-007","","8.4.1","weak-lexical-review-required","explanation-text-and-question-tag-ranking","docs/research/r06-choice-review.csv","individual-reason-draft","no-explicit-HOLD","直接の技術キーワード一致なし。"
"R06-A-Q09-C2","R06-A-Q09","2","yes","DX-A01-007","DX-A01-007","","8.4.1","weak-lexical-review-required","explanation-text-and-question-tag-ranking","docs/research/r06-choice-review.csv","individual-reason-draft","no-explicit-HOLD","直接の技術キーワード一致なし。"
"R06-A-Q09-C3","R06-A-Q09","3","no","DX-A01-007","DX-A01-007","","8.4.1","weak-lexical-review-required","explanation-text-and-question-tag-ranking","docs/research/r06-choice-review.csv","individual-reason-draft","no-explicit-HOLD","直接の技術キーワード一致なし。"
"R06-A-Q09-C4","R06-A-Q09","4","no","DX-A01-007","DX-A01-007","","8.4.1","weak-lexical-review-required","explanation-text-and-question-tag-ranking","docs/research/r06-choice-review.csv","individual-reason-draft","no-explicit-HOLD","直接の技術キーワード一致なし。"
"R06-A-Q09-C5","R06-A-Q09","5","no","DX-A01-007","DX-A01-007","","8.4.1","weak-lexical-review-required","explanation-text-and-question-tag-ranking","docs/research/r06-choice-review.csv","individual-reason-draft","no-explicit-HOLD","直接の技術キーワード一致なし。"
"R06-A-Q10-C1","R06-A-Q10","1","no","DX-A02-001","DX-A02-014","","9.2.2","weak-lexical-review-required","explanation-text-and-question-tag-ranking","docs/research/r06-choice-review.csv","individual-reason-draft","no-explicit-HOLD","直接の技術キーワード一致なし。"
"R06-A-Q10-C2","R06-A-Q10","2","no","DX-A02-014","DX-A02-014","","9.2.2","rationale-based-provisional","explanation-keyword-and-candidate-ranking","docs/research/r06-choice-review.csv","individual-reason-draft","no-explicit-HOLD","技術キーワードを含む原説明からの仮候補。"
"R06-A-Q10-C3","R06-A-Q10","3","yes","DX-A02-001","DX-A02-014","","9.2.2","weak-lexical-review-required","explanation-text-and-question-tag-ranking","docs/research/r06-choice-review.csv","individual-reason-draft","no-explicit-HOLD","直接の技術キーワード一致なし。"
"R06-A-Q10-C4","R06-A-Q10","4","no","DX-A02-014","DX-A02-014","","9.2.2","rationale-based-provisional","explanation-keyword-and-candidate-ranking","docs/research/r06-choice-review.csv","individual-reason-draft","no-explicit-HOLD","技術キーワードを含む原説明からの仮候補。"
"R06-A-Q10-C5","R06-A-Q10","5","no","DX-A02-001","DX-A02-014","","9.2.2","weak-lexical-review-required","explanation-text-and-question-tag-ranking","docs/research/r06-choice-review.csv","individual-reason-draft","no-explicit-HOLD","直接の技術キーワード一致なし。"
"R06-A-Q11-C1","R06-A-Q11","1","no","DX-A02-002","DX-A02-015","","9.2.2","weak-lexical-review-required","explanation-text-and-question-tag-ranking","docs/research/r06-choice-review.csv","individual-reason-draft","no-explicit-HOLD","直接の技術キーワード一致なし。"
"R06-A-Q11-C2","R06-A-Q11","2","yes","DX-A02-002","DX-A02-015","","9.2.2","weak-lexical-review-required","explanation-text-and-question-tag-ranking","docs/research/r06-choice-review.csv","individual-reason-draft","no-explicit-HOLD","直接の技術キーワード一致なし。"
"R06-A-Q11-C3","R06-A-Q11","3","no","DX-A02-015","DX-A02-015","DX-A01-006","9.2.2","rationale-based-provisional","explanation-keyword-and-candidate-ranking","docs/research/r06-choice-review.csv","individual-reason-draft","no-explicit-HOLD","技術キーワードを含む原説明からの仮候補。"
"R06-A-Q11-C4","R06-A-Q11","4","no","DX-A02-002","DX-A02-015","","9.2.2","weak-lexical-review-required","explanation-text-and-question-tag-ranking","docs/research/r06-choice-review.csv","individual-reason-draft","no-explicit-HOLD","直接の技術キーワード一致なし。"
"R06-A-Q11-C5","R06-A-Q11","5","no","DX-A02-002","DX-A02-015","","9.2.2","weak-lexical-review-required","explanation-text-and-question-tag-ranking","docs/research/r06-choice-review.csv","individual-reason-draft","no-explicit-HOLD","直接の技術キーワード一致なし。"
"R06-A-Q12-C1","R06-A-Q12","1","no","DX-A02-016","DX-A02-016","","9.2.2","rationale-based-provisional","explanation-keyword-and-candidate-ranking","docs/research/r06-choice-review.csv","reprint-visual-rationale-draft","HOLD","技術キーワードを含む原説明からの仮候補。"
"R06-A-Q12-C2","R06-A-Q12","2","no","DX-A02-016","DX-A02-016","","9.2.2","rationale-based-provisional","explanation-keyword-and-candidate-ranking","docs/research/r06-choice-review.csv","reprint-visual-rationale-draft","HOLD","技術キーワードを含む原説明からの仮候補。"
"R06-A-Q12-C3","R06-A-Q12","3","no","DX-A02-016","DX-A02-016","DX-A01-001","9.2.2","rationale-based-provisional","explanation-keyword-and-candidate-ranking","docs/research/r06-choice-review.csv","reprint-visual-rationale-draft","HOLD","技術キーワードを含む原説明からの仮候補。"
"R06-A-Q12-C4","R06-A-Q12","4","yes","DX-A01-004","DX-A01-004","","8.2.1","cross-chapter-review-required","explanation-keyword-and-candidate-ranking","docs/research/r06-choice-review.csv","reprint-visual-rationale-draft","HOLD","採択済み設問索引の章A02と候補知識の章A01が不一致。"
"R06-A-Q12-C5","R06-A-Q12","5","no","DX-A02-016","DX-A02-016","","9.2.2","weak-lexical-review-required","explanation-text-and-question-tag-ranking","docs/research/r06-choice-review.csv","reprint-visual-rationale-draft","HOLD","直接の技術キーワード一致なし。"
"R06-A-Q13-C1","R06-A-Q13","1","no","DX-A03-005","DX-A03-005","","10.2.2","weak-lexical-review-required","explanation-text-and-question-tag-ranking","docs/research/r06-choice-review.csv","individual-reason-draft","no-explicit-HOLD","直接の技術キーワード一致なし。"
"R06-A-Q13-C2","R06-A-Q13","2","no","DX-A03-004","DX-A03-004","","10.2.1","rationale-based-provisional","explanation-keyword-and-candidate-ranking","docs/research/r06-choice-review.csv","individual-reason-draft","no-explicit-HOLD","技術キーワードを含む原説明からの仮候補。"
"R06-A-Q13-C3","R06-A-Q13","3","no","DX-A03-005","DX-A03-005","","10.2.2","weak-lexical-review-required","explanation-text-and-question-tag-ranking","docs/research/r06-choice-review.csv","individual-reason-draft","no-explicit-HOLD","直接の技術キーワード一致なし。"
"R06-A-Q13-C4","R06-A-Q13","4","yes","DX-A03-005","DX-A03-005","","10.2.2","rationale-based-provisional","explanation-keyword-and-candidate-ranking","docs/research/r06-choice-review.csv","individual-reason-draft","no-explicit-HOLD","技術キーワードを含む原説明からの仮候補。"
"R06-A-Q13-C5","R06-A-Q13","5","no","DX-A01-007","DX-A01-007","","8.4.1","cross-chapter-review-required","explanation-keyword-and-candidate-ranking","docs/research/r06-choice-review.csv","individual-reason-draft","no-explicit-HOLD","採択済み設問索引の章A03と候補知識の章A01が不一致。"
"R06-A-Q14-C1","R06-A-Q14","1","yes","DX-A03-005","DX-A03-005","","10.2.2","rationale-based-provisional","explanation-keyword-and-candidate-ranking","docs/research/r06-choice-review.csv","reprint-visual-rationale-draft","HOLD","技術キーワードを含む原説明からの仮候補。"
"R06-A-Q14-C2","R06-A-Q14","2","no","DX-A03-005","DX-A03-005","","10.2.2","weak-lexical-review-required","explanation-text-and-question-tag-ranking","docs/research/r06-choice-review.csv","reprint-visual-rationale-draft","HOLD","直接の技術キーワード一致なし。"
"R06-A-Q14-C3","R06-A-Q14","3","no","DX-A03-005","DX-A03-005","","10.2.2","weak-lexical-review-required","explanation-text-and-question-tag-ranking","docs/research/r06-choice-review.csv","reprint-visual-rationale-draft","HOLD","直接の技術キーワード一致なし。"
"R06-A-Q14-C4","R06-A-Q14","4","no","DX-A03-005","DX-A03-005","","10.2.2","weak-lexical-review-required","explanation-text-and-question-tag-ranking","docs/research/r06-choice-review.csv","reprint-visual-rationale-draft","HOLD","直接の技術キーワード一致なし。"
"R06-A-Q14-C5","R06-A-Q14","5","no","DX-A03-005","DX-A03-005","","10.2.2","weak-lexical-review-required","explanation-text-and-question-tag-ranking","docs/research/r06-choice-review.csv","reprint-visual-rationale-draft","HOLD","直接の技術キーワード一致なし。"
"R06-A-Q15-C1","R06-A-Q15","1","yes","DX-G05-008","DX-G05-008","","5.3.3","cross-chapter-review-required","explanation-keyword-and-candidate-ranking","docs/research/r06-choice-review.csv","individual-reason-draft","no-explicit-HOLD","採択済み設問索引の章A04と候補知識の章G05が不一致。"
"R06-A-Q15-C2","R06-A-Q15","2","no","DX-G05-008","DX-G05-008","","5.3.3","cross-chapter-review-required","explanation-keyword-and-candidate-ranking","docs/research/r06-choice-review.csv","individual-reason-draft","no-explicit-HOLD","採択済み設問索引の章A04と候補知識の章G05が不一致。"
"R06-A-Q15-C3","R06-A-Q15","3","no","DX-A04-017","DX-A04-017","","11.2.3","weak-lexical-review-required","explanation-text-and-question-tag-ranking","docs/research/r06-choice-review.csv","individual-reason-draft","no-explicit-HOLD","直接の技術キーワード一致なし。"
"R06-A-Q15-C4","R06-A-Q15","4","no","DX-G05-008","DX-G05-008","","5.3.3","cross-chapter-review-required","explanation-keyword-and-candidate-ranking","docs/research/r06-choice-review.csv","individual-reason-draft","no-explicit-HOLD","採択済み設問索引の章A04と候補知識の章G05が不一致。"
"R06-A-Q15-C5","R06-A-Q15","5","no","DX-A04-017","DX-A04-017","","11.2.3","weak-lexical-review-required","explanation-text-and-question-tag-ranking","docs/research/r06-choice-review.csv","individual-reason-draft","no-explicit-HOLD","直接の技術キーワード一致なし。"
"R06-A-Q16-C1","R06-A-Q16","1","yes","DX-A04-019","DX-A04-019","","11.2.3","weak-lexical-review-required","explanation-text-and-question-tag-ranking","docs/research/r06-choice-review.csv","individual-reason-draft","no-explicit-HOLD","直接の技術キーワード一致なし。"
"R06-A-Q16-C2","R06-A-Q16","2","no","DX-A04-019","DX-A04-019","","11.2.3","weak-lexical-review-required","explanation-text-and-question-tag-ranking","docs/research/r06-choice-review.csv","individual-reason-draft","no-explicit-HOLD","直接の技術キーワード一致なし。"
"R06-A-Q16-C3","R06-A-Q16","3","no","DX-A04-019","DX-A04-019","","11.2.3","weak-lexical-review-required","explanation-text-and-question-tag-ranking","docs/research/r06-choice-review.csv","individual-reason-draft","no-explicit-HOLD","直接の技術キーワード一致なし。"
"R06-A-Q16-C4","R06-A-Q16","4","no","DX-A04-019","DX-A04-019","","11.2.3","weak-lexical-review-required","explanation-text-and-question-tag-ranking","docs/research/r06-choice-review.csv","individual-reason-draft","no-explicit-HOLD","直接の技術キーワード一致なし。"
"R06-A-Q16-C5","R06-A-Q16","5","no","DX-A04-019","DX-A04-019","","11.2.3","weak-lexical-review-required","explanation-text-and-question-tag-ranking","docs/research/r06-choice-review.csv","individual-reason-draft","no-explicit-HOLD","直接の技術キーワード一致なし。"
"R06-A-Q17-C1","R06-A-Q17","1","no","DX-A05-014","DX-A05-014","","12.5.2","rationale-based-provisional","explanation-keyword-and-candidate-ranking","docs/research/r06-choice-review.csv","individual-reason-draft","no-explicit-HOLD","技術キーワードを含む原説明からの仮候補。"
"R06-A-Q17-C2","R06-A-Q17","2","no","DX-A05-014","DX-A05-014","","12.5.2","rationale-based-provisional","explanation-keyword-and-candidate-ranking","docs/research/r06-choice-review.csv","individual-reason-draft","no-explicit-HOLD","技術キーワードを含む原説明からの仮候補。"
"R06-A-Q17-C3","R06-A-Q17","3","yes","DX-A05-014","DX-A05-014","","12.5.2","weak-lexical-review-required","explanation-text-and-question-tag-ranking","docs/research/r06-choice-review.csv","individual-reason-draft","no-explicit-HOLD","直接の技術キーワード一致なし。"
"R06-A-Q17-C4","R06-A-Q17","4","no","DX-A05-014","DX-A05-014","","12.5.2","weak-lexical-review-required","explanation-text-and-question-tag-ranking","docs/research/r06-choice-review.csv","individual-reason-draft","no-explicit-HOLD","直接の技術キーワード一致なし。"
"R06-A-Q17-C5","R06-A-Q17","5","no","DX-A05-014","DX-A05-014","","12.5.2","rationale-based-provisional","explanation-keyword-and-candidate-ranking","docs/research/r06-choice-review.csv","individual-reason-draft","no-explicit-HOLD","技術キーワードを含む原説明からの仮候補。"
"R06-A-Q18-C1","R06-A-Q18","1","no","DX-A05-008","DX-A05-008","","12.3.2","rationale-based-provisional","explanation-keyword-and-candidate-ranking","docs/research/r06-choice-review.csv","individual-reason-draft","no-explicit-HOLD","技術キーワードを含む原説明からの仮候補。"
"R06-A-Q18-C2","R06-A-Q18","2","no","DX-A05-008","DX-A05-008","","12.3.2","rationale-based-provisional","explanation-keyword-and-candidate-ranking","docs/research/r06-choice-review.csv","individual-reason-draft","no-explicit-HOLD","技術キーワードを含む原説明からの仮候補。"
"R06-A-Q18-C3","R06-A-Q18","3","no","DX-A05-008","DX-A05-008","","12.3.2","rationale-based-provisional","explanation-keyword-and-candidate-ranking","docs/research/r06-choice-review.csv","individual-reason-draft","no-explicit-HOLD","技術キーワードを含む原説明からの仮候補。"
"R06-A-Q18-C4","R06-A-Q18","4","no","DX-A01-007","DX-A01-007","","8.4.1","cross-chapter-review-required","explanation-keyword-and-candidate-ranking","docs/research/r06-choice-review.csv","individual-reason-draft","no-explicit-HOLD","採択済み設問索引の章A05と候補知識の章A01が不一致。"
"R06-A-Q18-C5","R06-A-Q18","5","yes","DX-A05-008","DX-A05-008","","12.3.2","rationale-based-provisional","explanation-keyword-and-candidate-ranking","docs/research/r06-choice-review.csv","individual-reason-draft","no-explicit-HOLD","技術キーワードを含む原説明からの仮候補。"
"R06-A-Q19-C1","R06-A-Q19","1","no","DX-A05-011","DX-A05-011","","12.4.2","rationale-based-provisional","explanation-keyword-and-candidate-ranking","docs/research/r06-choice-review.csv","reprint-visual-rationale-draft","HOLD","技術キーワードを含む原説明からの仮候補。"
"R06-A-Q19-C2","R06-A-Q19","2","yes","DX-A05-011","DX-A05-011","","12.4.2","rationale-based-provisional","explanation-keyword-and-candidate-ranking","docs/research/r06-choice-review.csv","reprint-visual-rationale-draft","HOLD","技術キーワードを含む原説明からの仮候補。"
"R06-A-Q19-C3","R06-A-Q19","3","no","DX-A05-011","DX-A05-011","","12.4.2","rationale-based-provisional","explanation-keyword-and-candidate-ranking","docs/research/r06-choice-review.csv","reprint-visual-rationale-draft","HOLD","技術キーワードを含む原説明からの仮候補。"
"R06-A-Q19-C4","R06-A-Q19","4","no","DX-A05-011","DX-A05-011","","12.4.2","rationale-based-provisional","explanation-keyword-and-candidate-ranking","docs/research/r06-choice-review.csv","reprint-visual-rationale-draft","HOLD","技術キーワードを含む原説明からの仮候補。"
"R06-A-Q19-C5","R06-A-Q19","5","no","DX-A05-009","DX-A05-009","","12.3.3","rationale-based-provisional","explanation-keyword-and-candidate-ranking","docs/research/r06-choice-review.csv","reprint-visual-rationale-draft","HOLD","技術キーワードを含む原説明からの仮候補。"
"R06-A-Q20-C1","R06-A-Q20","1","no","DX-A05-009","DX-A05-009","","12.3.3","rationale-based-provisional","explanation-keyword-and-candidate-ranking","docs/research/r06-choice-review.csv","individual-reason-draft","no-explicit-HOLD","技術キーワードを含む原説明からの仮候補。"
"R06-A-Q20-C2","R06-A-Q20","2","no","DX-A05-009","DX-A05-009","DX-A05-007","12.3.3","rationale-based-provisional","explanation-keyword-and-candidate-ranking","docs/research/r06-choice-review.csv","individual-reason-draft","no-explicit-HOLD","技術キーワードを含む原説明からの仮候補。"
"R06-A-Q20-C3","R06-A-Q20","3","no","DX-A05-008","DX-A05-008","DX-A05-009","12.3.2","rationale-based-provisional","explanation-keyword-and-candidate-ranking","docs/research/r06-choice-review.csv","individual-reason-draft","no-explicit-HOLD","技術キーワードを含む原説明からの仮候補。"
"R06-A-Q20-C4","R06-A-Q20","4","no","DX-A05-009","DX-A05-009","","12.3.3","rationale-based-provisional","explanation-keyword-and-candidate-ranking","docs/research/r06-choice-review.csv","individual-reason-draft","no-explicit-HOLD","技術キーワードを含む原説明からの仮候補。"
"R06-A-Q20-C5","R06-A-Q20","5","yes","DX-A05-009","DX-A05-009","DX-A05-012","12.3.3","rationale-based-provisional","explanation-keyword-and-candidate-ranking","docs/research/r06-choice-review.csv","individual-reason-draft","no-explicit-HOLD","技術キーワードを含む原説明からの仮候補。"
"R06-A-Q21-C1","R06-A-Q21","1","no","DX-A05-011","DX-A05-011","DX-A05-012","12.4.2","rationale-based-provisional","explanation-keyword-and-candidate-ranking","docs/research/r06-choice-review.csv","reprint-visual-rationale-draft","HOLD","技術キーワードを含む原説明からの仮候補。"
"R06-A-Q21-C2","R06-A-Q21","2","yes","DX-A05-011","DX-A05-011","","12.4.2","rationale-based-provisional","explanation-keyword-and-candidate-ranking","docs/research/r06-choice-review.csv","reprint-visual-rationale-draft","HOLD","技術キーワードを含む原説明からの仮候補。"
"R06-A-Q21-C3","R06-A-Q21","3","no","DX-A05-011","DX-A05-011","","12.4.2","rationale-based-provisional","explanation-keyword-and-candidate-ranking","docs/research/r06-choice-review.csv","reprint-visual-rationale-draft","HOLD","技術キーワードを含む原説明からの仮候補。"
"R06-A-Q21-C4","R06-A-Q21","4","no","DX-A05-011","DX-A05-011","","12.4.2","weak-lexical-review-required","explanation-text-and-question-tag-ranking","docs/research/r06-choice-review.csv","reprint-visual-rationale-draft","HOLD","直接の技術キーワード一致なし。"
"R06-A-Q21-C5","R06-A-Q21","5","no","DX-A05-014","DX-A05-014","","12.5.2","rationale-based-provisional","explanation-keyword-and-candidate-ranking","docs/research/r06-choice-review.csv","reprint-visual-rationale-draft","HOLD","技術キーワードを含む原説明からの仮候補。"
"R06-A-Q22-C1","R06-A-Q22","1","no","DX-A05-009","DX-A05-009","","12.3.3","rationale-based-provisional","explanation-keyword-and-candidate-ranking","docs/research/r06-choice-review.csv","individual-reason-draft","no-explicit-HOLD","技術キーワードを含む原説明からの仮候補。"
"R06-A-Q22-C2","R06-A-Q22","2","no","DX-A05-012","DX-A05-012","","12.4.3","weak-lexical-review-required","explanation-text-and-question-tag-ranking","docs/research/r06-choice-review.csv","individual-reason-draft","no-explicit-HOLD","直接の技術キーワード一致なし。"
"R06-A-Q22-C3","R06-A-Q22","3","yes","DX-A05-008","DX-A05-008","DX-A05-012","12.3.2","rationale-based-provisional","explanation-keyword-and-candidate-ranking","docs/research/r06-choice-review.csv","individual-reason-draft","no-explicit-HOLD","技術キーワードを含む原説明からの仮候補。"
"R06-A-Q22-C4","R06-A-Q22","4","no","DX-A05-009","DX-A05-009","","12.3.3","rationale-based-provisional","explanation-keyword-and-candidate-ranking","docs/research/r06-choice-review.csv","individual-reason-draft","no-explicit-HOLD","技術キーワードを含む原説明からの仮候補。"
"R06-A-Q22-C5","R06-A-Q22","5","no","DX-A05-012","DX-A05-012","","12.4.3","weak-lexical-review-required","explanation-text-and-question-tag-ranking","docs/research/r06-choice-review.csv","individual-reason-draft","no-explicit-HOLD","直接の技術キーワード一致なし。"
"R06-A-Q23-C1","R06-A-Q23","1","no","DX-A05-014","DX-A05-014","","12.5.2","weak-lexical-review-required","explanation-text-and-question-tag-ranking","docs/research/r06-choice-review.csv","individual-reason-draft","no-explicit-HOLD","直接の技術キーワード一致なし。"
"R06-A-Q23-C2","R06-A-Q23","2","no","DX-A05-014","DX-A05-014","","12.5.2","weak-lexical-review-required","explanation-text-and-question-tag-ranking","docs/research/r06-choice-review.csv","individual-reason-draft","no-explicit-HOLD","直接の技術キーワード一致なし。"
"R06-A-Q23-C3","R06-A-Q23","3","no","DX-A05-014","DX-A05-014","","12.5.2","weak-lexical-review-required","explanation-text-and-question-tag-ranking","docs/research/r06-choice-review.csv","individual-reason-draft","no-explicit-HOLD","直接の技術キーワード一致なし。"
"R06-A-Q23-C4","R06-A-Q23","4","yes","DX-A05-014","DX-A05-014","","12.5.2","weak-lexical-review-required","explanation-text-and-question-tag-ranking","docs/research/r06-choice-review.csv","individual-reason-draft","no-explicit-HOLD","直接の技術キーワード一致なし。"
"R06-A-Q23-C5","R06-A-Q23","5","no","DX-A05-003","DX-A05-003","","12.1.3","rationale-based-provisional","explanation-keyword-and-candidate-ranking","docs/research/r06-choice-review.csv","individual-reason-draft","no-explicit-HOLD","技術キーワードを含む原説明からの仮候補。"
"R06-A-Q24-C1","R06-A-Q24","1","no","DX-A05-009","DX-A05-009","","12.3.3","rationale-based-provisional","explanation-keyword-and-candidate-ranking","docs/research/r06-choice-review.csv","individual-reason-draft","no-explicit-HOLD","技術キーワードを含む原説明からの仮候補。"
"R06-A-Q24-C2","R06-A-Q24","2","no","DX-A05-009","DX-A05-009","","12.3.3","weak-lexical-review-required","explanation-text-and-question-tag-ranking","docs/research/r06-choice-review.csv","individual-reason-draft","no-explicit-HOLD","直接の技術キーワード一致なし。"
"R06-A-Q24-C3","R06-A-Q24","3","yes","DX-A05-009","DX-A05-009","","12.3.3","rationale-based-provisional","explanation-keyword-and-candidate-ranking","docs/research/r06-choice-review.csv","individual-reason-draft","no-explicit-HOLD","技術キーワードを含む原説明からの仮候補。"
"R06-A-Q24-C4","R06-A-Q24","4","no","DX-A05-009","DX-A05-009","","12.3.3","weak-lexical-review-required","explanation-text-and-question-tag-ranking","docs/research/r06-choice-review.csv","individual-reason-draft","no-explicit-HOLD","直接の技術キーワード一致なし。"
"R06-A-Q24-C5","R06-A-Q24","5","no","DX-A05-009","DX-A05-009","","12.3.3","weak-lexical-review-required","explanation-text-and-question-tag-ranking","docs/research/r06-choice-review.csv","individual-reason-draft","no-explicit-HOLD","直接の技術キーワード一致なし。"
"R06-A-Q25-C1","R06-A-Q25","1","no","DX-A05-009","DX-A05-009","","12.3.3","rationale-based-provisional","explanation-keyword-and-candidate-ranking","docs/research/r06-choice-review.csv","individual-reason-draft","no-explicit-HOLD","技術キーワードを含む原説明からの仮候補。"
"R06-A-Q25-C2","R06-A-Q25","2","no","DX-A05-008","DX-A05-008","DX-A05-009","12.3.2","rationale-based-provisional","explanation-keyword-and-candidate-ranking","docs/research/r06-choice-review.csv","individual-reason-draft","no-explicit-HOLD","技術キーワードを含む原説明からの仮候補。"
"R06-A-Q25-C3","R06-A-Q25","3","no","DX-A05-016","DX-A05-016","","12.6.1","weak-lexical-review-required","explanation-text-and-question-tag-ranking","docs/research/r06-choice-review.csv","individual-reason-draft","no-explicit-HOLD","直接の技術キーワード一致なし。"
"R06-A-Q25-C4","R06-A-Q25","4","yes","DX-A05-016","DX-A05-016","","12.6.1","weak-lexical-review-required","explanation-text-and-question-tag-ranking","docs/research/r06-choice-review.csv","individual-reason-draft","no-explicit-HOLD","直接の技術キーワード一致なし。"
"R06-A-Q25-C5","R06-A-Q25","5","no","DX-A05-014","DX-A05-014","DX-A05-016","12.5.2","rationale-based-provisional","explanation-keyword-and-candidate-ranking","docs/research/r06-choice-review.csv","individual-reason-draft","no-explicit-HOLD","技術キーワードを含む原説明からの仮候補。"
"R07-G-Q01-C1","R07-G-Q01","1","no","DX-A05-007","DX-A05-007","","12.3.1","cross-chapter-review-required","explanation-keyword-and-candidate-ranking","docs/research/r07-choice-review.csv","individual-reason-draft","no-explicit-HOLD","採択済み設問索引の章G01と候補知識の章A05が不一致。"
"R07-G-Q01-C2","R07-G-Q01","2","no","DX-A05-011","DX-A05-011","","12.4.2","cross-chapter-review-required","explanation-keyword-and-candidate-ranking","docs/research/r07-choice-review.csv","individual-reason-draft","no-explicit-HOLD","採択済み設問索引の章G01と候補知識の章A05が不一致。"
"R07-G-Q01-C3","R07-G-Q01","3","yes","DX-A05-011","DX-A05-011","","12.4.2","cross-chapter-review-required","explanation-keyword-and-candidate-ranking","docs/research/r07-choice-review.csv","individual-reason-draft","no-explicit-HOLD","採択済み設問索引の章G01と候補知識の章A05が不一致。"
"R07-G-Q01-C4","R07-G-Q01","4","no","DX-G01-010","DX-G01-010","","1.3.4","weak-lexical-review-required","explanation-text-and-question-tag-ranking","docs/research/r07-choice-review.csv","individual-reason-draft","no-explicit-HOLD","直接の技術キーワード一致なし。"
"R07-G-Q01-C5","R07-G-Q01","5","no","DX-G01-010","DX-G01-010","","1.3.4","weak-lexical-review-required","explanation-text-and-question-tag-ranking","docs/research/r07-choice-review.csv","individual-reason-draft","no-explicit-HOLD","直接の技術キーワード一致なし。"
"R07-G-Q02-C1","R07-G-Q02","1","no","DX-G01-011","DX-G01-011","","1.4.3","weak-lexical-review-required","explanation-text-and-question-tag-ranking","docs/research/r07-choice-review.csv","individual-reason-draft","no-explicit-HOLD","直接の技術キーワード一致なし。"
"R07-G-Q02-C2","R07-G-Q02","2","no","DX-A02-015","DX-A02-015","","9.2.2","cross-chapter-review-required","explanation-keyword-and-candidate-ranking","docs/research/r07-choice-review.csv","individual-reason-draft","no-explicit-HOLD","採択済み設問索引の章G01と候補知識の章A02が不一致。"
"R07-G-Q02-C3","R07-G-Q02","3","no","DX-A02-015","DX-A02-015","","9.2.2","cross-chapter-review-required","explanation-keyword-and-candidate-ranking","docs/research/r07-choice-review.csv","individual-reason-draft","no-explicit-HOLD","採択済み設問索引の章G01と候補知識の章A02が不一致。"
"R07-G-Q02-C4","R07-G-Q02","4","yes","DX-A02-015","DX-A02-015","","9.2.2","cross-chapter-review-required","explanation-keyword-and-candidate-ranking","docs/research/r07-choice-review.csv","individual-reason-draft","no-explicit-HOLD","採択済み設問索引の章G01と候補知識の章A02が不一致。"
"R07-G-Q02-C5","R07-G-Q02","5","no","DX-G01-011","DX-G01-011","","1.4.3","weak-lexical-review-required","explanation-text-and-question-tag-ranking","docs/research/r07-choice-review.csv","individual-reason-draft","no-explicit-HOLD","直接の技術キーワード一致なし。"
"R07-G-Q03-C1","R07-G-Q03","1","no","DX-G01-001","DX-G01-001","","1.1.1","weak-lexical-review-required","explanation-text-and-question-tag-ranking","docs/research/r07-choice-review.csv","individual-reason-draft","no-explicit-HOLD","直接の技術キーワード一致なし。"
"R07-G-Q03-C2","R07-G-Q03","2","no","DX-G01-001","DX-G01-001","","1.1.1","weak-lexical-review-required","explanation-text-and-question-tag-ranking","docs/research/r07-choice-review.csv","individual-reason-draft","no-explicit-HOLD","直接の技術キーワード一致なし。"
"R07-G-Q03-C3","R07-G-Q03","3","no","DX-G01-001","DX-G01-001","","1.1.1","weak-lexical-review-required","explanation-text-and-question-tag-ranking","docs/research/r07-choice-review.csv","individual-reason-draft","no-explicit-HOLD","直接の技術キーワード一致なし。"
"R07-G-Q03-C4","R07-G-Q03","4","no","DX-G01-001","DX-G01-001","","1.1.1","weak-lexical-review-required","explanation-text-and-question-tag-ranking","docs/research/r07-choice-review.csv","individual-reason-draft","no-explicit-HOLD","直接の技術キーワード一致なし。"
"R07-G-Q03-C5","R07-G-Q03","5","yes","DX-G01-001","DX-G01-001","","1.1.1","weak-lexical-review-required","explanation-text-and-question-tag-ranking","docs/research/r07-choice-review.csv","individual-reason-draft","no-explicit-HOLD","直接の技術キーワード一致なし。"
"R07-G-Q04-C1","R07-G-Q04","1","no","DX-A05-008","DX-A05-008","","12.3.2","cross-chapter-review-required","explanation-keyword-and-candidate-ranking","docs/research/r07-choice-review.csv","individual-reason-draft","no-explicit-HOLD","採択済み設問索引の章G01と候補知識の章A05が不一致。"
"R07-G-Q04-C2","R07-G-Q04","2","yes","DX-A04-012","DX-A04-012","","11.2.1","cross-chapter-review-required","explanation-keyword-and-candidate-ranking","docs/research/r07-choice-review.csv","individual-reason-draft","no-explicit-HOLD","採択済み設問索引の章G01と候補知識の章A04が不一致。"
"R07-G-Q04-C3","R07-G-Q04","3","no","DX-A04-019","DX-A04-019","","11.2.3","cross-chapter-review-required","explanation-keyword-and-candidate-ranking","docs/research/r07-choice-review.csv","individual-reason-draft","no-explicit-HOLD","採択済み設問索引の章G01と候補知識の章A04が不一致。"
"R07-G-Q04-C4","R07-G-Q04","4","no","DX-A02-014","DX-A02-014","","9.2.2","cross-chapter-review-required","explanation-keyword-and-candidate-ranking","docs/research/r07-choice-review.csv","individual-reason-draft","no-explicit-HOLD","採択済み設問索引の章G01と候補知識の章A02が不一致。"
"R07-G-Q04-C5","R07-G-Q04","5","no","DX-A02-017","DX-A02-017","","9.3.1","cross-chapter-review-required","explanation-keyword-and-candidate-ranking","docs/research/r07-choice-review.csv","individual-reason-draft","no-explicit-HOLD","採択済み設問索引の章G01と候補知識の章A02が不一致。"
"R07-G-Q05-C1","R07-G-Q05","1","no","DX-G01-015","DX-G01-015","","1.5.1","weak-lexical-review-required","explanation-text-and-question-tag-ranking","docs/research/r07-choice-review.csv","individual-reason-draft","no-explicit-HOLD","直接の技術キーワード一致なし。"
"R07-G-Q05-C2","R07-G-Q05","2","yes","DX-G01-015","DX-G01-015","","1.5.1","weak-lexical-review-required","explanation-text-and-question-tag-ranking","docs/research/r07-choice-review.csv","individual-reason-draft","no-explicit-HOLD","直接の技術キーワード一致なし。"
"R07-G-Q05-C3","R07-G-Q05","3","no","DX-G01-015","DX-G01-015","","1.5.1","weak-lexical-review-required","explanation-text-and-question-tag-ranking","docs/research/r07-choice-review.csv","individual-reason-draft","no-explicit-HOLD","直接の技術キーワード一致なし。"
"R07-G-Q05-C4","R07-G-Q05","4","no","DX-G01-015","DX-G01-015","","1.5.1","weak-lexical-review-required","explanation-text-and-question-tag-ranking","docs/research/r07-choice-review.csv","individual-reason-draft","no-explicit-HOLD","直接の技術キーワード一致なし。"
"R07-G-Q05-C5","R07-G-Q05","5","no","DX-G01-015","DX-G01-015","","1.5.1","weak-lexical-review-required","explanation-text-and-question-tag-ranking","docs/research/r07-choice-review.csv","individual-reason-draft","no-explicit-HOLD","直接の技術キーワード一致なし。"
"R07-G-Q06-C1","R07-G-Q06","1","no","DX-G02-001","DX-G02-001","","2.1.1","weak-lexical-review-required","explanation-text-and-question-tag-ranking","docs/research/r07-choice-review.csv","individual-reason-draft","no-explicit-HOLD","直接の技術キーワード一致なし。"
"R07-G-Q06-C2","R07-G-Q06","2","no","DX-G02-001","DX-G02-001","","2.1.1","weak-lexical-review-required","explanation-text-and-question-tag-ranking","docs/research/r07-choice-review.csv","individual-reason-draft","no-explicit-HOLD","直接の技術キーワード一致なし。"
"R07-G-Q06-C3","R07-G-Q06","3","yes","DX-G02-001","DX-G02-001","","2.1.1","rationale-based-provisional","explanation-keyword-and-candidate-ranking","docs/research/r07-choice-review.csv","individual-reason-draft","no-explicit-HOLD","技術キーワードを含む原説明からの仮候補。"
"R07-G-Q06-C4","R07-G-Q06","4","no","DX-G02-001","DX-G02-001","","2.1.1","weak-lexical-review-required","explanation-text-and-question-tag-ranking","docs/research/r07-choice-review.csv","individual-reason-draft","no-explicit-HOLD","直接の技術キーワード一致なし。"
"R07-G-Q06-C5","R07-G-Q06","5","no","DX-G02-001","DX-G02-001","","2.1.1","weak-lexical-review-required","explanation-text-and-question-tag-ranking","docs/research/r07-choice-review.csv","individual-reason-draft","no-explicit-HOLD","直接の技術キーワード一致なし。"
"R07-G-Q07-C1","R07-G-Q07","1","yes","DX-G03-002","DX-G03-002","","3.1.2","weak-lexical-review-required","explanation-text-and-question-tag-ranking","docs/research/r07-choice-review.csv","individual-reason-draft","no-explicit-HOLD","直接の技術キーワード一致なし。"
"R07-G-Q07-C2","R07-G-Q07","2","no","DX-G03-002","DX-G03-002","","3.1.2","weak-lexical-review-required","explanation-text-and-question-tag-ranking","docs/research/r07-choice-review.csv","individual-reason-draft","no-explicit-HOLD","直接の技術キーワード一致なし。"
"R07-G-Q07-C3","R07-G-Q07","3","no","DX-G03-002","DX-G03-002","","3.1.2","rationale-based-provisional","explanation-text-and-question-tag-ranking","docs/research/r07-choice-review.csv","individual-reason-draft","no-explicit-HOLD","直接の技術キーワード一致なし。"
"R07-G-Q07-C4","R07-G-Q07","4","no","DX-G03-002","DX-G03-002","","3.1.2","weak-lexical-review-required","explanation-text-and-question-tag-ranking","docs/research/r07-choice-review.csv","individual-reason-draft","no-explicit-HOLD","直接の技術キーワード一致なし。"
"R07-G-Q07-C5","R07-G-Q07","5","no","DX-G03-002","DX-G03-002","","3.1.2","weak-lexical-review-required","explanation-text-and-question-tag-ranking","docs/research/r07-choice-review.csv","individual-reason-draft","no-explicit-HOLD","直接の技術キーワード一致なし。"
"R07-G-Q08-C1","R07-G-Q08","1","no","DX-G04-001","DX-G04-001","","4.1.1","rationale-based-provisional","explanation-keyword-and-candidate-ranking","docs/research/r07-choice-review.csv","individual-reason-draft","no-explicit-HOLD","技術キーワードを含む原説明からの仮候補。"
"R07-G-Q08-C2","R07-G-Q08","2","no","DX-G04-004","DX-G04-004","","4.2.1","rationale-based-provisional","explanation-keyword-and-candidate-ranking","docs/research/r07-choice-review.csv","individual-reason-draft","no-explicit-HOLD","技術キーワードを含む原説明からの仮候補。"
"R07-G-Q08-C3","R07-G-Q08","3","no","DX-G04-004","DX-G04-004","","4.2.1","rationale-based-provisional","explanation-keyword-and-candidate-ranking","docs/research/r07-choice-review.csv","individual-reason-draft","no-explicit-HOLD","技術キーワードを含む原説明からの仮候補。"
"R07-G-Q08-C4","R07-G-Q08","4","no","DX-G04-003","DX-G04-003","","4.1.3","weak-lexical-review-required","explanation-text-and-question-tag-ranking","docs/research/r07-choice-review.csv","individual-reason-draft","no-explicit-HOLD","直接の技術キーワード一致なし。"
"R07-G-Q08-C5","R07-G-Q08","5","yes","DX-G04-006","DX-G04-006","","4.2.3","rationale-based-provisional","explanation-keyword-and-candidate-ranking","docs/research/r07-choice-review.csv","individual-reason-draft","no-explicit-HOLD","技術キーワードを含む原説明からの仮候補。"
"R07-G-Q09-C1","R07-G-Q09","1","no","DX-G04-010","DX-G04-010","","4.4.1","weak-lexical-review-required","explanation-text-and-question-tag-ranking","docs/research/r07-choice-review.csv","individual-reason-draft","no-explicit-HOLD","直接の技術キーワード一致なし。"
"R07-G-Q09-C2","R07-G-Q09","2","no","DX-G04-010","DX-G04-010","","4.4.1","weak-lexical-review-required","explanation-text-and-question-tag-ranking","docs/research/r07-choice-review.csv","individual-reason-draft","no-explicit-HOLD","直接の技術キーワード一致なし。"
"R07-G-Q09-C3","R07-G-Q09","3","no","DX-G04-010","DX-G04-010","","4.4.1","weak-lexical-review-required","explanation-text-and-question-tag-ranking","docs/research/r07-choice-review.csv","individual-reason-draft","no-explicit-HOLD","直接の技術キーワード一致なし。"
"R07-G-Q09-C4","R07-G-Q09","4","no","DX-G04-011","DX-G04-011","","4.4.2","rationale-based-provisional","explanation-keyword-and-candidate-ranking","docs/research/r07-choice-review.csv","individual-reason-draft","no-explicit-HOLD","技術キーワードを含む原説明からの仮候補。"
"R07-G-Q09-C5","R07-G-Q09","5","yes","DX-G04-011","DX-G04-011","","4.4.2","rationale-based-provisional","explanation-keyword-and-candidate-ranking","docs/research/r07-choice-review.csv","individual-reason-draft","no-explicit-HOLD","技術キーワードを含む原説明からの仮候補。"
"R07-G-Q10-C1","R07-G-Q10","1","no","DX-G04-007","DX-G04-007","","4.3.3","rationale-based-provisional","explanation-keyword-and-candidate-ranking","docs/research/r07-choice-review.csv","individual-reason-draft","no-explicit-HOLD","技術キーワードを含む原説明からの仮候補。"
"R07-G-Q10-C2","R07-G-Q10","2","no","DX-G04-007","DX-G04-007","","4.3.3","rationale-based-provisional","explanation-keyword-and-candidate-ranking","docs/research/r07-choice-review.csv","individual-reason-draft","no-explicit-HOLD","技術キーワードを含む原説明からの仮候補。"
"R07-G-Q10-C3","R07-G-Q10","3","no","DX-G04-007","DX-G04-007","","4.3.3","rationale-based-provisional","explanation-keyword-and-candidate-ranking","docs/research/r07-choice-review.csv","individual-reason-draft","no-explicit-HOLD","技術キーワードを含む原説明からの仮候補。"
"R07-G-Q10-C4","R07-G-Q10","4","yes","DX-G04-007","DX-G04-007","DX-G04-006","4.3.3","rationale-based-provisional","explanation-keyword-and-candidate-ranking","docs/research/r07-choice-review.csv","individual-reason-draft","no-explicit-HOLD","技術キーワードを含む原説明からの仮候補。"
"R07-G-Q10-C5","R07-G-Q10","5","no","DX-G04-007","DX-G04-007","","4.3.3","rationale-based-provisional","explanation-keyword-and-candidate-ranking","docs/research/r07-choice-review.csv","individual-reason-draft","no-explicit-HOLD","技術キーワードを含む原説明からの仮候補。"
"R07-G-Q11-C1","R07-G-Q11","1","yes","DX-G05-004","DX-G05-004","","5.2.1","rationale-based-provisional","explanation-keyword-and-candidate-ranking","docs/research/r07-choice-review.csv","individual-reason-draft","no-explicit-HOLD","技術キーワードを含む原説明からの仮候補。"
"R07-G-Q11-C2","R07-G-Q11","2","no","DX-G05-004","DX-G05-004","","5.2.1","weak-lexical-review-required","explanation-text-and-question-tag-ranking","docs/research/r07-choice-review.csv","individual-reason-draft","no-explicit-HOLD","直接の技術キーワード一致なし。"
"R07-G-Q11-C3","R07-G-Q11","3","no","DX-G05-004","DX-G05-004","","5.2.1","weak-lexical-review-required","explanation-text-and-question-tag-ranking","docs/research/r07-choice-review.csv","individual-reason-draft","no-explicit-HOLD","直接の技術キーワード一致なし。"
"R07-G-Q11-C4","R07-G-Q11","4","no","DX-G05-004","DX-G05-004","","5.2.1","weak-lexical-review-required","explanation-text-and-question-tag-ranking","docs/research/r07-choice-review.csv","individual-reason-draft","no-explicit-HOLD","直接の技術キーワード一致なし。"
"R07-G-Q11-C5","R07-G-Q11","5","no","DX-G05-004","DX-G05-004","DX-G04-001","5.2.1","rationale-based-provisional","explanation-keyword-and-candidate-ranking","docs/research/r07-choice-review.csv","individual-reason-draft","no-explicit-HOLD","技術キーワードを含む原説明からの仮候補。"
"R07-G-Q12-C1","R07-G-Q12","1","no","DX-G05-008","DX-G05-008","","5.3.3","rationale-based-provisional","explanation-keyword-and-candidate-ranking","docs/research/r07-choice-review.csv","individual-reason-draft","no-explicit-HOLD","技術キーワードを含む原説明からの仮候補。"
"R07-G-Q12-C2","R07-G-Q12","2","no","DX-G05-008","DX-G05-008","","5.3.3","weak-lexical-review-required","explanation-text-and-question-tag-ranking","docs/research/r07-choice-review.csv","individual-reason-draft","no-explicit-HOLD","直接の技術キーワード一致なし。"
"R07-G-Q12-C3","R07-G-Q12","3","yes","DX-G05-008","DX-G05-008","","5.3.3","weak-lexical-review-required","explanation-text-and-question-tag-ranking","docs/research/r07-choice-review.csv","individual-reason-draft","no-explicit-HOLD","直接の技術キーワード一致なし。"
"R07-G-Q12-C4","R07-G-Q12","4","no","DX-G05-008","DX-G05-008","","5.3.3","weak-lexical-review-required","explanation-text-and-question-tag-ranking","docs/research/r07-choice-review.csv","individual-reason-draft","no-explicit-HOLD","直接の技術キーワード一致なし。"
"R07-G-Q12-C5","R07-G-Q12","5","no","DX-G05-008","DX-G05-008","","5.3.3","weak-lexical-review-required","explanation-text-and-question-tag-ranking","docs/research/r07-choice-review.csv","individual-reason-draft","no-explicit-HOLD","直接の技術キーワード一致なし。"
"R07-G-Q13-C1","R07-G-Q13","1","yes","DX-G05-005","DX-G05-005","DX-A02-014","5.2.2","rationale-based-provisional","explanation-keyword-and-candidate-ranking","docs/research/r07-choice-review.csv","individual-reason-draft","no-explicit-HOLD","技術キーワードを含む原説明からの仮候補。"
"R07-G-Q13-C2","R07-G-Q13","2","no","DX-G05-002","DX-G05-002","","5.1.2","weak-lexical-review-required","explanation-text-and-question-tag-ranking","docs/research/r07-choice-review.csv","individual-reason-draft","no-explicit-HOLD","直接の技術キーワード一致なし。"
"R07-G-Q13-C3","R07-G-Q13","3","no","DX-A04-012","DX-A04-012","","11.2.1","cross-chapter-review-required","explanation-keyword-and-candidate-ranking","docs/research/r07-choice-review.csv","individual-reason-draft","no-explicit-HOLD","採択済み設問索引の章G05と候補知識の章A04が不一致。"
"R07-G-Q13-C4","R07-G-Q13","4","no","DX-A04-013","DX-A04-013","","11.2.2","cross-chapter-review-required","explanation-keyword-and-candidate-ranking","docs/research/r07-choice-review.csv","individual-reason-draft","no-explicit-HOLD","採択済み設問索引の章G05と候補知識の章A04が不一致。"
"R07-G-Q13-C5","R07-G-Q13","5","no","DX-G05-002","DX-G05-002","","5.1.2","weak-lexical-review-required","explanation-text-and-question-tag-ranking","docs/research/r07-choice-review.csv","individual-reason-draft","no-explicit-HOLD","直接の技術キーワード一致なし。"
"R07-G-Q14-C1","R07-G-Q14","1","no","DX-G02-001","DX-G02-001","","2.1.1","weak-lexical-review-required","explanation-text-and-question-tag-ranking","docs/research/r07-choice-review.csv","drive-exam-page-visual-rationale-draft","HOLD","直接の技術キーワード一致なし。"
"R07-G-Q14-C2","R07-G-Q14","2","no","DX-G02-001","DX-G02-001","","2.1.1","weak-lexical-review-required","explanation-text-and-question-tag-ranking","docs/research/r07-choice-review.csv","drive-exam-page-visual-rationale-draft","HOLD","直接の技術キーワード一致なし。"
"R07-G-Q14-C3","R07-G-Q14","3","no","DX-G02-001","DX-G02-001","","2.1.1","rationale-based-provisional","explanation-keyword-and-candidate-ranking","docs/research/r07-choice-review.csv","drive-exam-page-visual-rationale-draft","HOLD","技術キーワードを含む原説明からの仮候補。"
"R07-G-Q14-C4","R07-G-Q14","4","no","DX-G02-001","DX-G02-001","","2.1.1","weak-lexical-review-required","explanation-text-and-question-tag-ranking","docs/research/r07-choice-review.csv","drive-exam-page-visual-rationale-draft","HOLD","直接の技術キーワード一致なし。"
"R07-G-Q14-C5","R07-G-Q14","5","yes","DX-G02-001","DX-G02-001","","2.1.1","weak-lexical-review-required","explanation-text-and-question-tag-ranking","docs/research/r07-choice-review.csv","drive-exam-page-visual-rationale-draft","HOLD","直接の技術キーワード一致なし。"
"R07-G-Q15-C1","R07-G-Q15","1","no","DX-G01-007","DX-G01-007","","1.3.1","cross-chapter-review-required","explanation-keyword-and-candidate-ranking","docs/research/r07-choice-review.csv","individual-reason-draft","no-explicit-HOLD","採択済み設問索引の章G03と候補知識の章G01が不一致。"
"R07-G-Q15-C2","R07-G-Q15","2","no","DX-G01-008","DX-G01-008","","1.3.2","cross-chapter-review-required","explanation-keyword-and-candidate-ranking","docs/research/r07-choice-review.csv","individual-reason-draft","no-explicit-HOLD","採択済み設問索引の章G03と候補知識の章G01が不一致。"
"R07-G-Q15-C3","R07-G-Q15","3","no","DX-G01-009","DX-G01-009","","1.3.3","cross-chapter-review-required","explanation-keyword-and-candidate-ranking","docs/research/r07-choice-review.csv","individual-reason-draft","no-explicit-HOLD","採択済み設問索引の章G03と候補知識の章G01が不一致。"
"R07-G-Q15-C4","R07-G-Q15","4","no","DX-G01-008","DX-G01-008","","1.3.2","cross-chapter-review-required","explanation-keyword-and-candidate-ranking","docs/research/r07-choice-review.csv","individual-reason-draft","no-explicit-HOLD","採択済み設問索引の章G03と候補知識の章G01が不一致。"
"R07-G-Q15-C5","R07-G-Q15","5","yes","DX-G01-010","DX-G01-010","","1.3.4","cross-chapter-review-required","explanation-keyword-and-candidate-ranking","docs/research/r07-choice-review.csv","individual-reason-draft","no-explicit-HOLD","採択済み設問索引の章G03と候補知識の章G01が不一致。"
"R07-A-Q01-C1","R07-A-Q01","1","no","DX-A01-001","DX-A01-001","","8.1.2","weak-lexical-review-required","explanation-text-and-question-tag-ranking","docs/research/r07-choice-review.csv","individual-reason-draft","no-explicit-HOLD","直接の技術キーワード一致なし。"
"R07-A-Q01-C2","R07-A-Q01","2","yes","DX-A01-001","DX-A01-001","","8.1.2","rationale-based-provisional","explanation-keyword-and-candidate-ranking","docs/research/r07-choice-review.csv","individual-reason-draft","no-explicit-HOLD","技術キーワードを含む原説明からの仮候補。"
"R07-A-Q01-C3","R07-A-Q01","3","no","DX-A01-001","DX-A01-001","","8.1.2","rationale-based-provisional","explanation-keyword-and-candidate-ranking","docs/research/r07-choice-review.csv","individual-reason-draft","no-explicit-HOLD","技術キーワードを含む原説明からの仮候補。"
"R07-A-Q01-C4","R07-A-Q01","4","no","DX-A01-001","DX-A01-001","","8.1.2","weak-lexical-review-required","explanation-text-and-question-tag-ranking","docs/research/r07-choice-review.csv","individual-reason-draft","no-explicit-HOLD","直接の技術キーワード一致なし。"
"R07-A-Q01-C5","R07-A-Q01","5","no","DX-A01-001","DX-A01-001","","8.1.2","weak-lexical-review-required","explanation-text-and-question-tag-ranking","docs/research/r07-choice-review.csv","individual-reason-draft","no-explicit-HOLD","直接の技術キーワード一致なし。"
"R07-A-Q02-C1","R07-A-Q02","1","yes","DX-A01-001","DX-A01-001","","8.1.2","rationale-based-provisional","explanation-keyword-and-candidate-ranking","docs/research/r07-choice-review.csv","individual-reason-draft","no-explicit-HOLD","技術キーワードを含む原説明からの仮候補。"
"R07-A-Q02-C2","R07-A-Q02","2","no","DX-A01-001","DX-A01-001","","8.1.2","rationale-based-provisional","explanation-keyword-and-candidate-ranking","docs/research/r07-choice-review.csv","individual-reason-draft","no-explicit-HOLD","技術キーワードを含む原説明からの仮候補。"
"R07-A-Q02-C3","R07-A-Q02","3","no","DX-A01-001","DX-A01-001","","8.1.2","weak-lexical-review-required","explanation-text-and-question-tag-ranking","docs/research/r07-choice-review.csv","individual-reason-draft","no-explicit-HOLD","直接の技術キーワード一致なし。"
"R07-A-Q02-C4","R07-A-Q02","4","no","DX-A01-001","DX-A01-001","","8.1.2","rationale-based-provisional","explanation-keyword-and-candidate-ranking","docs/research/r07-choice-review.csv","individual-reason-draft","no-explicit-HOLD","技術キーワードを含む原説明からの仮候補。"
"R07-A-Q02-C5","R07-A-Q02","5","no","DX-A01-001","DX-A01-001","","8.1.2","rationale-based-provisional","explanation-keyword-and-candidate-ranking","docs/research/r07-choice-review.csv","individual-reason-draft","no-explicit-HOLD","技術キーワードを含む原説明からの仮候補。"
"R07-A-Q03-C1","R07-A-Q03","1","no","DX-A01-014","DX-A01-014","","8.6.3","weak-lexical-review-required","explanation-text-and-question-tag-ranking","docs/research/r07-choice-review.csv","individual-reason-draft","no-explicit-HOLD","直接の技術キーワード一致なし。"
"R07-A-Q03-C2","R07-A-Q03","2","yes","DX-A01-014","DX-A01-014","","8.6.3","weak-lexical-review-required","explanation-text-and-question-tag-ranking","docs/research/r07-choice-review.csv","individual-reason-draft","no-explicit-HOLD","直接の技術キーワード一致なし。"
"R07-A-Q03-C3","R07-A-Q03","3","no","DX-A01-014","DX-A01-014","","8.6.3","weak-lexical-review-required","explanation-text-and-question-tag-ranking","docs/research/r07-choice-review.csv","individual-reason-draft","no-explicit-HOLD","直接の技術キーワード一致なし。"
"R07-A-Q03-C4","R07-A-Q03","4","no","DX-A01-014","DX-A01-014","","8.6.3","weak-lexical-review-required","explanation-text-and-question-tag-ranking","docs/research/r07-choice-review.csv","individual-reason-draft","no-explicit-HOLD","直接の技術キーワード一致なし。"
"R07-A-Q03-C5","R07-A-Q03","5","no","DX-A01-014","DX-A01-014","","8.6.3","weak-lexical-review-required","explanation-text-and-question-tag-ranking","docs/research/r07-choice-review.csv","individual-reason-draft","no-explicit-HOLD","直接の技術キーワード一致なし。"
"R07-A-Q04-C1","R07-A-Q04","1","no","DX-A01-006","DX-A01-006","","8.3.1","weak-lexical-review-required","explanation-text-and-question-tag-ranking","docs/research/r07-choice-review.csv","individual-reason-draft","no-explicit-HOLD","直接の技術キーワード一致なし。"
"R07-A-Q04-C2","R07-A-Q04","2","no","DX-A01-007","DX-A01-007","","8.4.1","rationale-based-provisional","explanation-keyword-and-candidate-ranking","docs/research/r07-choice-review.csv","individual-reason-draft","no-explicit-HOLD","技術キーワードを含む原説明からの仮候補。"
"R07-A-Q04-C3","R07-A-Q04","3","no","DX-A01-006","DX-A01-006","","8.3.1","weak-lexical-review-required","explanation-text-and-question-tag-ranking","docs/research/r07-choice-review.csv","individual-reason-draft","no-explicit-HOLD","直接の技術キーワード一致なし。"
"R07-A-Q04-C4","R07-A-Q04","4","no","DX-A01-006","DX-A01-006","","8.3.1","weak-lexical-review-required","explanation-text-and-question-tag-ranking","docs/research/r07-choice-review.csv","individual-reason-draft","no-explicit-HOLD","直接の技術キーワード一致なし。"
"R07-A-Q04-C5","R07-A-Q04","5","yes","DX-A01-006","DX-A01-006","","8.3.1","weak-lexical-review-required","explanation-text-and-question-tag-ranking","docs/research/r07-choice-review.csv","individual-reason-draft","no-explicit-HOLD","直接の技術キーワード一致なし。"
"R07-A-Q05-C1","R07-A-Q05","1","no","DX-A01-006","DX-A01-006","","8.3.1","rationale-based-provisional","explanation-keyword-and-candidate-ranking","docs/research/r07-choice-review.csv","individual-reason-draft","no-explicit-HOLD","技術キーワードを含む原説明からの仮候補。"
"R07-A-Q05-C2","R07-A-Q05","2","no","DX-A01-006","DX-A01-006","","8.3.1","rationale-based-provisional","explanation-keyword-and-candidate-ranking","docs/research/r07-choice-review.csv","individual-reason-draft","no-explicit-HOLD","技術キーワードを含む原説明からの仮候補。"
"R07-A-Q05-C3","R07-A-Q05","3","yes","DX-A01-006","DX-A01-006","","8.3.1","rationale-based-provisional","explanation-keyword-and-candidate-ranking","docs/research/r07-choice-review.csv","individual-reason-draft","no-explicit-HOLD","技術キーワードを含む原説明からの仮候補。"
"R07-A-Q05-C4","R07-A-Q05","4","no","DX-A01-006","DX-A01-006","","8.3.1","rationale-based-provisional","explanation-keyword-and-candidate-ranking","docs/research/r07-choice-review.csv","individual-reason-draft","no-explicit-HOLD","技術キーワードを含む原説明からの仮候補。"
"R07-A-Q05-C5","R07-A-Q05","5","no","DX-A01-006","DX-A01-006","","8.3.1","weak-lexical-review-required","explanation-text-and-question-tag-ranking","docs/research/r07-choice-review.csv","individual-reason-draft","no-explicit-HOLD","直接の技術キーワード一致なし。"
"R07-A-Q06-C1","R07-A-Q06","1","no","DX-A01-007","DX-A01-007","","8.4.1","weak-lexical-review-required","explanation-text-and-question-tag-ranking","docs/research/r07-choice-review.csv","individual-reason-draft","no-explicit-HOLD","直接の技術キーワード一致なし。"
"R07-A-Q06-C2","R07-A-Q06","2","no","DX-A01-007","DX-A01-007","","8.4.1","weak-lexical-review-required","explanation-text-and-question-tag-ranking","docs/research/r07-choice-review.csv","individual-reason-draft","no-explicit-HOLD","直接の技術キーワード一致なし。"
"R07-A-Q06-C3","R07-A-Q06","3","no","DX-A01-007","DX-A01-007","","8.4.1","weak-lexical-review-required","explanation-text-and-question-tag-ranking","docs/research/r07-choice-review.csv","individual-reason-draft","no-explicit-HOLD","直接の技術キーワード一致なし。"
"R07-A-Q06-C4","R07-A-Q06","4","yes","DX-A01-007","DX-A01-007","","8.4.1","weak-lexical-review-required","explanation-text-and-question-tag-ranking","docs/research/r07-choice-review.csv","individual-reason-draft","no-explicit-HOLD","直接の技術キーワード一致なし。"
"R07-A-Q06-C5","R07-A-Q06","5","no","DX-A01-007","DX-A01-007","","8.4.1","weak-lexical-review-required","explanation-text-and-question-tag-ranking","docs/research/r07-choice-review.csv","individual-reason-draft","no-explicit-HOLD","直接の技術キーワード一致なし。"
"R07-A-Q07-C1","R07-A-Q07","1","no","DX-A02-001","DX-A02-014","","9.2.2","weak-lexical-review-required","explanation-text-and-question-tag-ranking","docs/research/r07-choice-review.csv","individual-reason-draft","no-explicit-HOLD","直接の技術キーワード一致なし。"
"R07-A-Q07-C2","R07-A-Q07","2","no","DX-A02-001","DX-A02-014","","9.2.2","weak-lexical-review-required","explanation-text-and-question-tag-ranking","docs/research/r07-choice-review.csv","individual-reason-draft","no-explicit-HOLD","直接の技術キーワード一致なし。"
"R07-A-Q07-C3","R07-A-Q07","3","no","DX-A02-001","DX-A02-014","","9.2.2","weak-lexical-review-required","explanation-text-and-question-tag-ranking","docs/research/r07-choice-review.csv","individual-reason-draft","no-explicit-HOLD","直接の技術キーワード一致なし。"
"R07-A-Q07-C4","R07-A-Q07","4","no","DX-A02-001","DX-A02-014","","9.2.2","weak-lexical-review-required","explanation-text-and-question-tag-ranking","docs/research/r07-choice-review.csv","individual-reason-draft","no-explicit-HOLD","直接の技術キーワード一致なし。"
"R07-A-Q07-C5","R07-A-Q07","5","yes","DX-A02-014","DX-A02-014","","9.2.2","rationale-based-provisional","explanation-keyword-and-candidate-ranking","docs/research/r07-choice-review.csv","individual-reason-draft","no-explicit-HOLD","技術キーワードを含む原説明からの仮候補。"
"R07-A-Q08-C1","R07-A-Q08","1","no","DX-A02-002","DX-A02-015","","9.2.2","weak-lexical-review-required","explanation-text-and-question-tag-ranking","docs/research/r07-choice-review.csv","individual-reason-draft","no-explicit-HOLD","直接の技術キーワード一致なし。"
"R07-A-Q08-C2","R07-A-Q08","2","no","DX-A02-002","DX-A02-015","","9.2.2","weak-lexical-review-required","explanation-text-and-question-tag-ranking","docs/research/r07-choice-review.csv","individual-reason-draft","no-explicit-HOLD","直接の技術キーワード一致なし。"
"R07-A-Q08-C3","R07-A-Q08","3","no","DX-A01-006","DX-A01-006","","8.3.1","cross-chapter-review-required","explanation-keyword-and-candidate-ranking","docs/research/r07-choice-review.csv","individual-reason-draft","no-explicit-HOLD","採択済み設問索引の章A02と候補知識の章A01が不一致。"
"R07-A-Q08-C4","R07-A-Q08","4","yes","DX-A02-002","DX-A02-015","","9.2.2","weak-lexical-review-required","explanation-text-and-question-tag-ranking","docs/research/r07-choice-review.csv","individual-reason-draft","no-explicit-HOLD","直接の技術キーワード一致なし。"
"R07-A-Q08-C5","R07-A-Q08","5","no","DX-A02-002","DX-A02-015","","9.2.2","weak-lexical-review-required","explanation-text-and-question-tag-ranking","docs/research/r07-choice-review.csv","individual-reason-draft","no-explicit-HOLD","直接の技術キーワード一致なし。"
"R07-A-Q09-C1","R07-A-Q09","1","no","DX-A02-016","DX-A02-016","","9.2.2","weak-lexical-review-required","explanation-text-and-question-tag-ranking","docs/research/r07-choice-review.csv","individual-reason-draft","no-explicit-HOLD","直接の技術キーワード一致なし。"
"R07-A-Q09-C2","R07-A-Q09","2","no","DX-A01-004","DX-A01-004","","8.2.1","cross-chapter-review-required","explanation-keyword-and-candidate-ranking","docs/research/r07-choice-review.csv","individual-reason-draft","no-explicit-HOLD","採択済み設問索引の章A02と候補知識の章A01が不一致。"
"R07-A-Q09-C3","R07-A-Q09","3","yes","DX-A02-016","DX-A02-016","","9.2.2","weak-lexical-review-required","explanation-text-and-question-tag-ranking","docs/research/r07-choice-review.csv","individual-reason-draft","no-explicit-HOLD","直接の技術キーワード一致なし。"
"R07-A-Q09-C4","R07-A-Q09","4","no","DX-A02-016","DX-A02-016","","9.2.2","weak-lexical-review-required","explanation-text-and-question-tag-ranking","docs/research/r07-choice-review.csv","individual-reason-draft","no-explicit-HOLD","直接の技術キーワード一致なし。"
"R07-A-Q09-C5","R07-A-Q09","5","no","DX-A02-016","DX-A02-016","","9.2.2","weak-lexical-review-required","explanation-text-and-question-tag-ranking","docs/research/r07-choice-review.csv","individual-reason-draft","no-explicit-HOLD","直接の技術キーワード一致なし。"
"R07-A-Q10-C1","R07-A-Q10","1","no","DX-A02-017","DX-A02-017","","9.3.1","weak-lexical-review-required","explanation-text-and-question-tag-ranking","docs/research/r07-choice-review.csv","individual-reason-draft","no-explicit-HOLD","直接の技術キーワード一致なし。"
"R07-A-Q10-C2","R07-A-Q10","2","no","DX-A02-017","DX-A02-017","","9.3.1","weak-lexical-review-required","explanation-text-and-question-tag-ranking","docs/research/r07-choice-review.csv","individual-reason-draft","no-explicit-HOLD","直接の技術キーワード一致なし。"
"R07-A-Q10-C3","R07-A-Q10","3","yes","DX-A02-017","DX-A02-017","","9.3.1","weak-lexical-review-required","explanation-text-and-question-tag-ranking","docs/research/r07-choice-review.csv","individual-reason-draft","no-explicit-HOLD","直接の技術キーワード一致なし。"
"R07-A-Q10-C4","R07-A-Q10","4","no","DX-A02-017","DX-A02-017","","9.3.1","weak-lexical-review-required","explanation-text-and-question-tag-ranking","docs/research/r07-choice-review.csv","individual-reason-draft","no-explicit-HOLD","直接の技術キーワード一致なし。"
"R07-A-Q10-C5","R07-A-Q10","5","no","DX-A02-017","DX-A02-017","","9.3.1","weak-lexical-review-required","explanation-text-and-question-tag-ranking","docs/research/r07-choice-review.csv","individual-reason-draft","no-explicit-HOLD","直接の技術キーワード一致なし。"
"R07-A-Q11-C1","R07-A-Q11","1","no","DX-A03-005","DX-A03-005","","10.2.2","weak-lexical-review-required","explanation-text-and-question-tag-ranking","docs/research/r07-choice-review.csv","individual-reason-draft","no-explicit-HOLD","直接の技術キーワード一致なし。"
"R07-A-Q11-C2","R07-A-Q11","2","no","DX-A03-005","DX-A03-005","","10.2.2","weak-lexical-review-required","explanation-text-and-question-tag-ranking","docs/research/r07-choice-review.csv","individual-reason-draft","no-explicit-HOLD","直接の技術キーワード一致なし。"
"R07-A-Q11-C3","R07-A-Q11","3","no","DX-A03-005","DX-A03-005","","10.2.2","weak-lexical-review-required","explanation-text-and-question-tag-ranking","docs/research/r07-choice-review.csv","individual-reason-draft","no-explicit-HOLD","直接の技術キーワード一致なし。"
"R07-A-Q11-C4","R07-A-Q11","4","yes","DX-A03-005","DX-A03-005","","10.2.2","weak-lexical-review-required","explanation-text-and-question-tag-ranking","docs/research/r07-choice-review.csv","individual-reason-draft","no-explicit-HOLD","直接の技術キーワード一致なし。"
"R07-A-Q11-C5","R07-A-Q11","5","no","DX-A03-005","DX-A03-005","","10.2.2","weak-lexical-review-required","explanation-text-and-question-tag-ranking","docs/research/r07-choice-review.csv","individual-reason-draft","no-explicit-HOLD","直接の技術キーワード一致なし。"
"R07-A-Q12-C1","R07-A-Q12","1","no","DX-A03-004","DX-A03-004","","10.2.1","weak-lexical-review-required","explanation-text-and-question-tag-ranking","docs/research/r07-choice-review.csv","individual-reason-draft","no-explicit-HOLD","直接の技術キーワード一致なし。"
"R07-A-Q12-C2","R07-A-Q12","2","no","DX-A03-004","DX-A03-004","","10.2.1","weak-lexical-review-required","explanation-text-and-question-tag-ranking","docs/research/r07-choice-review.csv","individual-reason-draft","no-explicit-HOLD","直接の技術キーワード一致なし。"
"R07-A-Q12-C3","R07-A-Q12","3","no","DX-A03-004","DX-A03-004","","10.2.1","rationale-based-provisional","explanation-keyword-and-candidate-ranking","docs/research/r07-choice-review.csv","individual-reason-draft","no-explicit-HOLD","技術キーワードを含む原説明からの仮候補。"
"R07-A-Q12-C4","R07-A-Q12","4","no","DX-A03-004","DX-A03-004","","10.2.1","weak-lexical-review-required","explanation-text-and-question-tag-ranking","docs/research/r07-choice-review.csv","individual-reason-draft","no-explicit-HOLD","直接の技術キーワード一致なし。"
"R07-A-Q12-C5","R07-A-Q12","5","yes","DX-A03-004","DX-A03-004","","10.2.1","rationale-based-provisional","explanation-keyword-and-candidate-ranking","docs/research/r07-choice-review.csv","individual-reason-draft","no-explicit-HOLD","技術キーワードを含む原説明からの仮候補。"
"R07-A-Q13-C1","R07-A-Q13","1","no","DX-A04-012","DX-A04-012","","11.2.1","rationale-based-provisional","explanation-keyword-and-candidate-ranking","docs/research/r07-choice-review.csv","individual-reason-draft","no-explicit-HOLD","技術キーワードを含む原説明からの仮候補。"
"R07-A-Q13-C2","R07-A-Q13","2","no","DX-A04-012","DX-A04-012","","11.2.1","rationale-based-provisional","explanation-keyword-and-candidate-ranking","docs/research/r07-choice-review.csv","individual-reason-draft","no-explicit-HOLD","技術キーワードを含む原説明からの仮候補。"
"R07-A-Q13-C3","R07-A-Q13","3","yes","DX-A04-012","DX-A04-012","","11.2.1","rationale-based-provisional","explanation-keyword-and-candidate-ranking","docs/research/r07-choice-review.csv","individual-reason-draft","no-explicit-HOLD","技術キーワードを含む原説明からの仮候補。"
"R07-A-Q13-C4","R07-A-Q13","4","no","DX-A04-012","DX-A04-012","","11.2.1","rationale-based-provisional","explanation-keyword-and-candidate-ranking","docs/research/r07-choice-review.csv","individual-reason-draft","no-explicit-HOLD","技術キーワードを含む原説明からの仮候補。"
"R07-A-Q13-C5","R07-A-Q13","5","no","DX-A04-012","DX-A04-012","","11.2.1","rationale-based-provisional","explanation-keyword-and-candidate-ranking","docs/research/r07-choice-review.csv","individual-reason-draft","no-explicit-HOLD","技術キーワードを含む原説明からの仮候補。"
"R07-A-Q14-C1","R07-A-Q14","1","no","DX-A04-020","DX-A04-020","","11.2.4","weak-lexical-review-required","explanation-text-and-question-tag-ranking","docs/research/r07-choice-review.csv","individual-reason-draft","no-explicit-HOLD","直接の技術キーワード一致なし。"
"R07-A-Q14-C2","R07-A-Q14","2","no","DX-A04-020","DX-A04-020","","11.2.4","weak-lexical-review-required","explanation-text-and-question-tag-ranking","docs/research/r07-choice-review.csv","individual-reason-draft","no-explicit-HOLD","直接の技術キーワード一致なし。"
"R07-A-Q14-C3","R07-A-Q14","3","no","DX-A04-020","DX-A04-020","","11.2.4","weak-lexical-review-required","explanation-text-and-question-tag-ranking","docs/research/r07-choice-review.csv","individual-reason-draft","no-explicit-HOLD","直接の技術キーワード一致なし。"
"R07-A-Q14-C4","R07-A-Q14","4","no","DX-A04-020","DX-A04-020","","11.2.4","weak-lexical-review-required","explanation-text-and-question-tag-ranking","docs/research/r07-choice-review.csv","individual-reason-draft","no-explicit-HOLD","直接の技術キーワード一致なし。"
"R07-A-Q14-C5","R07-A-Q14","5","yes","DX-G04-007","DX-G04-007","","4.3.3","cross-chapter-review-required","explanation-keyword-and-candidate-ranking","docs/research/r07-choice-review.csv","individual-reason-draft","no-explicit-HOLD","採択済み設問索引の章A04と候補知識の章G04が不一致。"
"R07-A-Q15-C1","R07-A-Q15","1","no","DX-A05-009","DX-A05-009","","12.3.3","rationale-based-provisional","explanation-keyword-and-candidate-ranking","docs/research/r07-choice-review.csv","individual-reason-draft","no-explicit-HOLD","技術キーワードを含む原説明からの仮候補。"
"R07-A-Q15-C2","R07-A-Q15","2","no","DX-A05-009","DX-A05-009","","12.3.3","rationale-based-provisional","explanation-keyword-and-candidate-ranking","docs/research/r07-choice-review.csv","individual-reason-draft","no-explicit-HOLD","技術キーワードを含む原説明からの仮候補。"
"R07-A-Q15-C3","R07-A-Q15","3","no","DX-A05-008","DX-A05-008","DX-A05-009","12.3.2","rationale-based-provisional","explanation-keyword-and-candidate-ranking","docs/research/r07-choice-review.csv","individual-reason-draft","no-explicit-HOLD","技術キーワードを含む原説明からの仮候補。"
"R07-A-Q15-C4","R07-A-Q15","4","yes","DX-A05-008","DX-A05-008","DX-A05-009","12.3.2","rationale-based-provisional","explanation-keyword-and-candidate-ranking","docs/research/r07-choice-review.csv","individual-reason-draft","no-explicit-HOLD","技術キーワードを含む原説明からの仮候補。"
"R07-A-Q15-C5","R07-A-Q15","5","no","DX-A05-009","DX-A05-009","","12.3.3","rationale-based-provisional","explanation-keyword-and-candidate-ranking","docs/research/r07-choice-review.csv","individual-reason-draft","no-explicit-HOLD","技術キーワードを含む原説明からの仮候補。"
"R07-A-Q16-C1","R07-A-Q16","1","no","DX-A05-004","DX-A05-004","","12.2.1","rationale-based-provisional","explanation-keyword-and-candidate-ranking","docs/research/r07-choice-review.csv","individual-reason-draft","no-explicit-HOLD","技術キーワードを含む原説明からの仮候補。"
"R07-A-Q16-C2","R07-A-Q16","2","no","DX-A05-004","DX-A05-004","","12.2.1","weak-lexical-review-required","explanation-text-and-question-tag-ranking","docs/research/r07-choice-review.csv","individual-reason-draft","no-explicit-HOLD","直接の技術キーワード一致なし。"
"R07-A-Q16-C3","R07-A-Q16","3","yes","DX-A05-004","DX-A05-004","","12.2.1","weak-lexical-review-required","explanation-text-and-question-tag-ranking","docs/research/r07-choice-review.csv","individual-reason-draft","no-explicit-HOLD","直接の技術キーワード一致なし。"
"R07-A-Q16-C4","R07-A-Q16","4","no","DX-A05-007","DX-A05-007","","12.3.1","rationale-based-provisional","explanation-keyword-and-candidate-ranking","docs/research/r07-choice-review.csv","individual-reason-draft","no-explicit-HOLD","技術キーワードを含む原説明からの仮候補。"
"R07-A-Q16-C5","R07-A-Q16","5","no","DX-A05-016","DX-A05-016","","12.6.1","rationale-based-provisional","explanation-keyword-and-candidate-ranking","docs/research/r07-choice-review.csv","individual-reason-draft","no-explicit-HOLD","技術キーワードを含む原説明からの仮候補。"
"R07-A-Q17-C1","R07-A-Q17","1","yes","DX-A05-004","DX-A05-004","","12.2.1","rationale-based-provisional","explanation-keyword-and-candidate-ranking","docs/research/r07-choice-review.csv","individual-reason-draft","no-explicit-HOLD","技術キーワードを含む原説明からの仮候補。"
"R07-A-Q17-C2","R07-A-Q17","2","no","DX-A05-008","DX-A05-008","","12.3.2","rationale-based-provisional","explanation-keyword-and-candidate-ranking","docs/research/r07-choice-review.csv","individual-reason-draft","no-explicit-HOLD","技術キーワードを含む原説明からの仮候補。"
"R07-A-Q17-C3","R07-A-Q17","3","no","DX-A05-005","DX-A05-005","","12.2.2","weak-lexical-review-required","explanation-text-and-question-tag-ranking","docs/research/r07-choice-review.csv","individual-reason-draft","no-explicit-HOLD","直接の技術キーワード一致なし。"
"R07-A-Q17-C4","R07-A-Q17","4","no","DX-A05-005","DX-A05-005","","12.2.2","weak-lexical-review-required","explanation-text-and-question-tag-ranking","docs/research/r07-choice-review.csv","individual-reason-draft","no-explicit-HOLD","直接の技術キーワード一致なし。"
"R07-A-Q17-C5","R07-A-Q17","5","no","DX-A05-005","DX-A05-005","","12.2.2","weak-lexical-review-required","explanation-text-and-question-tag-ranking","docs/research/r07-choice-review.csv","individual-reason-draft","no-explicit-HOLD","直接の技術キーワード一致なし。"
"R07-A-Q18-C1","R07-A-Q18","1","no","DX-A05-006","DX-A05-006","","12.2.3","weak-lexical-review-required","explanation-text-and-question-tag-ranking","docs/research/r07-choice-review.csv","individual-reason-draft","no-explicit-HOLD","直接の技術キーワード一致なし。"
"R07-A-Q18-C2","R07-A-Q18","2","yes","DX-A05-006","DX-A05-006","","12.2.3","weak-lexical-review-required","explanation-text-and-question-tag-ranking","docs/research/r07-choice-review.csv","individual-reason-draft","no-explicit-HOLD","直接の技術キーワード一致なし。"
"R07-A-Q18-C3","R07-A-Q18","3","no","DX-A05-006","DX-A05-006","","12.2.3","weak-lexical-review-required","explanation-text-and-question-tag-ranking","docs/research/r07-choice-review.csv","individual-reason-draft","no-explicit-HOLD","直接の技術キーワード一致なし。"
"R07-A-Q18-C4","R07-A-Q18","4","no","DX-A05-006","DX-A05-006","","12.2.3","weak-lexical-review-required","explanation-text-and-question-tag-ranking","docs/research/r07-choice-review.csv","individual-reason-draft","no-explicit-HOLD","直接の技術キーワード一致なし。"
"R07-A-Q18-C5","R07-A-Q18","5","no","DX-A05-006","DX-A05-006","","12.2.3","weak-lexical-review-required","explanation-text-and-question-tag-ranking","docs/research/r07-choice-review.csv","individual-reason-draft","no-explicit-HOLD","直接の技術キーワード一致なし。"
"R07-A-Q19-C1","R07-A-Q19","1","no","DX-A05-007","DX-A05-007","","12.3.1","rationale-based-provisional","explanation-keyword-and-candidate-ranking","docs/research/r07-choice-review.csv","individual-reason-draft","no-explicit-HOLD","技術キーワードを含む原説明からの仮候補。"
"R07-A-Q19-C2","R07-A-Q19","2","yes","DX-A05-014","DX-A05-014","","12.5.2","weak-lexical-review-required","explanation-text-and-question-tag-ranking","docs/research/r07-choice-review.csv","individual-reason-draft","no-explicit-HOLD","直接の技術キーワード一致なし。"
"R07-A-Q19-C3","R07-A-Q19","3","no","DX-A05-007","DX-A05-007","","12.3.1","rationale-based-provisional","explanation-keyword-and-candidate-ranking","docs/research/r07-choice-review.csv","individual-reason-draft","no-explicit-HOLD","技術キーワードを含む原説明からの仮候補。"
"R07-A-Q19-C4","R07-A-Q19","4","no","DX-A05-014","DX-A05-014","","12.5.2","rationale-based-provisional","explanation-keyword-and-candidate-ranking","docs/research/r07-choice-review.csv","individual-reason-draft","no-explicit-HOLD","技術キーワードを含む原説明からの仮候補。"
"R07-A-Q19-C5","R07-A-Q19","5","no","DX-A05-014","DX-A05-014","","12.5.2","weak-lexical-review-required","explanation-text-and-question-tag-ranking","docs/research/r07-choice-review.csv","individual-reason-draft","no-explicit-HOLD","直接の技術キーワード一致なし。"
"R07-A-Q20-C1","R07-A-Q20","1","no","DX-A05-007","DX-A05-007","","12.3.1","rationale-based-provisional","explanation-keyword-and-candidate-ranking","docs/research/r07-choice-review.csv","individual-reason-draft","no-explicit-HOLD","技術キーワードを含む原説明からの仮候補。"
"R07-A-Q20-C2","R07-A-Q20","2","no","DX-A05-007","DX-A05-007","","12.3.1","weak-lexical-review-required","explanation-text-and-question-tag-ranking","docs/research/r07-choice-review.csv","individual-reason-draft","no-explicit-HOLD","直接の技術キーワード一致なし。"
"R07-A-Q20-C3","R07-A-Q20","3","no","DX-A05-007","DX-A05-007","DX-A05-009","12.3.1","rationale-based-provisional","explanation-keyword-and-candidate-ranking","docs/research/r07-choice-review.csv","individual-reason-draft","no-explicit-HOLD","技術キーワードを含む原説明からの仮候補。"
"R07-A-Q20-C4","R07-A-Q20","4","yes","DX-A05-007","DX-A05-007","","12.3.1","rationale-based-provisional","explanation-keyword-and-candidate-ranking","docs/research/r07-choice-review.csv","individual-reason-draft","no-explicit-HOLD","技術キーワードを含む原説明からの仮候補。"
"R07-A-Q20-C5","R07-A-Q20","5","no","DX-A05-007","DX-A05-007","","12.3.1","rationale-based-provisional","explanation-keyword-and-candidate-ranking","docs/research/r07-choice-review.csv","individual-reason-draft","no-explicit-HOLD","技術キーワードを含む原説明からの仮候補。"
"R07-A-Q21-C1","R07-A-Q21","1","no","DX-A05-011","DX-A05-011","","12.4.2","weak-lexical-review-required","explanation-text-and-question-tag-ranking","docs/research/r07-choice-review.csv","individual-reason-draft","no-explicit-HOLD","直接の技術キーワード一致なし。"
"R07-A-Q21-C2","R07-A-Q21","2","no","DX-A05-011","DX-A05-011","","12.4.2","weak-lexical-review-required","explanation-text-and-question-tag-ranking","docs/research/r07-choice-review.csv","individual-reason-draft","no-explicit-HOLD","直接の技術キーワード一致なし。"
"R07-A-Q21-C3","R07-A-Q21","3","no","DX-A05-011","DX-A05-011","","12.4.2","rationale-based-provisional","explanation-keyword-and-candidate-ranking","docs/research/r07-choice-review.csv","individual-reason-draft","no-explicit-HOLD","技術キーワードを含む原説明からの仮候補。"
"R07-A-Q21-C4","R07-A-Q21","4","no","DX-A05-011","DX-A05-011","","12.4.2","weak-lexical-review-required","explanation-text-and-question-tag-ranking","docs/research/r07-choice-review.csv","individual-reason-draft","no-explicit-HOLD","直接の技術キーワード一致なし。"
"R07-A-Q21-C5","R07-A-Q21","5","yes","DX-A05-011","DX-A05-011","","12.4.2","rationale-based-provisional","explanation-keyword-and-candidate-ranking","docs/research/r07-choice-review.csv","individual-reason-draft","no-explicit-HOLD","技術キーワードを含む原説明からの仮候補。"
"R07-A-Q22-C1","R07-A-Q22","1","yes","DX-A05-012","DX-A05-012","","12.4.3","rationale-based-provisional","explanation-keyword-and-candidate-ranking","docs/research/r07-choice-review.csv","individual-reason-draft","no-explicit-HOLD","技術キーワードを含む原説明からの仮候補。"
"R07-A-Q22-C2","R07-A-Q22","2","no","DX-A05-012","DX-A05-012","","12.4.3","weak-lexical-review-required","explanation-text-and-question-tag-ranking","docs/research/r07-choice-review.csv","individual-reason-draft","no-explicit-HOLD","直接の技術キーワード一致なし。"
"R07-A-Q22-C3","R07-A-Q22","3","no","DX-A05-012","DX-A05-012","","12.4.3","rationale-based-provisional","explanation-keyword-and-candidate-ranking","docs/research/r07-choice-review.csv","individual-reason-draft","no-explicit-HOLD","技術キーワードを含む原説明からの仮候補。"
"R07-A-Q22-C4","R07-A-Q22","4","no","DX-A05-011","DX-A05-011","","12.4.2","weak-lexical-review-required","explanation-text-and-question-tag-ranking","docs/research/r07-choice-review.csv","individual-reason-draft","no-explicit-HOLD","直接の技術キーワード一致なし。"
"R07-A-Q22-C5","R07-A-Q22","5","no","DX-A05-012","DX-A05-012","","12.4.3","weak-lexical-review-required","explanation-text-and-question-tag-ranking","docs/research/r07-choice-review.csv","individual-reason-draft","no-explicit-HOLD","直接の技術キーワード一致なし。"
"R07-A-Q23-C1","R07-A-Q23","1","no","DX-A05-014","DX-A05-014","","12.5.2","weak-lexical-review-required","explanation-text-and-question-tag-ranking","docs/research/r07-choice-review.csv","individual-reason-draft","no-explicit-HOLD","直接の技術キーワード一致なし。"
"R07-A-Q23-C2","R07-A-Q23","2","no","DX-A05-014","DX-A05-014","","12.5.2","weak-lexical-review-required","explanation-text-and-question-tag-ranking","docs/research/r07-choice-review.csv","individual-reason-draft","no-explicit-HOLD","直接の技術キーワード一致なし。"
"R07-A-Q23-C3","R07-A-Q23","3","yes","DX-A05-014","DX-A05-014","","12.5.2","weak-lexical-review-required","explanation-text-and-question-tag-ranking","docs/research/r07-choice-review.csv","individual-reason-draft","no-explicit-HOLD","直接の技術キーワード一致なし。"
"R07-A-Q23-C4","R07-A-Q23","4","no","DX-A05-014","DX-A05-014","","12.5.2","weak-lexical-review-required","explanation-text-and-question-tag-ranking","docs/research/r07-choice-review.csv","individual-reason-draft","no-explicit-HOLD","直接の技術キーワード一致なし。"
"R07-A-Q23-C5","R07-A-Q23","5","no","DX-A05-014","DX-A05-014","","12.5.2","weak-lexical-review-required","explanation-text-and-question-tag-ranking","docs/research/r07-choice-review.csv","individual-reason-draft","no-explicit-HOLD","直接の技術キーワード一致なし。"
"R07-A-Q24-C1","R07-A-Q24","1","no","DX-A05-015","DX-A05-015","","12.5.3","weak-lexical-review-required","explanation-text-and-question-tag-ranking","docs/research/r07-choice-review.csv","individual-reason-draft","no-explicit-HOLD","直接の技術キーワード一致なし。"
"R07-A-Q24-C2","R07-A-Q24","2","no","DX-A05-014","DX-A05-014","","12.5.2","rationale-based-provisional","explanation-keyword-and-candidate-ranking","docs/research/r07-choice-review.csv","individual-reason-draft","no-explicit-HOLD","技術キーワードを含む原説明からの仮候補。"
"R07-A-Q24-C3","R07-A-Q24","3","no","DX-A05-014","DX-A05-014","","12.5.2","rationale-based-provisional","explanation-keyword-and-candidate-ranking","docs/research/r07-choice-review.csv","individual-reason-draft","no-explicit-HOLD","技術キーワードを含む原説明からの仮候補。"
"R07-A-Q24-C4","R07-A-Q24","4","no","DX-G04-007","DX-G04-007","","4.3.3","cross-chapter-review-required","explanation-keyword-and-candidate-ranking","docs/research/r07-choice-review.csv","individual-reason-draft","no-explicit-HOLD","採択済み設問索引の章A05と候補知識の章G04が不一致。"
"R07-A-Q24-C5","R07-A-Q24","5","yes","DX-A05-015","DX-A05-015","DX-A05-014","12.5.3","rationale-based-provisional","explanation-keyword-and-candidate-ranking","docs/research/r07-choice-review.csv","individual-reason-draft","no-explicit-HOLD","技術キーワードを含む原説明からの仮候補。"
"R07-A-Q25-C1","R07-A-Q25","1","no","DX-A05-009","DX-A05-009","","12.3.3","rationale-based-provisional","explanation-keyword-and-candidate-ranking","docs/research/r07-choice-review.csv","individual-reason-draft","no-explicit-HOLD","技術キーワードを含む原説明からの仮候補。"
"R07-A-Q25-C2","R07-A-Q25","2","yes","DX-A05-014","DX-A05-014","","12.5.2","rationale-based-provisional","explanation-keyword-and-candidate-ranking","docs/research/r07-choice-review.csv","individual-reason-draft","no-explicit-HOLD","技術キーワードを含む原説明からの仮候補。"
"R07-A-Q25-C3","R07-A-Q25","3","no","DX-A05-014","DX-A05-014","","12.5.2","rationale-based-provisional","explanation-keyword-and-candidate-ranking","docs/research/r07-choice-review.csv","individual-reason-draft","no-explicit-HOLD","技術キーワードを含む原説明からの仮候補。"
"R07-A-Q25-C4","R07-A-Q25","4","no","DX-A05-016","DX-A05-016","","12.6.1","rationale-based-provisional","explanation-keyword-and-candidate-ranking","docs/research/r07-choice-review.csv","individual-reason-draft","no-explicit-HOLD","技術キーワードを含む原説明からの仮候補。"
"R07-A-Q25-C5","R07-A-Q25","5","no","DX-A05-016","DX-A05-016","","12.6.1","rationale-based-provisional","explanation-keyword-and-candidate-ranking","docs/research/r07-choice-review.csv","individual-reason-draft","no-explicit-HOLD","技術キーワードを含む原説明からの仮候補。"
