"choice_id","question_id","exam_year","course","primary_knowledge_id","knowledge_title","item_id","mapping_status","rationale_excerpt","id_item_gate","official_key_gate","hold_queue_gate","cross_course_primary","review_priority","stratified_sample","meaning_review_status","final_publication_approval","next_action"
"R03-G-Q01-C1","R03-G-Q01","R03","G","DX-G01-007","大気環境基準","1.3.1","rationale-based-provisional","大気の環境基準は0.6 pg-TEQ/m³。","PASS","PASS","PASS","none","resolved-MOE-environmental-standard-values-pass34","no","choice-text-vs-MOE-notice-semantic-verified-final-publication-QA-pending","not-authorized","公開複製の2021年試験本文と環境基準告示の各値を照合。2022改正反映の現行本文との差異を法令時点で記録し、最終編集QAは独立。"
"R03-G-Q01-C2","R03-G-Q01","R03","G","DX-G01-008","水質環境基準と地下水","1.3.2","rationale-based-provisional","公共用水域水質の環境基準は1 pg-TEQ/L。","PASS","PASS","PASS","none","resolved-MOE-environmental-standard-values-pass34","no","choice-text-vs-MOE-notice-semantic-verified-final-publication-QA-pending","not-authorized","公開複製の2021年試験本文と環境基準告示の各値を照合。2022改正反映の現行本文との差異を法令時点で記録し、最終編集QAは独立。"
"R03-G-Q01-C3","R03-G-Q01","R03","G","DX-G01-009","底質環境基準","1.3.3","rationale-based-provisional","底質の環境基準は150 pg-TEQ/g。","PASS","PASS","PASS","none","resolved-MOE-environmental-standard-values-pass34","no","choice-text-vs-MOE-notice-semantic-verified-final-publication-QA-pending","not-authorized","公開複製の2021年試験本文と環境基準告示の各値を照合。2022改正反映の現行本文との差異を法令時点で記録し、最終編集QAは独立。"
"R03-G-Q01-C4","R03-G-Q01","R03","G","DX-G01-010","土壌環境基準と調査指標","1.3.4","rationale-based-provisional","土壌の環境基準は1000 pg-TEQ/gであり100は誤り。","PASS","PASS","PASS","none","resolved-MOE-environmental-standard-values-pass34","no","choice-text-vs-MOE-notice-semantic-verified-final-publication-QA-pending","not-authorized","公開複製の2021年試験本文と環境基準告示の各値を照合。2022改正反映の現行本文との差異を法令時点で記録し、最終編集QAは独立。"
"R03-G-Q01-C5","R03-G-Q01","R03","G","DX-G01-007","大気環境基準","1.3.1","rationale-based-provisional","大気・水質の環境基準の評価は年間平均値を用いる。","PASS","PASS","PASS","none","resolved-MOE-environmental-standard-values-pass34","yes","choice-text-vs-MOE-notice-semantic-verified-final-publication-QA-pending","not-authorized","公開複製の2021年試験本文と環境基準告示の各値を照合。2022改正反映の現行本文との差異を法令時点で記録し、最終編集QAは独立。"
"R03-G-Q02-C1","R03-G-Q02","R03","G","DX-G01-015","設置・変更等の届出","1.5.1","rationale-based-provisional","下線①の原題語句は、実施制限の日数『30日』。法第17条の原則60日と異なる。2021年度試験紙面の転載PDFを目視した。","PASS","PASS","PASS","none","P2-explanation-driven","no","individual-semantic-content-review-pending","not-authorized","草稿と原題を精読して主知識・副知識の適切さを判定"
"R03-G-Q02-C2","R03-G-Q02","R03","G","DX-G01-015","設置・変更等の届出","1.5.1","topic-link-provisional","下線②は、特定施設の『使用の』方法を変更する旨の語句。法第17条で扱う変更対象に含まれる。","PASS","PASS","PASS","none","P1-broad-question-tag","no","individual-semantic-content-review-pending","not-authorized","草稿と原題を精読して主知識・副知識の適切さを判定"
"R03-G-Q02-C3","R03-G-Q02","R03","G","DX-G01-015","設置・変更等の届出","1.5.1","topic-link-provisional","下線③の『方法』は、使用の方法の変更として法第17条に含まれる。","PASS","PASS","PASS","none","P1-broad-question-tag","yes","individual-semantic-content-review-pending","not-authorized","草稿と原題を精読して主知識・副知識の適切さを判定"
"R03-G-Q02-C4","R03-G-Q02","R03","G","DX-G01-015","設置・変更等の届出","1.5.1","topic-link-provisional","下線④の『発生ガス』は、排ガス処理の方法の変更として法第17条の対象。","PASS","PASS","PASS","none","P1-broad-question-tag","no","individual-semantic-content-review-pending","not-authorized","草稿と原題を精読して主知識・副知識の適切さを判定"
"R03-G-Q02-C5","R03-G-Q02","R03","G","DX-G01-015","設置・変更等の届出","1.5.1","topic-link-provisional","下線⑤の『汚水』は、汚水処理の方法の変更として法第17条の対象。","PASS","PASS","PASS","none","P1-broad-question-tag","yes","individual-semantic-content-review-pending","not-authorized","草稿と原題を精読して主知識・副知識の適切さを判定"
"R03-G-Q03-C1","R03-G-Q03","R03","G","DX-G01-017","事業者測定・報告公表","1.5.3","single-source-tag-provisional","下線①の大気基準適用施設は排出ガスの測定対象となる法定用語である。","PASS","PASS","PASS","none","P1-single-tag","yes","individual-semantic-content-review-pending","not-authorized","草稿と原題を精読して主知識・副知識の適切さを判定"
"R03-G-Q03-C2","R03-G-Q03","R03","G","DX-G01-017","事業者測定・報告公表","1.5.3","single-source-tag-provisional","下線②の水質基準適用事業場は排出水の測定対象となる法定用語である。","PASS","PASS","PASS","none","P1-single-tag","no","individual-semantic-content-review-pending","not-authorized","草稿と原題を精読して主知識・副知識の適切さを判定"
"R03-G-Q03-C3","R03-G-Q03","R03","G","DX-G01-017","事業者測定・報告公表","1.5.3","single-source-tag-provisional","③毎年2回以上という頻度は誤り。法第28条と施行令第4条では年1回以上で政令所定の回数。原題ページ画像でも③の下線を直接確認。","PASS","PASS","PASS","none","P1-single-tag","yes","individual-semantic-content-review-pending","not-authorized","草稿と原題を精読して主知識・副知識の適切さを判定"
"R03-G-Q03-C4","R03-G-Q03","R03","G","DX-G01-017","事業者測定・報告公表","1.5.3","single-source-tag-provisional","下線④の排出ガスは大気基準適用施設について測定する媒体と一致する。","PASS","PASS","PASS","none","P1-single-tag","no","individual-semantic-content-review-pending","not-authorized","草稿と原題を精読して主知識・副知識の適切さを判定"
"R03-G-Q03-C5","R03-G-Q03","R03","G","DX-G01-017","事業者測定・報告公表","1.5.3","single-source-tag-provisional","下線⑤の排出水は水質基準適用事業場について測定する媒体と一致する。","PASS","PASS","PASS","none","P1-single-tag","yes","individual-semantic-content-review-pending","not-authorized","草稿と原題を精読して主知識・副知識の適切さを判定"
"R03-G-Q06-C2","R03-G-Q06","R03","G","DX-G04-001","PCDDの基本骨格","4.1.1","rationale-based-provisional","PCDDの2つの酸素架橋と1～8塩素化。","PASS","PASS","PASS","none","P2-explanation-driven","no","individual-semantic-content-review-pending","not-authorized","草稿と原題を精読して主知識・副知識の適切さを判定"
"R03-G-Q06-C3","R03-G-Q06","R03","G","DX-G04-002","PCDFの基本骨格","4.1.2","rationale-based-provisional","PCDFの酸素架橋は1つで、塩素置換は最大8個。","PASS","PASS","PASS","none","P2-explanation-driven","no","individual-semantic-content-review-pending","not-authorized","草稿と原題を精読して主知識・副知識の適切さを判定"
"R03-G-Q08-C5","R03-G-Q08","R03","G","DX-G03-002","排出インベントリーの構成","3.1.2","rationale-based-provisional","2018年の総排出量117～119 g-TEQ/年は環境省公表値。","PASS","PASS","PASS","none","resolved-2018-inventory-total-pass35","no","MOE-2018-original-inventory-total-and-choice-link-semantic-reviewed","not-authorized","環境省2020年公表の2018年インベントリーで大気+水の合計117～119 g-TEQ/年と確認済み。JEMAI公式配布原題とのファイル同一性・公開編集QAは保留。"
"R03-G-Q09-C1","R03-G-Q09","R03","G","DX-G04-006","非オルト・モノオルトPCB","4.2.3","rationale-based-provisional","2,3,3',4,4',5-HxCBはモノオルトDL-PCBに分類。","PASS","PASS","PASS","none","semantic-source-scoped-reviewed-pass36","no","existing-choice-explanation-and-independent-concept-source-matched-official-original-unmatched","not-authorized","原題の該当文言・数値・下線を公式配布PDFと照合。独立科学資料が支持する部分以外を最終承認しない。"
"R03-G-Q09-C2","R03-G-Q09","R03","G","DX-G04-006","非オルト・モノオルトPCB","4.2.3","rationale-based-provisional","2,3,3',4,4'-PeCBはモノオルトDL-PCBに分類。","PASS","PASS","PASS","none","semantic-source-scoped-reviewed-pass36","no","existing-choice-explanation-and-independent-concept-source-matched-official-original-unmatched","not-authorized","原題の該当文言・数値・下線を公式配布PDFと照合。独立科学資料が支持する部分以外を最終承認しない。"
"R03-G-Q09-C3","R03-G-Q09","R03","G","DX-G04-006","非オルト・モノオルトPCB","4.2.3","rationale-based-provisional","3,4,4',5-TeCBはノンオルトDL-PCBに分類。","PASS","PASS","PASS","none","semantic-source-scoped-reviewed-pass36","no","existing-choice-explanation-and-independent-concept-source-matched-official-original-unmatched","not-authorized","原題の該当文言・数値・下線を公式配布PDFと照合。独立科学資料が支持する部分以外を最終承認しない。"
"R03-G-Q09-C4","R03-G-Q09","R03","G","DX-G04-007","TEFの意味","4.3.1","rationale-based-provisional","2,3,4,4'-TeCBは国際TEF付与の12種に含まれない。","PASS","PASS","PASS","none","semantic-source-scoped-reviewed-pass36","no","existing-choice-explanation-and-independent-concept-source-matched-official-original-unmatched","not-authorized","原題の該当文言・数値・下線を公式配布PDFと照合。独立科学資料が支持する部分以外を最終承認しない。"
"R03-G-Q09-C5","R03-G-Q09","R03","G","DX-G04-006","非オルト・モノオルトPCB","4.2.3","rationale-based-provisional","2',3,4,4',5-PeCBはモノオルトDL-PCBに分類。","PASS","PASS","PASS","none","semantic-source-scoped-reviewed-pass36","yes","existing-choice-explanation-and-independent-concept-source-matched-official-original-unmatched","not-authorized","原題の該当文言・数値・下線を公式配布PDFと照合。独立科学資料が支持する部分以外を最終承認しない。"
"R03-G-Q10-C1","R03-G-Q10","R03","G","DX-G04-011","蒸気圧と粒子吸着","4.4.2","rationale-based-provisional","塩素化が進むほど蒸気圧増大ではない。","PASS","PASS","PASS","none","P2-explanation-driven","no","individual-semantic-content-review-pending","not-authorized","草稿と原題を精読して主知識・副知識の適切さを判定"
"R03-G-Q10-C2","R03-G-Q10","R03","G","DX-G04-011","蒸気圧と粒子吸着","4.4.2","rationale-based-provisional","分子量増加で蒸気圧低下・PCBの蒸気圧相対高・10^-4Paの組合せ。","PASS","PASS","PASS","none","P2-explanation-driven","no","individual-semantic-content-review-pending","not-authorized","草稿と原題を精読して主知識・副知識の適切さを判定"
"R03-G-Q10-C3","R03-G-Q10","R03","G","DX-G04-011","蒸気圧と粒子吸着","4.4.2","rationale-based-provisional","分子量増加で蒸気圧増加とする点が不適切。","PASS","PASS","PASS","none","P2-explanation-driven","no","individual-semantic-content-review-pending","not-authorized","草稿と原題を精読して主知識・副知識の適切さを判定"
"R03-G-Q10-C4","R03-G-Q10","R03","G","DX-G04-011","蒸気圧と粒子吸着","4.4.2","rationale-based-provisional","PCB蒸気圧がPCDD/PCDFより低いとの比較が逆。","PASS","PASS","PASS","none","P2-explanation-driven","no","individual-semantic-content-review-pending","not-authorized","草稿と原題を精読して主知識・副知識の適切さを判定"
"R03-G-Q10-C5","R03-G-Q10","R03","G","DX-G04-011","蒸気圧と粒子吸着","4.4.2","rationale-based-provisional","蒸気圧低下と高い比較は合うが数値オーダーが違う。","PASS","PASS","PASS","none","P2-explanation-driven","no","individual-semantic-content-review-pending","not-authorized","草稿と原題を精読して主知識・副知識の適切さを判定"
"R03-G-Q12-C1","R03-G-Q12","R03","G","DX-G04-007","TEFの意味","4.3.1","rationale-based-provisional","①は七塩素化PCDFの骨格を描いており、問われたTEF=0.03の五塩素化PCDFではない。","PASS","PASS","PASS","none","P2-explanation-driven","no","individual-semantic-content-review-pending","not-authorized","草稿と原題を精読して主知識・副知識の適切さを判定"
"R03-G-Q12-C2","R03-G-Q12","R03","G","DX-G04-007","TEFの意味","4.3.1","rationale-based-provisional","②は五塩素化PCDFの構造。図の置換位置はTEF=0.03が与えられる1,2,3,7,8-PeCDFに該当する（WHO-TEF(2005)）。","PASS","PASS","PASS","none","P2-explanation-driven","no","individual-semantic-content-review-pending","not-authorized","草稿と原題を精読して主知識・副知識の適切さを判定"
"R03-G-Q12-C3","R03-G-Q12","R03","G","DX-G04-007","TEFの意味","4.3.1","rationale-based-provisional","③は両側のベンゼン環が四塩素化された八塩素化PCDD（OCDD）。TEF=0.03ではない。","PASS","PASS","PASS","none","P2-explanation-driven","no","individual-semantic-content-review-pending","not-authorized","草稿と原題を精読して主知識・副知識の適切さを判定"
"R03-G-Q12-C4","R03-G-Q12","R03","G","DX-G04-007","TEFの意味","4.3.1","topic-link-provisional","④は七塩素化PCDDの構造であり、0.03の対象ではない。","PASS","PASS","PASS","none","P1-broad-question-tag","no","individual-semantic-content-review-pending","not-authorized","草稿と原題を精読して主知識・副知識の適切さを判定"
"R03-G-Q12-C5","R03-G-Q12","R03","G","DX-G04-007","TEFの意味","4.3.1","topic-link-provisional","⑤は六塩素化PCDDの構造であり、0.03の対象ではない。","PASS","PASS","PASS","none","P1-broad-question-tag","yes","individual-semantic-content-review-pending","not-authorized","草稿と原題を精読して主知識・副知識の適切さを判定"
"R03-G-Q13-C1","R03-G-Q13","R03","G","DX-G04-016","TEF付与異性体数の同族体別集計","4.2.1","rationale-based-provisional","①の順序はHpCBs(1)<HxCDDs(3)<HxCDFs(4)<PeCBs(5)。TEF付与異性体の数を小さい方から並べた不等式として正しい。ただし問題文『多い順』との言語上の整合は要編集注。","PASS","PASS","PASS","none","resolved-numeric-order-wording-conflict-pending","yes","reprint-page7-image-symbol-and-TEF-congener-count-reviewed-wording-conflict","not-authorized","公開複製の画像で小なり記号<を確認。左→右の異性体数1<3<4<5は正しいが『多い順』と矛盾。公式問題PDFの同一性と教材注記は要最終QA。"
"R03-G-Q14-C4","R03-G-Q14","R03","G","DX-G05-008","塩素と金属触媒","5.3.3","rationale-based-provisional","有機・無機の塩素源が関係する。","PASS","PASS","PASS","none","P2-explanation-driven","no","individual-semantic-content-review-pending","not-authorized","草稿と原題を精読して主知識・副知識の適切さを判定"
"R03-G-Q15-C1","R03-G-Q15","R03","G","DX-G05-008","塩素と金属触媒","5.3.3","rationale-based-provisional","①は塩素源、炭素源と酸素の共存という燃焼関連生成の基本因子を説明する。非燃焼経路にも一律に拡張しない。","PASS","PASS","PASS","none","P2-explanation-driven","no","individual-semantic-content-review-pending","not-authorized","草稿と原題を精読して主知識・副知識の適切さを判定"
"R03-G-Q15-C2","R03-G-Q15","R03","G","DX-G05-008","塩素と金属触媒","5.3.3","topic-link-provisional","②は燃焼温度・排ガス滞留時間が生成と分解、および再合成に影響するという基本的な説明である。","PASS","PASS","PASS","none","P1-broad-question-tag","no","individual-semantic-content-review-pending","not-authorized","草稿と原題を精読して主知識・副知識の適切さを判定"
"R03-G-Q15-C3","R03-G-Q15","R03","G","DX-G05-008","塩素と金属触媒","5.3.3","rationale-based-provisional","③はCuCl₂の塩素がNaClより反応性を示しやすいという燃焼生成の説明。具体的な離脱経路は温度と触媒条件に依存。","PASS","PASS","PASS","none","P2-explanation-driven","no","individual-semantic-content-review-pending","not-authorized","草稿と原題を精読して主知識・副知識の適切さを判定"
"R03-G-Q15-C4","R03-G-Q15","R03","G","DX-G05-008","塩素と金属触媒","5.3.3","rationale-based-provisional","④は原題に『CuCl₂ ＞ PbCl₂ ＞ FeCl₂』と印刷されているが、Fujimoriほか(2009)のモデル飛灰研究では同条件下の塩素化芳香族生成促進能はCuCl₂ ＞ FeCl₂ ＞ PbCl₂の順で、PbCl₂とFeCl₂の順位が逆。研究は水和塩を使用しており、異なる条件での絶対順位とはしない。","PASS","PASS","PASS","none","P2-explanation-driven","no","individual-semantic-content-review-pending","not-authorized","草稿と原題を精読して主知識・副知識の適切さを判定"
"R03-A-Q01-C1","R03-A-Q01","R03","A","DX-A01-006","バグフィルターと粒子除去","8.3.1","topic-link-provisional","フュームと浮遊粒子状物質は異なり、発生機構の定義が違う。","PASS","PASS","PASS","none","P1-broad-question-tag","no","individual-semantic-content-review-pending","not-authorized","草稿と原題を精読して主知識・副知識の適切さを判定"
"R03-A-Q01-C2","R03-A-Q01","R03","A","DX-A01-006","バグフィルターと粒子除去","8.3.1","topic-link-provisional","フュームをダストとする点が異なる。","PASS","PASS","PASS","none","P1-broad-question-tag","no","individual-semantic-content-review-pending","not-authorized","草稿と原題を精読して主知識・副知識の適切さを判定"
"R03-A-Q01-C3","R03-A-Q01","R03","A","DX-A01-006","バグフィルターと粒子除去","8.3.1","topic-link-provisional","フューム／ばいじん／粉じんが正しい。","PASS","PASS","PASS","none","P1-broad-question-tag","no","individual-semantic-content-review-pending","not-authorized","草稿と原題を精読して主知識・副知識の適切さを判定"
"R03-A-Q01-C4","R03-A-Q01","R03","A","DX-A01-006","バグフィルターと粒子除去","8.3.1","topic-link-provisional","粒子発生の機構と大気汚染防止法の定義が一致しない。","PASS","PASS","PASS","none","P1-broad-question-tag","no","individual-semantic-content-review-pending","not-authorized","草稿と原題を精読して主知識・副知識の適切さを判定"
"R03-A-Q01-C5","R03-A-Q01","R03","A","DX-A01-006","バグフィルターと粒子除去","8.3.1","topic-link-provisional","機械的処理由来をダストとする名称が法定の粉じんと異なる。","PASS","PASS","PASS","none","P1-broad-question-tag","no","individual-semantic-content-review-pending","not-authorized","草稿と原題を精読して主知識・副知識の適切さを判定"
"R03-A-Q02-C1","R03-A-Q02","R03","A","DX-A01-006","バグフィルターと粒子除去","8.3.1","rationale-based-provisional","ろ布の捕集・払い落しを繰り返す。","PASS","PASS","PASS","none","P2-explanation-driven","no","individual-semantic-content-review-pending","not-authorized","草稿と原題を精読して主知識・副知識の適切さを判定"
"R03-A-Q02-C2","R03-A-Q02","R03","A","DX-A01-006","バグフィルターと粒子除去","8.3.1","rationale-based-provisional","ダスト層には大きい空隙率と多数の細孔がある。","PASS","PASS","PASS","none","P2-explanation-driven","no","individual-semantic-content-review-pending","not-authorized","草稿と原題を精読して主知識・副知識の適切さを判定"
"R03-A-Q02-C3","R03-A-Q02","R03","A","DX-A01-006","バグフィルターと粒子除去","8.3.1","rationale-based-provisional","堆積ダスト量で圧力損失が増える。","PASS","PASS","PASS","none","P2-explanation-driven","no","individual-semantic-content-review-pending","not-authorized","草稿と原題を精読して主知識・副知識の適切さを判定"
"R03-A-Q02-C4","R03-A-Q02","R03","A","DX-A01-006","バグフィルターと粒子除去","8.3.1","rationale-based-provisional","ろ過速度を下げると一般に分離の余裕が増える。","PASS","PASS","PASS","none","P2-explanation-driven","no","individual-semantic-content-review-pending","not-authorized","草稿と原題を精読して主知識・副知識の適切さを判定"
"R03-A-Q02-C5","R03-A-Q02","R03","A","DX-A01-006","バグフィルターと粒子除去","8.3.1","single-source-tag-provisional","空隙率は不織布の方が大きい傾向。織布が大きいという説明は逆。","PASS","PASS","PASS","none","P1-single-tag","no","individual-semantic-content-review-pending","not-authorized","草稿と原題を精読して主知識・副知識の適切さを判定"
"R03-A-Q04-C1","R03-A-Q04","R03","A","DX-A01-015","電気集じんの放電・粒子比抵抗・逆電離","8.3.2","single-source-tag-provisional","微粒子を低圧損で捕集できる。","PASS","PASS","PASS","none","resolved-explanation-review-pass31","no","choice-explanation-manual-link-corrected-original-and-science-QA-pending","not-authorized","原題の正確な表現と年度適用資料を独立に検証（意味的配置を先行修正）"
"R03-A-Q04-C2","R03-A-Q04","R03","A","DX-A01-015","電気集じんの放電・粒子比抵抗・逆電離","8.3.2","single-source-tag-provisional","負極放電と電極構成の説明。","PASS","PASS","PASS","none","resolved-explanation-review-pass31","no","choice-explanation-manual-link-corrected-original-and-science-QA-pending","not-authorized","原題の正確な表現と年度適用資料を独立に検証（意味的配置を先行修正）"
"R03-A-Q04-C3","R03-A-Q04","R03","A","DX-A01-015","電気集じんの放電・粒子比抵抗・逆電離","8.3.2","single-source-tag-provisional","放電極は高電圧直流を印加する。","PASS","PASS","PASS","none","resolved-explanation-review-pass31","yes","choice-explanation-manual-link-corrected-original-and-science-QA-pending","not-authorized","原題の正確な表現と年度適用資料を独立に検証（意味的配置を先行修正）"
"R03-A-Q04-C4","R03-A-Q04","R03","A","DX-A01-015","電気集じんの放電・粒子比抵抗・逆電離","8.3.2","single-source-tag-provisional","湿式では水で付着粒子を洗浄する。","PASS","PASS","PASS","none","resolved-explanation-review-pass31","no","choice-explanation-manual-link-corrected-original-and-science-QA-pending","not-authorized","原題の正確な表現と年度適用資料を独立に検証（意味的配置を先行修正）"
"R03-A-Q04-C5","R03-A-Q04","R03","A","DX-A01-015","電気集じんの放電・粒子比抵抗・逆電離","8.3.2","rationale-based-provisional","乾式で逆電離・再飛散が生じないとするのは不適切。","PASS","PASS","PASS","none","resolved-explanation-review-pass31","no","choice-explanation-manual-link-corrected-original-and-science-QA-pending","not-authorized","原題の正確な表現と年度適用資料を独立に検証（意味的配置を先行修正）"
"R03-A-Q06-C1","R03-A-Q06","R03","A","DX-A01-007","活性炭吸着","8.4.1","rationale-based-provisional","下線①のヤシ殻系活性炭でミクロ孔が発達しやすいことは一般的な特徴である。","PASS","PASS","PASS","none","P2-explanation-driven","no","individual-semantic-content-review-pending","not-authorized","草稿と原題を精読して主知識・副知識の適切さを判定"
"R03-A-Q06-C2","R03-A-Q06","R03","A","DX-A01-007","活性炭吸着","8.4.1","rationale-based-provisional","②『石炭系活性炭ではマクロ孔も発達』を代表的細孔径分布とするのは不適切。一般にはミクロ～メソ孔が多い。マクロ孔が絶対に存在しないと主張しているわけではない。","PASS","PASS","PASS","none","P2-explanation-driven","no","individual-semantic-content-review-pending","not-authorized","草稿と原題を精読して主知識・副知識の適切さを判定"
"R03-A-Q06-C3","R03-A-Q06","R03","A","DX-A01-007","活性炭吸着","8.4.1","rationale-based-provisional","下線③の活性コークスは高比表面積の活性炭と比較して比表面積が小さいことが多い。","PASS","PASS","PASS","none","P2-explanation-driven","no","individual-semantic-content-review-pending","not-authorized","草稿と原題を精読して主知識・副知識の適切さを判定"
"R03-A-Q06-C4","R03-A-Q06","R03","A","DX-A01-007","活性炭吸着","8.4.1","topic-link-provisional","下線④の活性コークスには脱硝機能を備えるものも存在する。","PASS","PASS","PASS","none","P1-broad-question-tag","no","individual-semantic-content-review-pending","not-authorized","草稿と原題を精読して主知識・副知識の適切さを判定"
"R03-A-Q07-C1","R03-A-Q07","R03","A","DX-A01-007","活性炭吸着","8.4.1","single-source-tag-provisional","物理吸着の脱離は化学吸着より容易。","PASS","PASS","PASS","none","P1-single-tag","no","individual-semantic-content-review-pending","not-authorized","草稿と原題を精読して主知識・副知識の適切さを判定"
"R03-A-Q07-C2","R03-A-Q07","R03","A","DX-A01-007","活性炭吸着","8.4.1","single-source-tag-provisional","吸着が発熱的なら、一般に低温の方が平衡吸着に有利。","PASS","PASS","PASS","none","P1-single-tag","no","individual-semantic-content-review-pending","not-authorized","草稿と原題を精読して主知識・副知識の適切さを判定"
"R03-A-Q07-C3","R03-A-Q07","R03","A","DX-A01-007","活性炭吸着","8.4.1","rationale-based-provisional","活性炭表面は疎水性でダイオキシン類を吸着しやすい。","PASS","PASS","PASS","none","P2-explanation-driven","yes","individual-semantic-content-review-pending","not-authorized","草稿と原題を精読して主知識・副知識の適切さを判定"
"R03-A-Q07-C4","R03-A-Q07","R03","A","DX-A01-007","活性炭吸着","8.4.1","single-source-tag-provisional","一般に比表面積が大きいほど吸着容量に寄与。","PASS","PASS","PASS","none","P1-single-tag","no","individual-semantic-content-review-pending","not-authorized","草稿と原題を精読して主知識・副知識の適切さを判定"
"R03-A-Q07-C5","R03-A-Q07","R03","A","DX-A01-007","活性炭吸着","8.4.1","single-source-tag-provisional","破過曲線はS字状になりやすい。","PASS","PASS","PASS","none","P1-single-tag","no","individual-semantic-content-review-pending","not-authorized","草稿と原題を精読して主知識・副知識の適切さを判定"
"R03-A-Q08-C1","R03-A-Q08","R03","A","DX-A02-001","焼結炉","9.2.1","topic-link-provisional","焼成の進行に伴う排出濃度の時間変化が逆とされる。実測文献が必要。","PASS","PASS","PASS","none","P1-broad-question-tag","yes","individual-semantic-content-review-pending","not-authorized","草稿と原題を精読して主知識・副知識の適切さを判定"
"R03-A-Q08-C2","R03-A-Q08","R03","A","DX-A02-001","焼結炉","9.2.1","topic-link-provisional","塩素含有量と生成量には相関の報告がある。","PASS","PASS","PASS","none","P1-broad-question-tag","no","individual-semantic-content-review-pending","not-authorized","草稿と原題を精読して主知識・副知識の適切さを判定"
"R03-A-Q08-C4","R03-A-Q08","R03","A","DX-A02-001","焼結炉","9.2.1","topic-link-provisional","成品中への残留は比較的小さい。","PASS","PASS","PASS","none","P1-broad-question-tag","no","individual-semantic-content-review-pending","not-authorized","草稿と原題を精読して主知識・副知識の適切さを判定"
"R03-A-Q08-C5","R03-A-Q08","R03","A","DX-A02-001","焼結炉","9.2.1","topic-link-provisional","排ガス中のPCDFがPCDDより多い例がある。","PASS","PASS","PASS","none","P1-broad-question-tag","no","individual-semantic-content-review-pending","not-authorized","草稿と原題を精読して主知識・副知識の適切さを判定"
"R03-A-Q09-C1","R03-A-Q09","R03","A","DX-A02-002","製鋼用電気炉","9.2.2","topic-link-provisional","2.89をZn、22.7をClとするのは一般的な含有率・列関係から逆。","PASS","PASS","PASS","none","P1-broad-question-tag","no","individual-semantic-content-review-pending","not-authorized","草稿と原題を精読して主知識・副知識の適切さを判定"
"R03-A-Q09-C2","R03-A-Q09","R03","A","DX-A02-002","製鋼用電気炉","9.2.2","topic-link-provisional","Cu0.12をAlとする割付けを、特定表の原データでさらに検証する。","PASS","PASS","PASS","none","P1-broad-question-tag","no","individual-semantic-content-review-pending","not-authorized","草稿と原題を精読して主知識・副知識の適切さを判定"
"R03-A-Q09-C3","R03-A-Q09","R03","A","DX-A02-002","製鋼用電気炉","9.2.2","topic-link-provisional","微量0.12＝Cu、数％2.89＝Cl、数十％22.7＝Znの対応。","PASS","PASS","PASS","none","P1-broad-question-tag","no","individual-semantic-content-review-pending","not-authorized","草稿と原題を精読して主知識・副知識の適切さを判定"
"R03-A-Q09-C4","R03-A-Q09","R03","A","DX-A02-002","製鋼用電気炉","9.2.2","topic-link-provisional","最初の微量をAlとする割付けが違う。","PASS","PASS","PASS","none","P1-broad-question-tag","no","individual-semantic-content-review-pending","not-authorized","草稿と原題を精読して主知識・副知識の適切さを判定"
"R03-A-Q09-C5","R03-A-Q09","R03","A","DX-A02-002","製鋼用電気炉","9.2.2","topic-link-provisional","微量0.12をClとする割付けが不適切。","PASS","PASS","PASS","none","P1-broad-question-tag","no","individual-semantic-content-review-pending","not-authorized","草稿と原題を精読して主知識・副知識の適切さを判定"
"R03-A-Q10-C2","R03-A-Q10","R03","A","DX-A02-016","製鋼用電気炉の集じんダストからの亜鉛回収（令別表第一第3号）","9.2.3","rationale-based-provisional","下線②の粉コークスは後段の還元揮発で用いる還元剤に対応する。","PASS","PASS","PASS","none","P2-explanation-driven","no","individual-semantic-content-review-pending","not-authorized","草稿と原題を精読して主知識・副知識の適切さを判定"
"R03-A-Q10-C3","R03-A-Q10","R03","A","DX-A02-014","銑鉄製造用の焼結鉱をつくる焼結炉（令別表第一第1号）","9.2.1","rationale-based-provisional","下線③のドワイトロイド形焼結炉は焼成後の原料を焼結する工程に対応する。","PASS","PASS","PASS","none","P2-explanation-driven","no","individual-semantic-content-review-pending","not-authorized","草稿と原題を精読して主知識・副知識の適切さを判定"
"R03-A-Q10-C4","R03-A-Q10","R03","A","DX-A02-014","銑鉄製造用の焼結鉱をつくる焼結炉（令別表第一第1号）","9.2.1","rationale-based-provisional","④の塩化カルシウムを焼結後の亜鉛蒸留炉に装入する記述は、塩化揮発工程と炭素熱還元蒸留工程を取り違える。CaCl₂を用いる塩化揮発そのものは査読研究に実例があるが、原題の全設備系列の独立監査は別途必要。","PASS","PASS","PASS","none","P2-explanation-driven","no","individual-semantic-content-review-pending","not-authorized","草稿と原題を精読して主知識・副知識の適切さを判定"
"R03-A-Q10-C5","R03-A-Q10","R03","A","DX-A02-015","製鋼用電気炉（令別表第一第2号）","9.2.2","rationale-based-provisional","下線⑤の立形抵抗電気炉は当該設問に示された亜鉛の蒸留還元の炉に対応する。","PASS","PASS","PASS","none","P2-explanation-driven","no","individual-semantic-content-review-pending","not-authorized","草稿と原題を精読して主知識・副知識の適切さを判定"
"R03-A-Q11-C3","R03-A-Q11","R03","A","DX-A02-017","アルミニウムくずを原料とするアルミ合金製造（令別表第一第4号）","9.3.1","single-source-tag-provisional","500℃以上、酸素6～8%、再燃焼800℃の条件を示す。","PASS","PASS","PASS","none","P1-single-tag","yes","individual-semantic-content-review-pending","not-authorized","草稿と原題を精読して主知識・副知識の適切さを判定"
"R03-A-Q11-C4","R03-A-Q11","R03","A","DX-A02-017","アルミニウムくずを原料とするアルミ合金製造（令別表第一第4号）","9.3.1","single-source-tag-provisional","再燃焼500℃という数値が異なる。","PASS","PASS","PASS","none","P1-single-tag","no","individual-semantic-content-review-pending","not-authorized","草稿と原題を精読して主知識・副知識の適切さを判定"
"R03-A-Q11-C5","R03-A-Q11","R03","A","DX-A02-017","アルミニウムくずを原料とするアルミ合金製造（令別表第一第4号）","9.3.1","single-source-tag-provisional","酸素0.1%以下とする数値が異なる。","PASS","PASS","PASS","none","P1-single-tag","no","individual-semantic-content-review-pending","not-authorized","草稿と原題を精読して主知識・副知識の適切さを判定"
"R03-A-Q12-C1","R03-A-Q12","R03","A","DX-A03-004","沈殿・凝集","10.2.1","rationale-based-provisional","SS除去／活性汚泥の固液分離／促進酸化処理の組合せ。","PASS","PASS","PASS","none","P2-explanation-driven","no","individual-semantic-content-review-pending","not-authorized","草稿と原題を精読して主知識・副知識の適切さを判定"
"R03-A-Q13-C1","R03-A-Q13","R03","A","DX-A03-004","沈殿・凝集","10.2.1","single-source-tag-provisional","コロイド粒子の大きさを示す分類。","PASS","PASS","PASS","none","P1-single-tag","no","individual-semantic-content-review-pending","not-authorized","草稿と原題を精読して主知識・副知識の適切さを判定"
"R03-A-Q13-C2","R03-A-Q13","R03","A","DX-A03-004","沈殿・凝集","10.2.1","rationale-based-provisional","無機凝集剤による荷電中和で粒子を不安定化。","PASS","PASS","PASS","none","P2-explanation-driven","no","individual-semantic-content-review-pending","not-authorized","草稿と原題を精読して主知識・副知識の適切さを判定"
"R03-A-Q13-C3","R03-A-Q13","R03","A","DX-A03-004","沈殿・凝集","10.2.1","rationale-based-provisional","アルミン酸ナトリウムとの組合せ凝集剤を問う。","PASS","PASS","PASS","none","P2-explanation-driven","no","individual-semantic-content-review-pending","not-authorized","草稿と原題を精読して主知識・副知識の適切さを判定"
"R03-A-Q13-C4","R03-A-Q13","R03","A","DX-A03-004","沈殿・凝集","10.2.1","single-source-tag-provisional","正に帯電した粒子に同じ正電荷のポリマーで中和できるという点が不適切。","PASS","PASS","PASS","none","P1-single-tag","no","individual-semantic-content-review-pending","not-authorized","草稿と原題を精読して主知識・副知識の適切さを判定"
"R03-A-Q13-C5","R03-A-Q13","R03","A","DX-A03-004","沈殿・凝集","10.2.1","single-source-tag-provisional","非イオン性ポリマーのpH適用域を問う。","PASS","PASS","PASS","none","P1-single-tag","no","individual-semantic-content-review-pending","not-authorized","草稿と原題を精読して主知識・副知識の適切さを判定"
"R03-A-Q14-C1","R03-A-Q14","R03","A","DX-A03-005","ろ過・膜分離","10.2.2","rationale-based-provisional","MFの次にRO、その後UFとする分離サイズ順が異なる。","PASS","PASS","PASS","none","P2-explanation-driven","no","individual-semantic-content-review-pending","not-authorized","草稿と原題を精読して主知識・副知識の適切さを判定"
"R03-A-Q14-C2","R03-A-Q14","R03","A","DX-A03-005","ろ過・膜分離","10.2.2","rationale-based-provisional","UFとMFが入れ替わる。","PASS","PASS","PASS","none","P2-explanation-driven","no","individual-semantic-content-review-pending","not-authorized","草稿と原題を精読して主知識・副知識の適切さを判定"
"R03-A-Q14-C3","R03-A-Q14","R03","A","DX-A03-005","ろ過・膜分離","10.2.2","rationale-based-provisional","最初をROとするのは粒径対応を逆にする。","PASS","PASS","PASS","none","P2-explanation-driven","no","individual-semantic-content-review-pending","not-authorized","草稿と原題を精読して主知識・副知識の適切さを判定"
"R03-A-Q14-C4","R03-A-Q14","R03","A","DX-A03-005","ろ過・膜分離","10.2.2","rationale-based-provisional","最初をUFとし最後をMFとするので不一致。","PASS","PASS","PASS","none","P2-explanation-driven","no","individual-semantic-content-review-pending","not-authorized","草稿と原題を精読して主知識・副知識の適切さを判定"
"R03-A-Q14-C5","R03-A-Q14","R03","A","DX-A03-005","ろ過・膜分離","10.2.2","single-source-tag-provisional","精密ろ過／限外ろ過／逆浸透の順が一致。","PASS","PASS","PASS","none","P1-single-tag","yes","individual-semantic-content-review-pending","not-authorized","草稿と原題を精読して主知識・副知識の適切さを判定"
"R03-A-Q15-C1","R03-A-Q15","R03","A","DX-A04-019","クロロベンゼンまたはジクロロベンゼン製造（令別表第二第8号）","11.2.3","rationale-based-provisional","①クロロベンゼン類はベンゼンを鉄系触媒等で塩素化して製造する。環境省の製造工程資料と比較すると、原題の『白金触媒』が誤り。","PASS","PASS","PASS","none","P2-explanation-driven","no","individual-semantic-content-review-pending","not-authorized","草稿と原題を精読して主知識・副知識の適切さを判定"
"R03-A-Q15-C2","R03-A-Q15","R03","A","DX-A04-019","クロロベンゼンまたはジクロロベンゼン製造（令別表第二第8号）","11.2.3","rationale-based-provisional","②のベンゼンを塩素化する反応はクロロベンゼン製造の基本。下線位置の正式な目視照合は未了。","PASS","PASS","PASS","none","P2-explanation-driven","no","individual-semantic-content-review-pending","not-authorized","草稿と原題を精読して主知識・副知識の適切さを判定"
"R03-A-Q15-C3","R03-A-Q15","R03","A","DX-A04-019","クロロベンゼンまたはジクロロベンゼン製造（令別表第二第8号）","11.2.3","rationale-based-provisional","③の染料中間物・農薬・医薬品などの用途はクロロベンゼン類の用途として妥当。下線位置は仮対応。","PASS","PASS","PASS","none","P2-explanation-driven","no","individual-semantic-content-review-pending","not-authorized","草稿と原題を精読して主知識・副知識の適切さを判定"
"R03-A-Q15-C4","R03-A-Q15","R03","A","DX-A04-019","クロロベンゼンまたはジクロロベンゼン製造（令別表第二第8号）","11.2.3","rationale-based-provisional","④の粗クロロベンゼンの水洗工程は水系排出経路として説明できるが、具体的な設備指定と下線位置は別途確認。","PASS","PASS","PASS","none","P2-explanation-driven","no","individual-semantic-content-review-pending","not-authorized","草稿と原題を精読して主知識・副知識の適切さを判定"
"R03-A-Q15-C5","R03-A-Q15","R03","A","DX-A04-019","クロロベンゼンまたはジクロロベンゼン製造（令別表第二第8号）","11.2.3","single-source-tag-provisional","⑤の生成物回収工程に係る廃ガス洗浄施設も水系排出源となり得る。法令の施設区分は出題年度別に確認する。","PASS","PASS","PASS","none","P1-single-tag","no","individual-semantic-content-review-pending","not-authorized","草稿と原題を精読して主知識・副知識の適切さを判定"
"R03-A-Q16-C1","R03-A-Q16","R03","A","DX-A04-013","カーバイド法アセチレン製造に伴う洗浄（令別表第二第2号）","11.2.2","rationale-based-provisional","①のアセチレンが塩素化有機化合物などの工業原料になる点は妥当。下線が指す化合物名の位置は画像未確認。","PASS","PASS","PASS","none","P2-explanation-driven","no","individual-semantic-content-review-pending","not-authorized","草稿と原題を精読して主知識・副知識の適切さを判定"
"R03-A-Q16-C2","R03-A-Q16","R03","A","DX-A04-013","カーバイド法アセチレン製造に伴う洗浄（令別表第二第2号）","11.2.2","rationale-based-provisional","②カーバイド法でアセチレンを得る原料はCaC₂であり、SiCではない。環境省資料のCaC₂＋2H₂O→Ca(OH)₂＋C₂H₂で確認できる。","PASS","PASS","PASS","none","P2-explanation-driven","yes","individual-semantic-content-review-pending","not-authorized","草稿と原題を精読して主知識・副知識の適切さを判定"
"R03-A-Q16-C3","R03-A-Q16","R03","A","DX-A04-013","カーバイド法アセチレン製造に伴う洗浄（令別表第二第2号）","11.2.2","rationale-based-provisional","③の注水はCaC₂の加水分解でC₂H₂を生じる必須操作。乾式と湿式で水量が異なる。","PASS","PASS","PASS","none","P2-explanation-driven","no","individual-semantic-content-review-pending","not-authorized","草稿と原題を精読して主知識・副知識の適切さを判定"
"R03-A-Q16-C4","R03-A-Q16","R03","A","DX-A04-013","カーバイド法アセチレン製造に伴う洗浄（令別表第二第2号）","11.2.2","rationale-based-provisional","④のりん化水素や硫化水素は、カーバイド等に由来し得る粗アセチレン中の不純物。下線位置は仮対応。","PASS","PASS","PASS","none","P2-explanation-driven","no","individual-semantic-content-review-pending","not-authorized","草稿と原題を精読して主知識・副知識の適切さを判定"
"R03-A-Q16-C5","R03-A-Q16","R03","A","DX-A04-013","カーバイド法アセチレン製造に伴う洗浄（令別表第二第2号）","11.2.2","single-source-tag-provisional","⑤の次亜塩素酸ナトリウム等による酸化洗浄は不純物除去に使用される。洗浄工程の副生成物への注意が必要。","PASS","PASS","PASS","none","P1-single-tag","no","individual-semantic-content-review-pending","not-authorized","草稿と原題を精読して主知識・副知識の適切さを判定"
"R03-A-Q17-C1","R03-A-Q17","R03","A","DX-A05-007","試料の前処理と抽出","12.3.1","rationale-based-provisional","測定フローは採取・抽出と精製・GC/MS。","PASS","PASS","PASS","none","P2-explanation-driven","no","individual-semantic-content-review-pending","not-authorized","草稿と原題を精読して主知識・副知識の適切さを判定"
"R03-A-Q17-C2","R03-A-Q17","R03","A","DX-A05-008","精製・クリーンアップ","12.3.2","rationale-based-provisional","抽出・クリーンアップを分ける説明。","PASS","PASS","PASS","none","P2-explanation-driven","no","individual-semantic-content-review-pending","not-authorized","草稿と原題を精読して主知識・副知識の適切さを判定"
"R03-A-Q17-C3","R03-A-Q17","R03","A","DX-A05-011","HRGC/HRMS","12.4.2","rationale-based-provisional","GC分離後にHRMS検出・同定・定量を行う。","PASS","PASS","PASS","none","P2-explanation-driven","no","individual-semantic-content-review-pending","not-authorized","草稿と原題を精読して主知識・副知識の適切さを判定"
"R03-A-Q17-C4","R03-A-Q17","R03","A","DX-A05-009","内標準物質の添加","12.3.3","rationale-based-provisional","標識内標準の^35Clと^37Clを取り違えている。","PASS","PASS","PASS","none","P2-explanation-driven","no","individual-semantic-content-review-pending","not-authorized","草稿と原題を精読して主知識・副知識の適切さを判定"
"R03-A-Q18-C1","R03-A-Q18","R03","A","DX-A05-019","JIS K 0311:2020","12.7.1","rationale-based-provisional","等速吸引の許容相対誤差はJIS K0311:2020掲載本文で−5%～＋10%。原題の±10%は負側許容を広げており誤り。JIS正本照合待ち。","PASS","PASS","PASS","none","P2-explanation-driven","no","individual-semantic-content-review-pending","not-authorized","草稿と原題を精読して主知識・副知識の適切さを判定"
"R03-A-Q18-C2","R03-A-Q18","R03","A","DX-A05-004","排ガス採取の原理","12.2.1","topic-link-provisional","ダイオキシン類について十分な捕集率が必要。","PASS","PASS","PASS","none","P1-broad-question-tag","no","individual-semantic-content-review-pending","not-authorized","草稿と原題を精読して主知識・副知識の適切さを判定"
"R03-A-Q18-C3","R03-A-Q18","R03","A","DX-A05-004","排ガス採取の原理","12.2.1","topic-link-provisional","試料採取中の二次生成・分解を避ける。","PASS","PASS","PASS","none","P1-broad-question-tag","no","individual-semantic-content-review-pending","not-authorized","草稿と原題を精読して主知識・副知識の適切さを判定"
"R03-A-Q18-C4","R03-A-Q18","R03","A","DX-A05-007","試料の前処理と抽出","12.3.1","rationale-based-provisional","抽出までの操作で対象物質を失わない。","PASS","PASS","PASS","none","P2-explanation-driven","no","individual-semantic-content-review-pending","not-authorized","草稿と原題を精読して主知識・副知識の適切さを判定"
"R03-A-Q18-C5","R03-A-Q18","R03","A","DX-A05-004","排ガス採取の原理","12.2.1","topic-link-provisional","外気混入や汚染がない装置・管理が必要。","PASS","PASS","PASS","none","P1-broad-question-tag","no","individual-semantic-content-review-pending","not-authorized","草稿と原題を精読して主知識・副知識の適切さを判定"
"R03-A-Q19-C1","R03-A-Q19","R03","A","DX-A05-004","排ガス採取の原理","12.2.1","rationale-based-provisional","①は円筒ろ紙、ヘキサン洗浄水、吸着剤カラム、ジエチレングリコールが順に対応し、JEMCA図と一致する。","PASS","PASS","PASS","none","P2-explanation-driven","no","individual-semantic-content-review-pending","not-authorized","草稿と原題を精読して主知識・副知識の適切さを判定"
"R03-A-Q19-C2","R03-A-Q19","R03","A","DX-A05-008","精製・クリーンアップ","12.3.2","rationale-based-provisional","②はフィルタ捕集部をガラスウール、吸着部をアルミナカラムとし、JISⅠ形装置図に一致しない。","PASS","PASS","PASS","none","P2-explanation-driven","no","individual-semantic-content-review-pending","not-authorized","草稿と原題を精読して主知識・副知識の適切さを判定"
"R03-A-Q19-C3","R03-A-Q19","R03","A","DX-A05-004","排ガス採取の原理","12.2.1","rationale-based-provisional","③は最後の液体捕集部をヘキサン洗浄水としており、正しいジエチレングリコールと異なる。","PASS","PASS","PASS","none","P2-explanation-driven","no","individual-semantic-content-review-pending","not-authorized","草稿と原題を精読して主知識・副知識の適切さを判定"
"R03-A-Q19-C4","R03-A-Q19","R03","A","DX-A05-004","排ガス採取の原理","12.2.1","rationale-based-provisional","④はフィルタ捕集部と液体捕集部(I)(II)の物質が、図の円筒ろ紙・ヘキサン洗浄水・ジエチレングリコールと一致しない。","PASS","PASS","PASS","none","P2-explanation-driven","no","individual-semantic-content-review-pending","not-authorized","草稿と原題を精読して主知識・副知識の適切さを判定"
"R03-A-Q19-C5","R03-A-Q19","R03","A","DX-A05-004","排ガス採取の原理","12.2.1","rationale-based-provisional","⑤は先頭の円筒ろ紙は一致するが、それ以降のヘキサン洗浄水・吸着剤カラム・ジエチレングリコールの配置が違う。","PASS","PASS","PASS","none","P2-explanation-driven","no","individual-semantic-content-review-pending","not-authorized","草稿と原題を精読して主知識・副知識の適切さを判定"
"R03-A-Q20-C1","R03-A-Q20","R03","A","DX-A05-014","検出下限・定量下限","12.5.2","topic-link-provisional","2m³では必要量の試算約3.125m³より小さい。","PASS","PASS","PASS","none","P1-broad-question-tag","yes","individual-semantic-content-review-pending","not-authorized","草稿と原題を精読して主知識・副知識の適切さを判定"
"R03-A-Q20-C2","R03-A-Q20","R03","A","DX-A05-014","検出下限・定量下限","12.5.2","rationale-based-provisional","計算値は3.125m³なので『およそ3m³』が五択中最も近い②。ただし実務で最小採取量3m³では不足し、検出下限を満たす採取量は3.125m³以上。","PASS","PASS","PASS","none","P2-explanation-driven","no","individual-semantic-content-review-pending","not-authorized","草稿と原題を精読して主知識・副知識の適切さを判定"
"R03-A-Q20-C3","R03-A-Q20","R03","A","DX-A05-014","検出下限・定量下限","12.5.2","topic-link-provisional","4m³は約3.125m³より少し大きいが選択肢中『およそ』の最も近似ではない。","PASS","PASS","PASS","none","P1-broad-question-tag","no","individual-semantic-content-review-pending","not-authorized","草稿と原題を精読して主知識・副知識の適切さを判定"
"R03-A-Q20-C4","R03-A-Q20","R03","A","DX-A05-014","検出下限・定量下限","12.5.2","topic-link-provisional","6m³は計算値よりかなり大きい。","PASS","PASS","PASS","none","P1-broad-question-tag","no","individual-semantic-content-review-pending","not-authorized","草稿と原題を精読して主知識・副知識の適切さを判定"
"R03-A-Q20-C5","R03-A-Q20","R03","A","DX-A05-014","検出下限・定量下限","12.5.2","topic-link-provisional","10m³は計算値より大きい。","PASS","PASS","PASS","none","P1-broad-question-tag","no","individual-semantic-content-review-pending","not-authorized","草稿と原題を精読して主知識・副知識の適切さを判定"
"R03-A-Q21-C1","R03-A-Q21","R03","A","DX-A05-007","試料の前処理と抽出","12.3.1","topic-link-provisional","排ガスろ材の酸処理操作を扱う。","PASS","PASS","PASS","none","P1-broad-question-tag","no","individual-semantic-content-review-pending","not-authorized","草稿と原題を精読して主知識・副知識の適切さを判定"
"R03-A-Q21-C2","R03-A-Q21","R03","A","DX-A05-007","試料の前処理と抽出","12.3.1","rationale-based-provisional","ソックスレー法等の固体試料からの抽出。","PASS","PASS","PASS","none","P2-explanation-driven","no","individual-semantic-content-review-pending","not-authorized","草稿と原題を精読して主知識・副知識の適切さを判定"
"R03-A-Q21-C3","R03-A-Q21","R03","A","DX-A05-007","試料の前処理と抽出","12.3.1","rationale-based-provisional","捕集液に溶媒を加えた振とう抽出操作を扱う。","PASS","PASS","PASS","none","P2-explanation-driven","no","individual-semantic-content-review-pending","not-authorized","草稿と原題を精読して主知識・副知識の適切さを判定"
"R03-A-Q21-C4","R03-A-Q21","R03","A","DX-A05-007","試料の前処理と抽出","12.3.1","topic-link-provisional","固相への通水量を10Lとしてよいとの記述が不適切。","PASS","PASS","PASS","none","P1-broad-question-tag","no","individual-semantic-content-review-pending","not-authorized","草稿と原題を精読して主知識・副知識の適切さを判定"
"R03-A-Q21-C5","R03-A-Q21","R03","A","DX-A05-007","試料の前処理と抽出","12.3.1","topic-link-provisional","凝集操作を使う分散型固相吸着法を扱う。","PASS","PASS","PASS","none","P1-broad-question-tag","no","individual-semantic-content-review-pending","not-authorized","草稿と原題を精読して主知識・副知識の適切さを判定"
"R03-A-Q22-C1","R03-A-Q22","R03","A","DX-A05-011","HRGC/HRMS","12.4.2","topic-link-provisional","GC分離状況を試料等で確認する工程。","PASS","PASS","PASS","none","P1-broad-question-tag","no","individual-semantic-content-review-pending","not-authorized","草稿と原題を精読して主知識・副知識の適切さを判定"
"R03-A-Q22-C2","R03-A-Q22","R03","A","DX-A05-011","HRGC/HRMS","12.4.2","rationale-based-provisional","測定イオンの選択とロックマスの設定。","PASS","PASS","PASS","none","P2-explanation-driven","yes","individual-semantic-content-review-pending","not-authorized","草稿と原題を精読して主知識・副知識の適切さを判定"
"R03-A-Q22-C3","R03-A-Q22","R03","A","DX-A05-011","HRGC/HRMS","12.4.2","topic-link-provisional","校正試料のクロマトグラム上のシグナル変動監視。","PASS","PASS","PASS","none","P1-broad-question-tag","no","individual-semantic-content-review-pending","not-authorized","草稿と原題を精読して主知識・副知識の適切さを判定"
"R03-A-Q22-C4","R03-A-Q22","R03","A","DX-A05-011","HRGC/HRMS","12.4.2","topic-link-provisional","1濃度水準2回・全10点以上という校正反復数が規格と異なるとの出題。","PASS","PASS","PASS","none","P1-broad-question-tag","no","individual-semantic-content-review-pending","not-authorized","草稿と原題を精読して主知識・副知識の適切さを判定"
"R03-A-Q22-C5","R03-A-Q22","R03","A","DX-A05-012","同位体希釈定量","12.4.3","rationale-based-provisional","相対感度をピーク面積比と濃度比から得る。","PASS","PASS","PASS","none","P2-explanation-driven","no","individual-semantic-content-review-pending","not-authorized","草稿と原題を精読して主知識・副知識の適切さを判定"
"R03-A-Q23-C1","R03-A-Q23","R03","A","DX-A05-012","同位体希釈定量","12.4.3","topic-link-provisional","①は量の比をQ_CS/Q_RSと逆にしている。面積比が正しくても相対感度式と一致しない。","PASS","PASS","PASS","none","P1-broad-question-tag","no","individual-semantic-content-review-pending","not-authorized","草稿と原題を精読して主知識・副知識の適切さを判定"
"R03-A-Q23-C2","R03-A-Q23","R03","A","DX-A05-012","同位体希釈定量","12.4.3","rationale-based-provisional","②は量の比Q_CS/Q_RS、ピーク面積比A_RS/A_CSと両方逆である。","PASS","PASS","PASS","none","P2-explanation-driven","no","individual-semantic-content-review-pending","not-authorized","草稿と原題を精読して主知識・副知識の適切さを判定"
"R03-A-Q23-C3","R03-A-Q23","R03","A","DX-A05-008","精製・クリーンアップ","12.3.2","rationale-based-provisional","③はサンプリングスパイクのピーク面積を用い、求めたいクリーンアップ/シリンジ相対感度と無関係。","PASS","PASS","PASS","none","P2-explanation-driven","no","individual-semantic-content-review-pending","not-authorized","草稿と原題を精読して主知識・副知識の適切さを判定"
"R03-A-Q23-C4","R03-A-Q23","R03","A","DX-A05-012","同位体希釈定量","12.4.3","topic-link-provisional","④は量の比はQ_RS/Q_CSで正しいが、面積比がA_RS/A_CSと逆になっている。","PASS","PASS","PASS","none","P1-broad-question-tag","no","individual-semantic-content-review-pending","not-authorized","草稿と原題を精読して主知識・副知識の適切さを判定"
"R03-A-Q23-C5","R03-A-Q23","R03","A","DX-A05-012","同位体希釈定量","12.4.3","topic-link-provisional","⑤は(Q_RS/Q_CS)×(A_CS/A_RS)となり、掲載JISの相対感度の定義と一致する。","PASS","PASS","PASS","none","P1-broad-question-tag","yes","individual-semantic-content-review-pending","not-authorized","草稿と原題を精読して主知識・副知識の適切さを判定"
"R03-A-Q24-C1","R03-A-Q24","R03","A","DX-A05-003","単位と試料の換算","12.1.3","rationale-based-provisional","1ng/m³は酸素濃度20%上限を適用した算定結果と違う。","PASS","PASS","PASS","none","P2-explanation-driven","no","individual-semantic-content-review-pending","not-authorized","草稿と原題を精読して主知識・副知識の適切さを判定"
"R03-A-Q24-C2","R03-A-Q24","R03","A","DX-A05-014","検出下限・定量下限","12.5.2","topic-link-provisional","2ng/m³は同じく計算結果と違う。","PASS","PASS","PASS","none","P1-broad-question-tag","no","individual-semantic-content-review-pending","not-authorized","草稿と原題を精読して主知識・副知識の適切さを判定"
"R03-A-Q24-C3","R03-A-Q24","R03","A","DX-A05-014","検出下限・定量下限","12.5.2","topic-link-provisional","(2/6)×9＝3ng/m³が正しい。","PASS","PASS","PASS","none","P1-broad-question-tag","no","individual-semantic-content-review-pending","not-authorized","草稿と原題を精読して主知識・副知識の適切さを判定"
"R03-A-Q24-C4","R03-A-Q24","R03","A","DX-A05-014","検出下限・定量下限","12.5.2","topic-link-provisional","4ng/m³ではない。","PASS","PASS","PASS","none","P1-broad-question-tag","no","individual-semantic-content-review-pending","not-authorized","草稿と原題を精読して主知識・副知識の適切さを判定"
"R03-A-Q24-C5","R03-A-Q24","R03","A","DX-A05-014","検出下限・定量下限","12.5.2","topic-link-provisional","5ng/m³ではない。","PASS","PASS","PASS","none","P1-broad-question-tag","no","individual-semantic-content-review-pending","not-authorized","草稿と原題を精読して主知識・副知識の適切さを判定"
"R03-A-Q25-C1","R03-A-Q25","R03","A","DX-A05-009","内標準物質の添加","12.3.3","rationale-based-provisional","採取スパイクの回収率70～130%。","PASS","PASS","PASS","none","P2-explanation-driven","no","individual-semantic-content-review-pending","not-authorized","草稿と原題を精読して主知識・副知識の適切さを判定"
"R03-A-Q25-C2","R03-A-Q25","R03","A","DX-A05-008","精製・クリーンアップ","12.3.2","rationale-based-provisional","クリーンアップスパイク50～120%。","PASS","PASS","PASS","none","P2-explanation-driven","no","individual-semantic-content-review-pending","not-authorized","草稿と原題を精読して主知識・副知識の適切さを判定"
"R03-A-Q25-C3","R03-A-Q25","R03","A","DX-A05-019","JIS K 0311:2020","12.7.1","rationale-based-provisional","原題③の八塩素化物1.0pg、DL-PCB0.5pgは、JIS K0311:2020掲載本文の0.5pg、0.2pgとともに異なる。JIS正本照合待ち。","PASS","PASS","PASS","none","P2-explanation-driven","no","individual-semantic-content-review-pending","not-authorized","草稿と原題を精読して主知識・副知識の適切さを判定"
"R03-A-Q25-C4","R03-A-Q25","R03","A","DX-A05-014","検出下限・定量下限","12.5.2","topic-link-provisional","試料ごとのDL/QLは採取量等で異なる。","PASS","PASS","PASS","none","P1-broad-question-tag","no","individual-semantic-content-review-pending","not-authorized","草稿と原題を精読して主知識・副知識の適切さを判定"
"R03-A-Q25-C5","R03-A-Q25","R03","A","DX-A05-014","検出下限・定量下限","12.5.2","rationale-based-provisional","無ピーク時のノイズを踏まえた検出下限確認。","PASS","PASS","PASS","none","P2-explanation-driven","no","individual-semantic-content-review-pending","not-authorized","草稿と原題を精読して主知識・副知識の適切さを判定"
"R04-G-Q01-C1","R04-G-Q01","R04","G","DX-G01-007","大気環境基準","1.3.1","topic-link-provisional","未達成は『直ちに』ではなく可及的速やか。","PASS","PASS","PASS","none","P1-broad-question-tag","no","individual-semantic-content-review-pending","not-authorized","草稿と原題を精読して主知識・副知識の適切さを判定"
"R04-G-Q01-C2","R04-G-Q01","R04","G","DX-G01-007","大気環境基準","1.3.1","topic-link-provisional","土壌でなく大気を即時達成させるという組合せが違う。","PASS","PASS","PASS","none","P1-broad-question-tag","no","individual-semantic-content-review-pending","not-authorized","草稿と原題を精読して主知識・副知識の適切さを判定"
"R04-G-Q01-C3","R04-G-Q01","R04","G","DX-G01-007","大気環境基準","1.3.1","topic-link-provisional","可及的速やかな達成・達成状態の維持・土壌の必要な措置が一致。","PASS","PASS","PASS","none","P1-broad-question-tag","no","individual-semantic-content-review-pending","not-authorized","草稿と原題を精読して主知識・副知識の適切さを判定"
"R04-G-Q01-C4","R04-G-Q01","R04","G","DX-G01-007","大気環境基準","1.3.1","topic-link-provisional","達成後は改善ではなく維持。","PASS","PASS","PASS","none","P1-broad-question-tag","no","individual-semantic-content-review-pending","not-authorized","草稿と原題を精読して主知識・副知識の適切さを判定"
"R04-G-Q01-C5","R04-G-Q01","R04","G","DX-G01-007","大気環境基準","1.3.1","topic-link-provisional","直ちに達成・改善するという語句が不一致。","PASS","PASS","PASS","none","P1-broad-question-tag","yes","individual-semantic-content-review-pending","not-authorized","草稿と原題を精読して主知識・副知識の適切さを判定"
"R04-G-Q02-C1","R04-G-Q02","R04","G","DX-G01-001","基本指針と特措法","1.1.1","single-source-tag-provisional","①の『人の生命及び健康への重大な影響のおそれ』は法の目的を説明する前提として正しい。ただし①の実際の下線範囲は画像未確認。","PASS","PASS","PASS","none","P1-single-tag","yes","individual-semantic-content-review-pending","not-authorized","草稿と原題を精読して主知識・副知識の適切さを判定"
"R04-G-Q02-C2","R04-G-Q02","R04","G","DX-G01-001","基本指針と特措法","1.1.1","single-source-tag-provisional","②の『環境汚染の防止とその除去等』は法が目指す対策と一致。原題②の正確な下線位置は要確認。","PASS","PASS","PASS","none","P1-single-tag","yes","individual-semantic-content-review-pending","not-authorized","草稿と原題を精読して主知識・副知識の適切さを判定"
"R04-G-Q02-C3","R04-G-Q02","R04","G","DX-G01-005","TDIの意味と値","1.2.2","rationale-based-provisional","③の『施策の基本とすべき基準』は環境基準や耐容一日摂取量などの法定基準に対応。原題③の下線位置は要確認。","PASS","PASS","PASS","none","P2-explanation-driven","no","individual-semantic-content-review-pending","not-authorized","草稿と原題を精読して主知識・副知識の適切さを判定"
"R04-G-Q02-C4","R04-G-Q02","R04","G","DX-G01-015","設置・変更等の届出","1.5.1","rationale-based-provisional","④の『必要な規制』は排出基準や施設設置届出などの規制に対応。原題④の下線位置は要確認。","PASS","PASS","PASS","none","P2-explanation-driven","no","individual-semantic-content-review-pending","not-authorized","草稿と原題を精読して主知識・副知識の適切さを判定"
"R04-G-Q02-C5","R04-G-Q02","R04","G","DX-G01-001","基本指針と特措法","1.1.1","single-source-tag-provisional","⑤原題は『汚染除去に係る措置』。特措法第1条は『汚染土壌に係る措置』と規定するため誤り。原題PDFの⑤の下線位置を直接確認し、e-Gov条文に照合。","PASS","PASS","PASS","none","P1-single-tag","yes","individual-semantic-content-review-pending","not-authorized","草稿と原題を精読して主知識・副知識の適切さを判定"
"R04-G-Q03-C1","R04-G-Q03","R04","G","DX-G01-017","事業者測定・報告公表","1.5.3","topic-link-provisional","周辺地域・報告とする部分が異なる。","PASS","PASS","PASS","none","P1-broad-question-tag","no","individual-semantic-content-review-pending","not-authorized","草稿と原題を精読して主知識・副知識の適切さを判定"
"R04-G-Q03-C2","R04-G-Q03","R04","G","DX-G01-016","計画変更命令等","1.5.2","rationale-based-provisional","破損・大気中・公共用水域・応急措置・復旧が正しい。","PASS","PASS","PASS","none","P2-explanation-driven","no","individual-semantic-content-review-pending","not-authorized","草稿と原題を精読して主知識・副知識の適切さを判定"
"R04-G-Q03-C3","R04-G-Q03","R04","G","DX-G01-017","事業者測定・報告公表","1.5.3","topic-link-provisional","事故を汚染・措置を緊急とする点が違う。","PASS","PASS","PASS","none","P1-broad-question-tag","no","individual-semantic-content-review-pending","not-authorized","草稿と原題を精読して主知識・副知識の適切さを判定"
"R04-G-Q03-C4","R04-G-Q03","R04","G","DX-G01-008","水質環境基準と地下水","1.3.2","rationale-based-provisional","大気・公共用水域ではなく土壌・周辺地域とする点が異なる。","PASS","PASS","PASS","none","P2-explanation-driven","yes","individual-semantic-content-review-pending","not-authorized","草稿と原題を精読して主知識・副知識の適切さを判定"
"R04-G-Q03-C5","R04-G-Q03","R04","G","DX-G01-017","事業者測定・報告公表","1.5.3","topic-link-provisional","対象媒体・措置の語句が不一致。","PASS","PASS","PASS","none","P1-broad-question-tag","no","individual-semantic-content-review-pending","not-authorized","草稿と原題を精読して主知識・副知識の適切さを判定"
"R04-G-Q04-C1","R04-G-Q04","R04","G","DX-G01-015","設置・変更等の届出","1.5.1","rationale-based-provisional","排ガス系統と測定箇所は届出事項。","PASS","PASS","PASS","none","P2-explanation-driven","no","individual-semantic-content-review-pending","not-authorized","草稿と原題を精読して主知識・副知識の適切さを判定"
"R04-G-Q04-C2","R04-G-Q04","R04","G","DX-G01-015","設置・変更等の届出","1.5.1","rationale-based-provisional","施設種類は届出事項。","PASS","PASS","PASS","none","P2-explanation-driven","no","individual-semantic-content-review-pending","not-authorized","草稿と原題を精読して主知識・副知識の適切さを判定"
"R04-G-Q04-C3","R04-G-Q04","R04","G","DX-G01-015","設置・変更等の届出","1.5.1","rationale-based-provisional","用排水系統は届出事項。","PASS","PASS","PASS","none","P2-explanation-driven","no","individual-semantic-content-review-pending","not-authorized","草稿と原題を精読して主知識・副知識の適切さを判定"
"R04-G-Q04-C4","R04-G-Q04","R04","G","DX-G01-015","設置・変更等の届出","1.5.1","rationale-based-provisional","発生機構は届出書の内容。","PASS","PASS","PASS","none","P2-explanation-driven","no","individual-semantic-content-review-pending","not-authorized","草稿と原題を精読して主知識・副知識の適切さを判定"
"R04-G-Q04-C5","R04-G-Q04","R04","G","DX-G01-015","設置・変更等の届出","1.5.1","rationale-based-provisional","緊急連絡電話・方法はこの法定届出項目ではない。","PASS","PASS","PASS","none","P2-explanation-driven","no","individual-semantic-content-review-pending","not-authorized","草稿と原題を精読して主知識・副知識の適切さを判定"
"R04-G-Q05-C1","R04-G-Q05","R04","G","DX-G01-011","大気基準適用施設","1.4.1","topic-link-provisional","硫酸カリウムの廃ガス洗浄施設は対象。","PASS","PASS","PASS","none","P1-broad-question-tag","no","individual-semantic-content-review-pending","not-authorized","草稿と原題を精読して主知識・副知識の適切さを判定"
"R04-G-Q05-C3","R04-G-Q05","R04","G","DX-G01-011","大気基準適用施設","1.4.1","topic-link-provisional","ナフトキノンの乾燥施設は指定されていない。","PASS","PASS","PASS","none","P1-broad-question-tag","no","individual-semantic-content-review-pending","not-authorized","草稿と原題を精読して主知識・副知識の適切さを判定"
"R04-G-Q06-C2","R04-G-Q06","R04","G","DX-G04-001","PCDDの基本骨格","4.1.1","rationale-based-provisional","PCDDの酸素架橋は2つ。","PASS","PASS","PASS","none","semantic-source-scoped-reviewed-pass36","yes","existing-choice-explanation-and-independent-concept-source-matched-official-original-unmatched","not-authorized","原題の該当文言・数値・下線を公式配布PDFと照合。独立科学資料が支持する部分以外を最終承認しない。"
"R04-G-Q06-C3","R04-G-Q06","R04","G","DX-G04-002","PCDFの基本骨格","4.1.2","rationale-based-provisional","PCDFの酸素架橋は1つ。","PASS","PASS","PASS","none","semantic-source-scoped-reviewed-pass36","no","existing-choice-explanation-and-independent-concept-source-matched-official-original-unmatched","not-authorized","原題の該当文言・数値・下線を公式配布PDFと照合。独立科学資料が支持する部分以外を最終承認しない。"
"R04-G-Q06-C4","R04-G-Q06","R04","G","DX-G04-004","異性体・同族体の違い","4.2.1","rationale-based-provisional","PCBの塩素置換数は最大10であり8ではない。","PASS","PASS","PASS","none","semantic-source-scoped-reviewed-pass36","no","existing-choice-explanation-and-independent-concept-source-matched-official-original-unmatched","not-authorized","原題の該当文言・数値・下線を公式配布PDFと照合。独立科学資料が支持する部分以外を最終承認しない。"
"R04-G-Q06-C5","R04-G-Q06","R04","G","DX-G04-004","異性体・同族体の違い","4.2.1","rationale-based-provisional","塩素置換位置により共平面を取りやすいPCBがある。","PASS","PASS","PASS","none","semantic-source-scoped-reviewed-pass36","no","existing-choice-explanation-and-independent-concept-source-matched-official-original-unmatched","not-authorized","原題の該当文言・数値・下線を公式配布PDFと照合。独立科学資料が支持する部分以外を最終承認しない。"
"R04-G-Q07-C1","R04-G-Q07","R04","G","DX-G02-001","化学物質事故と知見の蓄積","2.1.1","topic-link-provisional","塩素化ダイオキシン初期合成の年代は別確認。","PASS","PASS","PASS","none","P1-broad-question-tag","no","individual-semantic-content-review-pending","not-authorized","草稿と原題を精読して主知識・副知識の適切さを判定"
"R04-G-Q07-C2","R04-G-Q07","R04","G","DX-G02-001","化学物質事故と知見の蓄積","2.1.1","topic-link-provisional","米国ヒヨコ事件の年次・原因は一次歴史資料が必要。","PASS","PASS","PASS","none","P1-broad-question-tag","no","individual-semantic-content-review-pending","not-authorized","草稿と原題を精読して主知識・副知識の適切さを判定"
"R04-G-Q07-C3","R04-G-Q07","R04","G","DX-G02-001","化学物質事故と知見の蓄積","2.1.1","topic-link-provisional","枯葉剤にダイオキシン類不純物が存在。","PASS","PASS","PASS","none","P1-broad-question-tag","no","individual-semantic-content-review-pending","not-authorized","草稿と原題を精読して主知識・副知識の適切さを判定"
"R04-G-Q07-C4","R04-G-Q07","R04","G","DX-G02-001","化学物質事故と知見の蓄積","2.1.1","topic-link-provisional","PCBの現在の工業生産継続という説明は不適切。","PASS","PASS","PASS","none","P1-broad-question-tag","no","individual-semantic-content-review-pending","not-authorized","草稿と原題を精読して主知識・副知識の適切さを判定"
"R04-G-Q07-C5","R04-G-Q07","R04","G","DX-G02-002","日本の社会的関心","2.1.2","topic-link-provisional","日本の都市ごみ焼却飛灰検出の年代は別確認。","PASS","PASS","PASS","none","P1-broad-question-tag","yes","individual-semantic-content-review-pending","not-authorized","草稿と原題を精読して主知識・副知識の適切さを判定"
"R04-G-Q08-C1","R04-G-Q08","R04","G","DX-G02-001","化学物質事故と知見の蓄積","2.1.1","topic-link-provisional","①西日本を中心に1968年に発生したことは厚生労働省の説明と一致。ただし原題①の下線位置は画像未確認。","PASS","PASS","PASS","none","P1-broad-question-tag","no","individual-semantic-content-review-pending","not-authorized","草稿と原題を精読して主知識・副知識の適切さを判定"
"R04-G-Q08-C2","R04-G-Q08","R04","G","DX-G02-001","化学物質事故と知見の蓄積","2.1.1","topic-link-provisional","②原因となった食品が米ぬか油であることは厚生労働省資料と一致。原題②の下線位置は未確認。","PASS","PASS","PASS","none","P1-broad-question-tag","no","individual-semantic-content-review-pending","not-authorized","草稿と原題を精読して主知識・副知識の適切さを判定"
"R04-G-Q08-C3","R04-G-Q08","R04","G","DX-G02-001","化学物質事故と知見の蓄積","2.1.1","rationale-based-provisional","③原題は原因物質を『PCDDsとPCDFs』とする。しかし厚生労働省の説明はPCBとPCDF等の混入を示しており、③のPCDDsを原因物質として列挙する点が誤り。1950～1970年代の油症の原因機構をPCB・PCDF複合汚染と理解する。","PASS","PASS","PASS","none","P2-explanation-driven","no","individual-semantic-content-review-pending","not-authorized","草稿と原題を精読して主知識・副知識の適切さを判定"
"R04-G-Q08-C4","R04-G-Q08","R04","G","DX-G02-001","化学物質事故と知見の蓄積","2.1.1","rationale-based-provisional","④1979年には台湾で類似した油症事件が発生。原題④の下線範囲は画像未確認。","PASS","PASS","PASS","none","P2-explanation-driven","no","individual-semantic-content-review-pending","not-authorized","草稿と原題を精読して主知識・副知識の適切さを判定"
"R04-G-Q08-C5","R04-G-Q08","R04","G","DX-G02-001","化学物質事故と知見の蓄積","2.1.1","rationale-based-provisional","⑤台湾の事例を日本の油症に対する第二の大規模油症事件と位置づける説明は歴史的経緯と整合。表現と下線範囲は原題画像待ち。","PASS","PASS","PASS","none","P2-explanation-driven","yes","individual-semantic-content-review-pending","not-authorized","草稿と原題を精読して主知識・副知識の適切さを判定"
"R04-G-Q10-C1","R04-G-Q10","R04","G","DX-G04-007","TEFの意味","4.3.1","topic-link-provisional","1＋0.1＝1.1。","PASS","PASS","PASS","none","P1-broad-question-tag","no","individual-semantic-content-review-pending","not-authorized","草稿と原題を精読して主知識・副知識の適切さを判定"
"R04-G-Q10-C2","R04-G-Q10","R04","G","DX-G04-007","TEFの意味","4.3.1","topic-link-provisional","0.1＋0.3＝0.4。","PASS","PASS","PASS","none","P1-broad-question-tag","no","individual-semantic-content-review-pending","not-authorized","草稿と原題を精読して主知識・副知識の適切さを判定"
"R04-G-Q10-C3","R04-G-Q10","R04","G","DX-G04-007","TEFの意味","4.3.1","topic-link-provisional","0.3＋0.1＝0.4。","PASS","PASS","PASS","none","P1-broad-question-tag","no","individual-semantic-content-review-pending","not-authorized","草稿と原題を精読して主知識・副知識の適切さを判定"
"R04-G-Q10-C4","R04-G-Q10","R04","G","DX-G04-007","TEFの意味","4.3.1","topic-link-provisional","1＋0.03＝1.03。","PASS","PASS","PASS","none","P1-broad-question-tag","no","individual-semantic-content-review-pending","not-authorized","草稿と原題を精読して主知識・副知識の適切さを判定"
"R04-G-Q10-C5","R04-G-Q10","R04","G","DX-G04-007","TEFの意味","4.3.1","topic-link-provisional","1＋0.01＝1.01。","PASS","PASS","PASS","none","P1-broad-question-tag","no","individual-semantic-content-review-pending","not-authorized","草稿と原題を精読して主知識・副知識の適切さを判定"
"R04-G-Q12-C3","R04-G-Q12","R04","G","DX-G04-007","TEFの意味","4.3.1","rationale-based-provisional","TEF対象のPCDD/PCDFはすべて2,3,7,8位置に塩素を持つ。","PASS","PASS","PASS","none","P2-explanation-driven","no","individual-semantic-content-review-pending","not-authorized","草稿と原題を精読して主知識・副知識の適切さを判定"
"R04-G-Q13-C1","R04-G-Q13","R04","G","DX-G05-005","de novo合成の概要","5.2.2","topic-link-provisional","200–400℃で飛灰等の粒子炭素から生成し得る。","PASS","PASS","PASS","none","P1-broad-question-tag","no","individual-semantic-content-review-pending","not-authorized","草稿と原題を精読して主知識・副知識の適切さを判定"
"R04-G-Q13-C2","R04-G-Q13","R04","G","DX-G05-005","de novo合成の概要","5.2.2","topic-link-provisional","酸素が反応に関与する。","PASS","PASS","PASS","none","P1-broad-question-tag","no","individual-semantic-content-review-pending","not-authorized","草稿と原題を精読して主知識・副知識の適切さを判定"
"R04-G-Q13-C3","R04-G-Q13","R04","G","DX-G05-008","塩素と金属触媒","5.3.3","rationale-based-provisional","有機・無機塩素源が関与する。","PASS","PASS","PASS","none","P2-explanation-driven","no","individual-semantic-content-review-pending","not-authorized","草稿と原題を精読して主知識・副知識の適切さを判定"
"R04-G-Q13-C4","R04-G-Q13","R04","G","DX-G05-005","de novo合成の概要","5.2.2","topic-link-provisional","銅や飛灰が触媒に寄与する。","PASS","PASS","PASS","none","P1-broad-question-tag","yes","individual-semantic-content-review-pending","not-authorized","草稿と原題を精読して主知識・副知識の適切さを判定"
"R04-G-Q13-C5","R04-G-Q13","R04","G","DX-G05-005","de novo合成の概要","5.2.2","topic-link-provisional","特定異性体のみ生成するとの説明は不適切。","PASS","PASS","PASS","none","P1-broad-question-tag","no","individual-semantic-content-review-pending","not-authorized","草稿と原題を精読して主知識・副知識の適切さを判定"
"R04-G-Q14-C1","R04-G-Q14","R04","G","DX-G05-002","工業プロセスと不純物","5.1.2","topic-link-provisional","農薬由来の非意図的生成。","PASS","PASS","PASS","none","P1-broad-question-tag","no","individual-semantic-content-review-pending","not-authorized","草稿と原題を精読して主知識・副知識の適切さを判定"
"R04-G-Q14-C2","R04-G-Q14","R04","G","DX-G05-001","燃焼過程での非意図的生成","5.1.1","topic-link-provisional","燃焼排ガスからの排出。","PASS","PASS","PASS","none","P1-broad-question-tag","no","individual-semantic-content-review-pending","not-authorized","草稿と原題を精読して主知識・副知識の適切さを判定"
"R04-G-Q14-C4","R04-G-Q14","R04","G","DX-G04-014","生物蓄積・生物濃縮","4.5.2","topic-link-provisional","低脂溶性で濃縮するという説明は因果が逆。","PASS","PASS","PASS","none","P1-broad-question-tag","no","individual-semantic-content-review-pending","not-authorized","草稿と原題を精読して主知識・副知識の適切さを判定"
"R04-A-Q01-C1","R04-A-Q01","R04","A","DX-A01-001","燃焼温度と安定化","8.1.1","rationale-based-provisional","分解燃焼／表面燃焼／蒸発燃焼／いぶり燃焼の対応が一致。","PASS","PASS","PASS","none","P2-explanation-driven","no","individual-semantic-content-review-pending","not-authorized","草稿と原題を精読して主知識・副知識の適切さを判定"
"R04-A-Q01-C2","R04-A-Q01","R04","A","DX-A01-001","燃焼温度と安定化","8.1.1","topic-link-provisional","チャーの燃焼を分解燃焼とする点が異なる。","PASS","PASS","PASS","none","P1-broad-question-tag","no","individual-semantic-content-review-pending","not-authorized","草稿と原題を精読して主知識・副知識の適切さを判定"
"R04-A-Q01-C3","R04-A-Q01","R04","A","DX-A01-001","燃焼温度と安定化","8.1.1","topic-link-provisional","紙木等を蒸発燃焼とする点が異なる。","PASS","PASS","PASS","none","P1-broad-question-tag","no","individual-semantic-content-review-pending","not-authorized","草稿と原題を精読して主知識・副知識の適切さを判定"
"R04-A-Q01-C4","R04-A-Q01","R04","A","DX-A01-001","燃焼温度と安定化","8.1.1","rationale-based-provisional","紙木等を表面燃焼とする点が異なる。","PASS","PASS","PASS","none","P2-explanation-driven","no","individual-semantic-content-review-pending","not-authorized","草稿と原題を精読して主知識・副知識の適切さを判定"
"R04-A-Q01-C5","R04-A-Q01","R04","A","DX-A01-001","燃焼温度と安定化","8.1.1","topic-link-provisional","パラフィンといぶり燃焼の対応が逆。","PASS","PASS","PASS","none","P1-broad-question-tag","no","individual-semantic-content-review-pending","not-authorized","草稿と原題を精読して主知識・副知識の適切さを判定"
"R04-A-Q02-C1","R04-A-Q02","R04","A","DX-A01-006","バグフィルターと粒子除去","8.3.1","rationale-based-provisional","ダスト層がないと内部ろ過が支配的となり得る。","PASS","PASS","PASS","none","P2-explanation-driven","no","individual-semantic-content-review-pending","not-authorized","草稿と原題を精読して主知識・副知識の適切さを判定"
"R04-A-Q02-C2","R04-A-Q02","R04","A","DX-A01-006","バグフィルターと粒子除去","8.3.1","rationale-based-provisional","頻回払落しで捕集率の低下幅が必ず大きくなるわけではなく一般の知見と逆。","PASS","PASS","PASS","none","P2-explanation-driven","no","individual-semantic-content-review-pending","not-authorized","草稿と原題を精読して主知識・副知識の適切さを判定"
"R04-A-Q02-C3","R04-A-Q02","R04","A","DX-A01-006","バグフィルターと粒子除去","8.3.1","rationale-based-provisional","圧力損失はろ布とダスト層の和。","PASS","PASS","PASS","none","P2-explanation-driven","no","individual-semantic-content-review-pending","not-authorized","草稿と原題を精読して主知識・副知識の適切さを判定"
"R04-A-Q02-C4","R04-A-Q02","R04","A","DX-A01-006","バグフィルターと粒子除去","8.3.1","rationale-based-provisional","ダスト層の空隙率で圧損が変化する。","PASS","PASS","PASS","none","P2-explanation-driven","no","individual-semantic-content-review-pending","not-authorized","草稿と原題を精読して主知識・副知識の適切さを判定"
"R04-A-Q02-C5","R04-A-Q02","R04","A","DX-A01-006","バグフィルターと粒子除去","8.3.1","rationale-based-provisional","見掛けろ過速度を抑えると分離の余裕が増す。","PASS","PASS","PASS","none","P2-explanation-driven","no","individual-semantic-content-review-pending","not-authorized","草稿と原題を精読して主知識・副知識の適切さを判定"
"R04-A-Q03-C1","R04-A-Q03","R04","A","DX-A01-006","バグフィルターと粒子除去","8.3.1","rationale-based-provisional","織布30～40／不織布70～80／ダスト層80～85%の組合せ。","PASS","PASS","PASS","none","P2-explanation-driven","yes","individual-semantic-content-review-pending","not-authorized","草稿と原題を精読して主知識・副知識の適切さを判定"
"R04-A-Q03-C2","R04-A-Q03","R04","A","DX-A01-006","バグフィルターと粒子除去","8.3.1","single-source-tag-provisional","織布を60～70%とする等の組合せが異なる。","PASS","PASS","PASS","none","P1-single-tag","no","individual-semantic-content-review-pending","not-authorized","草稿と原題を精読して主知識・副知識の適切さを判定"
"R04-A-Q03-C3","R04-A-Q03","R04","A","DX-A01-006","バグフィルターと粒子除去","8.3.1","rationale-based-provisional","ダスト層を65～70%とする点が異なる。","PASS","PASS","PASS","none","P2-explanation-driven","no","individual-semantic-content-review-pending","not-authorized","草稿と原題を精読して主知識・副知識の適切さを判定"
"R04-A-Q03-C4","R04-A-Q03","R04","A","DX-A01-006","バグフィルターと粒子除去","8.3.1","rationale-based-provisional","織布を60～70%、ダスト層65～70%とする点が異なる。","PASS","PASS","PASS","none","P2-explanation-driven","no","individual-semantic-content-review-pending","not-authorized","草稿と原題を精読して主知識・副知識の適切さを判定"
"R04-A-Q03-C5","R04-A-Q03","R04","A","DX-A01-006","バグフィルターと粒子除去","8.3.1","single-source-tag-provisional","不織布を40～50%とする点が異なる。","PASS","PASS","PASS","none","P1-single-tag","no","individual-semantic-content-review-pending","not-authorized","草稿と原題を精読して主知識・副知識の適切さを判定"
"R04-A-Q04-C1","R04-A-Q04","R04","A","DX-A01-006","バグフィルターと粒子除去","8.3.1","single-source-tag-provisional","帯電粒子やミストの捕集に用いる。","PASS","PASS","PASS","none","P1-single-tag","no","individual-semantic-content-review-pending","not-authorized","草稿と原題を精読して主知識・副知識の適切さを判定"
"R04-A-Q04-C2","R04-A-Q04","R04","A","DX-A01-006","バグフィルターと粒子除去","8.3.1","rationale-based-provisional","線状電極を集じん極、平滑面を放電極とするのが逆。","PASS","PASS","PASS","none","P2-explanation-driven","no","individual-semantic-content-review-pending","not-authorized","草稿と原題を精読して主知識・副知識の適切さを判定"
"R04-A-Q04-C3","R04-A-Q04","R04","A","DX-A01-006","バグフィルターと粒子除去","8.3.1","rationale-based-provisional","電圧によってコロナ放電が起きる。","PASS","PASS","PASS","none","P2-explanation-driven","no","individual-semantic-content-review-pending","not-authorized","草稿と原題を精読して主知識・副知識の適切さを判定"
"R04-A-Q04-C4","R04-A-Q04","R04","A","DX-A01-006","バグフィルターと粒子除去","8.3.1","rationale-based-provisional","帯電粒子が集じん極方向へ移動する。","PASS","PASS","PASS","none","P2-explanation-driven","no","individual-semantic-content-review-pending","not-authorized","草稿と原題を精読して主知識・副知識の適切さを判定"
"R04-A-Q04-C5","R04-A-Q04","R04","A","DX-A01-006","バグフィルターと粒子除去","8.3.1","single-source-tag-provisional","乾式はつち打ちで付着粉じんを除く。","PASS","PASS","PASS","none","P1-single-tag","no","individual-semantic-content-review-pending","not-authorized","草稿と原題を精読して主知識・副知識の適切さを判定"
"R04-A-Q05-C1","R04-A-Q05","R04","A","DX-A01-008","触媒分解","8.4.2","single-source-tag-provisional","担持触媒は活性成分と担体から成る。","PASS","PASS","PASS","none","P1-single-tag","no","individual-semantic-content-review-pending","not-authorized","草稿と原題を精読して主知識・副知識の適切さを判定"
"R04-A-Q05-C2","R04-A-Q05","R04","A","DX-A01-008","触媒分解","8.4.2","single-source-tag-provisional","担体は活性成分の分散を助ける。","PASS","PASS","PASS","none","P1-single-tag","yes","individual-semantic-content-review-pending","not-authorized","草稿と原題を精読して主知識・副知識の適切さを判定"
"R04-A-Q05-C3","R04-A-Q05","R04","A","DX-A01-008","触媒分解","8.4.2","single-source-tag-provisional","触媒種類で反応性が異なる。","PASS","PASS","PASS","none","P1-single-tag","no","individual-semantic-content-review-pending","not-authorized","草稿と原題を精読して主知識・副知識の適切さを判定"
"R04-A-Q05-C4","R04-A-Q05","R04","A","DX-A01-008","触媒分解","8.4.2","single-source-tag-provisional","飛灰に吸着した成分は触媒との接触が難しい。","PASS","PASS","PASS","none","P1-single-tag","no","individual-semantic-content-review-pending","not-authorized","草稿と原題を精読して主知識・副知識の適切さを判定"
"R04-A-Q05-C5","R04-A-Q05","R04","A","DX-A01-008","触媒分解","8.4.2","single-source-tag-provisional","主生成物をメタン等とするのは酸化分解の原理と異なる。","PASS","PASS","PASS","none","P1-single-tag","no","individual-semantic-content-review-pending","not-authorized","草稿と原題を精読して主知識・副知識の適切さを判定"
"R04-A-Q06-C1","R04-A-Q06","R04","A","DX-A01-007","活性炭吸着","8.4.1","single-source-tag-provisional","物理吸着にはファンデルワールス力等が関与。","PASS","PASS","PASS","none","P1-single-tag","no","individual-semantic-content-review-pending","not-authorized","草稿と原題を精読して主知識・副知識の適切さを判定"
"R04-A-Q06-C2","R04-A-Q06","R04","A","DX-A01-007","活性炭吸着","8.4.1","single-source-tag-provisional","低温が有利なのは一般に発熱吸着であり吸熱反応とするのは逆。","PASS","PASS","PASS","none","P1-single-tag","no","individual-semantic-content-review-pending","not-authorized","草稿と原題を精読して主知識・副知識の適切さを判定"
"R04-A-Q06-C4","R04-A-Q06","R04","A","DX-A01-007","活性炭吸着","8.4.1","single-source-tag-provisional","固定層の破過曲線はS字形となりやすい。","PASS","PASS","PASS","none","P1-single-tag","no","individual-semantic-content-review-pending","not-authorized","草稿と原題を精読して主知識・副知識の適切さを判定"
"R04-A-Q06-C5","R04-A-Q06","R04","A","DX-A01-008","触媒分解","8.4.2","rationale-based-provisional","吸着層のSVは反応触媒層より小さくすることがある。","PASS","PASS","PASS","none","P2-explanation-driven","no","individual-semantic-content-review-pending","not-authorized","草稿と原題を精読して主知識・副知識の適切さを判定"
"R04-A-Q07-C1","R04-A-Q07","R04","A","DX-A01-007","活性炭吸着","8.4.1","rationale-based-provisional","①新しい活性炭の発火点を550～600℃程度とするのは当該出題の典型値。原料・吸着物等で異なり絶対値とはしない。","PASS","PASS","PASS","none","P2-explanation-driven","no","individual-semantic-content-review-pending","not-authorized","草稿と原題を精読して主知識・副知識の適切さを判定"
"R04-A-Q07-C2","R04-A-Q07","R04","A","DX-A01-007","活性炭吸着","8.4.1","rationale-based-provisional","②『上昇』は誤り。排ガス吸着後の活性炭は吸着成分（Na/Kを含む成分等）の影響で発火温度が低下し得ることをJP2005152719Aが明記する。試験上は『約100℃低下』だが変化量は材質・汚染物質・測定条件で異なるため全銘柄の定数としない。酸素や局所蓄熱・停止後の放熱も管理が必要。","PASS","PASS","PASS","none","P2-explanation-driven","no","individual-semantic-content-review-pending","not-authorized","草稿と原題を精読して主知識・副知識の適切さを判定"
"R04-A-Q07-C3","R04-A-Q07","R04","A","DX-A01-007","活性炭吸着","8.4.1","rationale-based-provisional","③局所的にガス流速が小さい箇所は吸着熱や反応熱の排出が不足し、局所高温を招き得る。","PASS","PASS","PASS","none","P2-explanation-driven","no","individual-semantic-content-review-pending","not-authorized","草稿と原題を精読して主知識・副知識の適切さを判定"
"R04-A-Q07-C4","R04-A-Q07","R04","A","DX-A01-014","起動停止や異常時対応","8.6.3","rationale-based-provisional","④吸着塔内の発熱集中によってホットスポットが形成されると火災危険が増す。","PASS","PASS","PASS","none","P2-explanation-driven","no","individual-semantic-content-review-pending","not-authorized","草稿と原題を精読して主知識・副知識の適切さを判定"
"R04-A-Q07-C5","R04-A-Q07","R04","A","DX-A01-007","活性炭吸着","8.4.1","topic-link-provisional","⑤運転停止後も熱が内部に残れば蓄熱による発火に注意が必要。","PASS","PASS","PASS","none","P1-broad-question-tag","no","individual-semantic-content-review-pending","not-authorized","草稿と原題を精読して主知識・副知識の適切さを判定"
"R04-A-Q08-C1","R04-A-Q08","R04","A","DX-A02-014","銑鉄製造用の焼結鉱をつくる焼結炉（令別表第一第1号）","9.2.1","rationale-based-provisional","焼結排ガス温度の経時変化には工程による特徴がある。","PASS","PASS","PASS","none","P2-explanation-driven","no","individual-semantic-content-review-pending","not-authorized","草稿と原題を精読して主知識・副知識の適切さを判定"
"R04-A-Q08-C2","R04-A-Q08","R04","A","DX-A02-014","銑鉄製造用の焼結鉱をつくる焼結炉（令別表第一第1号）","9.2.1","single-source-tag-provisional","サーマルNOxだけでなくコークス等の燃料由来NOxが重要。","PASS","PASS","PASS","none","P1-single-tag","no","individual-semantic-content-review-pending","not-authorized","草稿と原題を精読して主知識・副知識の適切さを判定"
"R04-A-Q08-C3","R04-A-Q08","R04","A","DX-A02-014","銑鉄製造用の焼結鉱をつくる焼結炉（令別表第一第1号）","9.2.1","single-source-tag-provisional","NOx濃度とCO2変化との関係を問う。","PASS","PASS","PASS","none","P1-single-tag","no","individual-semantic-content-review-pending","not-authorized","草稿と原題を精読して主知識・副知識の適切さを判定"
"R04-A-Q08-C4","R04-A-Q08","R04","A","DX-A02-014","銑鉄製造用の焼結鉱をつくる焼結炉（令別表第一第1号）","9.2.1","single-source-tag-provisional","コークスや鉄鉱石由来硫黄でSOxが発生。","PASS","PASS","PASS","none","P1-single-tag","no","individual-semantic-content-review-pending","not-authorized","草稿と原題を精読して主知識・副知識の適切さを判定"
"R04-A-Q08-C5","R04-A-Q08","R04","A","DX-A02-014","銑鉄製造用の焼結鉱をつくる焼結炉（令別表第一第1号）","9.2.1","single-source-tag-provisional","SOxとダイオキシン濃度のパターンに関する観測結果を問う。","PASS","PASS","PASS","none","P1-single-tag","no","individual-semantic-content-review-pending","not-authorized","草稿と原題を精読して主知識・副知識の適切さを判定"
"R04-A-Q09-C1","R04-A-Q09","R04","A","DX-A02-015","製鋼用電気炉（令別表第一第2号）","9.2.2","rationale-based-provisional","電炉排ガスのろ過温度は装置条件に依存。","PASS","PASS","PASS","none","P2-explanation-driven","no","individual-semantic-content-review-pending","not-authorized","草稿と原題を精読して主知識・副知識の適切さを判定"
"R04-A-Q09-C2","R04-A-Q09","R04","A","DX-A02-015","製鋼用電気炉（令別表第一第2号）","9.2.2","single-source-tag-provisional","バグハウス入口温度が低いと排出を抑える傾向を問う。","PASS","PASS","PASS","none","P1-single-tag","no","individual-semantic-content-review-pending","not-authorized","草稿と原題を精読して主知識・副知識の適切さを判定"
"R04-A-Q09-C3","R04-A-Q09","R04","A","DX-A02-016","製鋼用電気炉の集じんダストからの亜鉛回収（令別表第一第3号）","9.2.3","rationale-based-provisional","電炉ダストの粒径は微細。","PASS","PASS","PASS","none","P2-explanation-driven","no","individual-semantic-content-review-pending","not-authorized","草稿と原題を精読して主知識・副知識の適切さを判定"
"R04-A-Q09-C4","R04-A-Q09","R04","A","DX-A02-015","製鋼用電気炉（令別表第一第2号）","9.2.2","single-source-tag-provisional","Cuを2～5%とする数値の根拠が不適切との設問。原表再確認。","PASS","PASS","PASS","none","P1-single-tag","yes","individual-semantic-content-review-pending","not-authorized","草稿と原題を精読して主知識・副知識の適切さを判定"
"R04-A-Q10-C1","R04-A-Q10","R04","A","DX-A02-014","銑鉄製造用の焼結鉱をつくる焼結炉（令別表第一第1号）","9.2.1","rationale-based-provisional","粗酸化亜鉛を焼成・塊成化するだけという焼結炉の位置付けが不適切。","PASS","PASS","PASS","none","P2-explanation-driven","no","individual-semantic-content-review-pending","not-authorized","草稿と原題を精読して主知識・副知識の適切さを判定"
"R04-A-Q10-C2","R04-A-Q10","R04","A","DX-A02-016","製鋼用電気炉の集じんダストからの亜鉛回収（令別表第一第3号）","9.2.3","single-source-tag-provisional","揮発炉での塩化揮発等と不純物の除去。","PASS","PASS","PASS","none","P1-single-tag","no","individual-semantic-content-review-pending","not-authorized","草稿と原題を精読して主知識・副知識の適切さを判定"
"R04-A-Q10-C3","R04-A-Q10","R04","A","DX-A02-016","製鋼用電気炉の集じんダストからの亜鉛回収（令別表第一第3号）","9.2.3","rationale-based-provisional","還元剤でZnを還元揮発する。","PASS","PASS","PASS","none","P2-explanation-driven","no","individual-semantic-content-review-pending","not-authorized","草稿と原題を精読して主知識・副知識の適切さを判定"
"R04-A-Q10-C4","R04-A-Q10","R04","A","DX-A02-016","製鋼用電気炉の集じんダストからの亜鉛回収（令別表第一第3号）","9.2.3","rationale-based-provisional","コークス加熱・還元揮発による蒸留。","PASS","PASS","PASS","none","P2-explanation-driven","yes","individual-semantic-content-review-pending","not-authorized","草稿と原題を精読して主知識・副知識の適切さを判定"
"R04-A-Q10-C5","R04-A-Q10","R04","A","DX-A02-016","製鋼用電気炉の集じんダストからの亜鉛回収（令別表第一第3号）","9.2.3","single-source-tag-provisional","湿式処理後の乾燥炉の役割。","PASS","PASS","PASS","none","P1-single-tag","no","individual-semantic-content-review-pending","not-authorized","草稿と原題を精読して主知識・副知識の適切さを判定"
"R04-A-Q11-C1","R04-A-Q11","R04","A","DX-A02-017","アルミニウムくずを原料とするアルミ合金製造（令別表第一第4号）","9.3.1","single-source-tag-provisional","加熱室は一致するが連続バーナー運転とする点が異なる。","PASS","PASS","PASS","none","P1-single-tag","no","individual-semantic-content-review-pending","not-authorized","草稿と原題を精読して主知識・副知識の適切さを判定"
"R04-A-Q11-C2","R04-A-Q11","R04","A","DX-A02-017","アルミニウムくずを原料とするアルミ合金製造（令別表第一第4号）","9.3.1","single-source-tag-provisional","加熱室・間欠運転・700～750℃が対応。","PASS","PASS","PASS","none","P1-single-tag","no","individual-semantic-content-review-pending","not-authorized","草稿と原題を精読して主知識・副知識の適切さを判定"
"R04-A-Q11-C3","R04-A-Q11","R04","A","DX-A02-017","アルミニウムくずを原料とするアルミ合金製造（令別表第一第4号）","9.3.1","single-source-tag-provisional","保持炉・900～950℃という条件は異なる。","PASS","PASS","PASS","none","P1-single-tag","no","individual-semantic-content-review-pending","not-authorized","草稿と原題を精読して主知識・副知識の適切さを判定"
"R04-A-Q11-C4","R04-A-Q11","R04","A","DX-A02-017","アルミニウムくずを原料とするアルミ合金製造（令別表第一第4号）","9.3.1","single-source-tag-provisional","保持炉・連続運転とする点が違う。","PASS","PASS","PASS","none","P1-single-tag","no","individual-semantic-content-review-pending","not-authorized","草稿と原題を精読して主知識・副知識の適切さを判定"
"R04-A-Q11-C5","R04-A-Q11","R04","A","DX-A02-017","アルミニウムくずを原料とするアルミ合金製造（令別表第一第4号）","9.3.1","single-source-tag-provisional","900～950℃とする温度帯が違う。","PASS","PASS","PASS","none","P1-single-tag","no","individual-semantic-content-review-pending","not-authorized","草稿と原題を精読して主知識・副知識の適切さを判定"
"R04-A-Q12-C1","R04-A-Q12","R04","A","DX-A02-017","アルミニウムくずを原料とするアルミ合金製造（令別表第一第4号）","9.3.1","topic-link-provisional","既存排ガス処理の一部はダイオキシン排出抑制にも寄与する。","PASS","PASS","PASS","none","P1-broad-question-tag","yes","individual-semantic-content-review-pending","not-authorized","草稿と原題を精読して主知識・副知識の適切さを判定"
"R04-A-Q12-C2","R04-A-Q12","R04","A","DX-A02-017","アルミニウムくずを原料とするアルミ合金製造（令別表第一第4号）","9.3.1","topic-link-provisional","黒煙・粉じんの捕集改善は有効。","PASS","PASS","PASS","none","P1-broad-question-tag","no","individual-semantic-content-review-pending","not-authorized","草稿と原題を精読して主知識・副知識の適切さを判定"
"R04-A-Q12-C4","R04-A-Q12","R04","A","DX-A02-017","アルミニウムくずを原料とするアルミ合金製造（令別表第一第4号）","9.3.1","topic-link-provisional","高いダスト捕集率は排出削減に寄与。","PASS","PASS","PASS","none","P1-broad-question-tag","no","individual-semantic-content-review-pending","not-authorized","草稿と原題を精読して主知識・副知識の適切さを判定"
"R04-A-Q12-C5","R04-A-Q12","R04","A","DX-A02-017","アルミニウムくずを原料とするアルミ合金製造（令別表第一第4号）","9.3.1","topic-link-provisional","バーナーの不完全燃焼を防止する。","PASS","PASS","PASS","none","P1-broad-question-tag","no","individual-semantic-content-review-pending","not-authorized","草稿と原題を精読して主知識・副知識の適切さを判定"
"R04-A-Q15-C1","R04-A-Q15","R04","A","DX-A04-012","クラフトパルプまたはサルファイトパルプの塩素系漂白（令別表第二第1号）","11.2.1","rationale-based-provisional","①化学パルプ中の残留リグニンは着色の主要因で、漂白による除去の対象。","PASS","PASS","PASS","none","P2-explanation-driven","no","individual-semantic-content-review-pending","not-authorized","草稿と原題を精読して主知識・副知識の適切さを判定"
"R04-A-Q15-C2","R04-A-Q15","R04","A","DX-A04-012","クラフトパルプまたはサルファイトパルプの塩素系漂白（令別表第二第1号）","11.2.1","rationale-based-provisional","②ECFでは元素状塩素Cl₂を用いず、二酸化塩素ClO₂等によって漂白する。塩素原子を含む薬品を一切使わないTCFとは区別。","PASS","PASS","PASS","none","P2-explanation-driven","no","individual-semantic-content-review-pending","not-authorized","草稿と原題を精読して主知識・副知識の適切さを判定"
"R04-A-Q15-C3","R04-A-Q15","R04","A","DX-A04-012","クラフトパルプまたはサルファイトパルプの塩素系漂白（令別表第二第1号）","11.2.1","rationale-based-provisional","③二酸化塩素（ClO₂）はパルプの酸化漂白に使用する酸化剤であり『還元反応を主体』は誤り。EPAはECF漂白を元素状塩素からClO₂への置換と定義する。","PASS","PASS","PASS","none","P2-explanation-driven","no","individual-semantic-content-review-pending","not-authorized","草稿と原題を精読して主知識・副知識の適切さを判定"
"R04-A-Q15-C4","R04-A-Q15","R04","A","DX-A04-012","クラフトパルプまたはサルファイトパルプの塩素系漂白（令別表第二第1号）","11.2.1","rationale-based-provisional","④酸素を用いる脱リグニン・漂白工程はECFの工程系列と組み合わせ得る。","PASS","PASS","PASS","none","P2-explanation-driven","no","individual-semantic-content-review-pending","not-authorized","草稿と原題を精読して主知識・副知識の適切さを判定"
"R04-A-Q15-C5","R04-A-Q15","R04","A","DX-A04-012","クラフトパルプまたはサルファイトパルプの塩素系漂白（令別表第二第1号）","11.2.1","rationale-based-provisional","⑤過酸化水素やオゾンも酸化剤として用いられる漂白薬品である。","PASS","PASS","PASS","none","P2-explanation-driven","no","individual-semantic-content-review-pending","not-authorized","草稿と原題を精読して主知識・副知識の適切さを判定"
"R04-A-Q16-C1","R04-A-Q16","R04","A","DX-A04-017","塩化ビニルモノマー製造の二塩化エチレン洗浄（令別表第二第6号）","11.2.3","rationale-based-provisional","①直接塩素化ではエチレンと塩素を反応させて二塩化エチレン（EDC）を得る。","PASS","PASS","PASS","none","P2-explanation-driven","no","individual-semantic-content-review-pending","not-authorized","草稿と原題を精読して主知識・副知識の適切さを判定"
"R04-A-Q16-C2","R04-A-Q16","R04","A","DX-A04-017","塩化ビニルモノマー製造の二塩化エチレン洗浄（令別表第二第6号）","11.2.3","rationale-based-provisional","②二塩化エチレンの熱分解で塩化ビニルモノマー（VCM）と塩化水素を得る。","PASS","PASS","PASS","none","P2-explanation-driven","no","individual-semantic-content-review-pending","not-authorized","草稿と原題を精読して主知識・副知識の適切さを判定"
"R04-A-Q16-C3","R04-A-Q16","R04","A","DX-A04-017","塩化ビニルモノマー製造の二塩化エチレン洗浄（令別表第二第6号）","11.2.3","rationale-based-provisional","③副生した塩化水素をエチレン・酸素と反応させEDCを再生する酸化塩素化経路がある。","PASS","PASS","PASS","none","P2-explanation-driven","no","individual-semantic-content-review-pending","not-authorized","草稿と原題を精読して主知識・副知識の適切さを判定"
"R04-A-Q16-C4","R04-A-Q16","R04","A","DX-A04-017","塩化ビニルモノマー製造の二塩化エチレン洗浄（令別表第二第6号）","11.2.3","rationale-based-provisional","④原題の酸化塩素化反応温度『470～510℃』は、EU-JRCのEDC酸化塩素化（銅塩触媒、約220～250℃の例）と合致しない。装置型式による差を残す。","PASS","PASS","PASS","none","P2-explanation-driven","no","individual-semantic-content-review-pending","not-authorized","草稿と原題を精読して主知識・副知識の適切さを判定"
"R04-A-Q17-C1","R04-A-Q17","R04","A","DX-A05-008","精製・クリーンアップ","12.3.2","single-source-tag-provisional","硫酸/シリカ処理の妨害物質除去。","PASS","PASS","PASS","none","P1-single-tag","no","individual-semantic-content-review-pending","not-authorized","草稿と原題を精読して主知識・副知識の適切さを判定"
"R04-A-Q17-C2","R04-A-Q17","R04","A","DX-A05-008","精製・クリーンアップ","12.3.2","single-source-tag-provisional","多層シリカのフェノール・酸性成分・脂質処理。","PASS","PASS","PASS","none","P1-single-tag","no","individual-semantic-content-review-pending","not-authorized","草稿と原題を精読して主知識・副知識の適切さを判定"
"R04-A-Q17-C3","R04-A-Q17","R04","A","DX-A05-008","精製・クリーンアップ","12.3.2","rationale-based-provisional","アルミナカラムの用途を高極性や無機塩素化合物除去とするのは不適切。","PASS","PASS","PASS","none","P2-explanation-driven","no","individual-semantic-content-review-pending","not-authorized","草稿と原題を精読して主知識・副知識の適切さを判定"
"R04-A-Q17-C5","R04-A-Q17","R04","A","DX-A05-008","精製・クリーンアップ","12.3.2","rationale-based-provisional","鉱物油が多い場合はDMSO分配を追加することがある。","PASS","PASS","PASS","none","P2-explanation-driven","no","individual-semantic-content-review-pending","not-authorized","草稿と原題を精読して主知識・副知識の適切さを判定"
"R04-A-Q18-C1","R04-A-Q18","R04","A","DX-A05-007","試料の前処理と抽出","12.3.1","single-source-tag-provisional","排ガスフィルタ捕集部に酸処理等の工程がある。","PASS","PASS","PASS","none","P1-single-tag","no","individual-semantic-content-review-pending","not-authorized","草稿と原題を精読して主知識・副知識の適切さを判定"
"R04-A-Q18-C2","R04-A-Q18","R04","A","DX-A05-007","試料の前処理と抽出","12.3.1","rationale-based-provisional","ろ材・吸着材にソックスレー等の抽出。","PASS","PASS","PASS","none","P2-explanation-driven","no","individual-semantic-content-review-pending","not-authorized","草稿と原題を精読して主知識・副知識の適切さを判定"
"R04-A-Q18-C3","R04-A-Q18","R04","A","DX-A05-007","試料の前処理と抽出","12.3.1","single-source-tag-provisional","溶媒10mL、振とう5分という記述は規格の操作条件と合わない。","PASS","PASS","PASS","none","P1-single-tag","no","individual-semantic-content-review-pending","not-authorized","草稿と原題を精読して主知識・副知識の適切さを判定"
"R04-A-Q18-C4","R04-A-Q18","R04","A","DX-A05-007","試料の前処理と抽出","12.3.1","rationale-based-provisional","排水の固相抽出法には破過量管理が必要。","PASS","PASS","PASS","none","P2-explanation-driven","no","individual-semantic-content-review-pending","not-authorized","草稿と原題を精読して主知識・副知識の適切さを判定"
"R04-A-Q18-C5","R04-A-Q18","R04","A","DX-A05-007","試料の前処理と抽出","12.3.1","single-source-tag-provisional","分散型固相吸着凝集にpH調整を用いる。","PASS","PASS","PASS","none","P1-single-tag","yes","individual-semantic-content-review-pending","not-authorized","草稿と原題を精読して主知識・副知識の適切さを判定"
"R04-A-Q19-C1","R04-A-Q19","R04","A","DX-A05-008","精製・クリーンアップ","12.3.2","topic-link-provisional","妨害成分の除去が必要。","PASS","PASS","PASS","none","P1-broad-question-tag","no","individual-semantic-content-review-pending","not-authorized","草稿と原題を精読して主知識・副知識の適切さを判定"
"R04-A-Q19-C2","R04-A-Q19","R04","A","DX-A05-016","ブランク・回収率","12.6.1","rationale-based-provisional","器具や試薬のブランク、カラム溶出条件を確認する。","PASS","PASS","PASS","none","P2-explanation-driven","no","individual-semantic-content-review-pending","not-authorized","草稿と原題を精読して主知識・副知識の適切さを判定"
"R04-A-Q19-C3","R04-A-Q19","R04","A","DX-A05-009","内標準物質の添加","12.3.3","rationale-based-provisional","カラムの回収率は溶媒やマトリックスで変わる。","PASS","PASS","PASS","none","P2-explanation-driven","yes","individual-semantic-content-review-pending","not-authorized","草稿と原題を精読して主知識・副知識の適切さを判定"
"R04-A-Q19-C4","R04-A-Q19","R04","A","DX-A05-007","試料の前処理と抽出","12.3.1","rationale-based-provisional","再測定に備えて抽出液の一部を保存する。","PASS","PASS","PASS","none","P2-explanation-driven","no","individual-semantic-content-review-pending","not-authorized","草稿と原題を精読して主知識・副知識の適切さを判定"
"R04-A-Q19-C5","R04-A-Q19","R04","A","DX-A05-008","精製・クリーンアップ","12.3.2","rationale-based-provisional","クリーンアップの回収率70～130%は他のスパイク区分と混同。","PASS","PASS","PASS","none","P2-explanation-driven","no","individual-semantic-content-review-pending","not-authorized","草稿と原題を精読して主知識・副知識の適切さを判定"
"R04-A-Q20-C1","R04-A-Q20","R04","A","DX-A05-011","HRGC/HRMS","12.4.2","topic-link-provisional","①高分離能を得るキャピラリーカラムGCを用いて異性体を分離する。","PASS","PASS","PASS","none","P1-broad-question-tag","no","individual-semantic-content-review-pending","not-authorized","草稿と原題を精読して主知識・副知識の適切さを判定"
"R04-A-Q20-C2","R04-A-Q20","R04","A","DX-A05-011","HRGC/HRMS","12.4.2","rationale-based-provisional","②高分解能質量分析計の質量軸を安定させるためロックマス方式を使用する。","PASS","PASS","PASS","none","P2-explanation-driven","no","individual-semantic-content-review-pending","not-authorized","草稿と原題を精読して主知識・副知識の適切さを判定"
"R04-A-Q20-C3","R04-A-Q20","R04","A","DX-A05-011","HRGC/HRMS","12.4.2","rationale-based-provisional","③ダイオキシン類のHRGC/HRMSではロックマス方式を組み合わせた選択イオンモニタリング（SIM）を用いる。原題の『全イオンモニタリング』は誤り。環境省の試料測定マニュアルと照合した。","PASS","PASS","PASS","none","P2-explanation-driven","no","individual-semantic-content-review-pending","not-authorized","草稿と原題を精読して主知識・副知識の適切さを判定"
"R04-A-Q20-C4","R04-A-Q20","R04","A","DX-A05-012","同位体希釈定量","12.4.3","topic-link-provisional","④同一化合物の塩素同位体由来の複数イオンの強度比を同定確認に用いる。","PASS","PASS","PASS","none","P1-broad-question-tag","no","individual-semantic-content-review-pending","not-authorized","草稿と原題を精読して主知識・副知識の適切さを判定"
"R04-A-Q20-C5","R04-A-Q20","R04","A","DX-A05-012","同位体希釈定量","12.4.3","rationale-based-provisional","⑤対象成分のピーク面積を同位体標識内標準との相対感度と比較する内標準法で定量する。","PASS","PASS","PASS","none","P2-explanation-driven","no","individual-semantic-content-review-pending","not-authorized","草稿と原題を精読して主知識・副知識の適切さを判定"
"R04-A-Q21-C1","R04-A-Q21","R04","A","DX-A05-014","検出下限・定量下限","12.5.2","single-source-tag-provisional","四塩素化物0.1pg以下という条件。","PASS","PASS","PASS","none","P1-single-tag","no","individual-semantic-content-review-pending","not-authorized","草稿と原題を精読して主知識・副知識の適切さを判定"
"R04-A-Q21-C2","R04-A-Q21","R04","A","DX-A05-014","検出下限・定量下限","12.5.2","single-source-tag-provisional","五塩素化物0.2pg以下ではなく0.1pg以下とされる。","PASS","PASS","PASS","none","P1-single-tag","no","individual-semantic-content-review-pending","not-authorized","草稿と原題を精読して主知識・副知識の適切さを判定"
"R04-A-Q21-C3","R04-A-Q21","R04","A","DX-A05-014","検出下限・定量下限","12.5.2","single-source-tag-provisional","六塩素化物0.2pg以下という条件。","PASS","PASS","PASS","none","P1-single-tag","no","individual-semantic-content-review-pending","not-authorized","草稿と原題を精読して主知識・副知識の適切さを判定"
"R04-A-Q21-C4","R04-A-Q21","R04","A","DX-A05-014","検出下限・定量下限","12.5.2","single-source-tag-provisional","七塩素化物0.2pg以下という条件。","PASS","PASS","PASS","none","P1-single-tag","no","individual-semantic-content-review-pending","not-authorized","草稿と原題を精読して主知識・副知識の適切さを判定"
"R04-A-Q21-C5","R04-A-Q21","R04","A","DX-A05-014","検出下限・定量下限","12.5.2","single-source-tag-provisional","八塩素化物0.5pg以下という条件。","PASS","PASS","PASS","none","P1-single-tag","no","individual-semantic-content-review-pending","not-authorized","草稿と原題を精読して主知識・副知識の適切さを判定"
"R04-A-Q22-C1","R04-A-Q22","R04","A","DX-A05-014","検出下限・定量下限","12.5.2","topic-link-provisional","補正後濃度1.6ではない。","PASS","PASS","PASS","none","P1-broad-question-tag","no","individual-semantic-content-review-pending","not-authorized","草稿と原題を精読して主知識・副知識の適切さを判定"
"R04-A-Q22-C2","R04-A-Q22","R04","A","DX-A05-014","検出下限・定量下限","12.5.2","topic-link-provisional","補正後濃度2.1ではない。","PASS","PASS","PASS","none","P1-broad-question-tag","no","individual-semantic-content-review-pending","not-authorized","草稿と原題を精読して主知識・副知識の適切さを判定"
"R04-A-Q22-C3","R04-A-Q22","R04","A","DX-A05-014","検出下限・定量下限","12.5.2","topic-link-provisional","2.5×9/7≒3.2。","PASS","PASS","PASS","none","P1-broad-question-tag","no","individual-semantic-content-review-pending","not-authorized","草稿と原題を精読して主知識・副知識の適切さを判定"
"R04-A-Q22-C4","R04-A-Q22","R04","A","DX-A05-014","検出下限・定量下限","12.5.2","topic-link-provisional","6.4は計算結果と異なる。","PASS","PASS","PASS","none","P1-broad-question-tag","yes","individual-semantic-content-review-pending","not-authorized","草稿と原題を精読して主知識・副知識の適切さを判定"
"R04-A-Q22-C5","R04-A-Q22","R04","A","DX-A05-014","検出下限・定量下限","12.5.2","topic-link-provisional","12.8は計算結果と異なる。","PASS","PASS","PASS","none","P1-broad-question-tag","no","individual-semantic-content-review-pending","not-authorized","草稿と原題を精読して主知識・副知識の適切さを判定"
"R04-A-Q23-C1","R04-A-Q23","R04","A","DX-A05-014","検出下限・定量下限","12.5.2","topic-link-provisional","0.0001は全量換算に不足。","PASS","PASS","PASS","none","P1-broad-question-tag","no","individual-semantic-content-review-pending","not-authorized","草稿と原題を精読して主知識・副知識の適切さを判定"
"R04-A-Q23-C2","R04-A-Q23","R04","A","DX-A05-014","検出下限・定量下限","12.5.2","topic-link-provisional","0.0002は計算結果と異なる。","PASS","PASS","PASS","none","P1-broad-question-tag","no","individual-semantic-content-review-pending","not-authorized","草稿と原題を精読して主知識・副知識の適切さを判定"
"R04-A-Q23-C3","R04-A-Q23","R04","A","DX-A05-014","検出下限・定量下限","12.5.2","topic-link-provisional","0.0004も違う。","PASS","PASS","PASS","none","P1-broad-question-tag","no","individual-semantic-content-review-pending","not-authorized","草稿と原題を精読して主知識・副知識の適切さを判定"
"R04-A-Q23-C4","R04-A-Q23","R04","A","DX-A05-014","検出下限・定量下限","12.5.2","topic-link-provisional","全量4pg÷8m³＝0.5pg/m³＝0.0005ng/m³。","PASS","PASS","PASS","none","P1-broad-question-tag","no","individual-semantic-content-review-pending","not-authorized","草稿と原題を精読して主知識・副知識の適切さを判定"
"R04-A-Q23-C5","R04-A-Q23","R04","A","DX-A05-014","検出下限・定量下限","12.5.2","topic-link-provisional","0.0008は計算結果と異なる。","PASS","PASS","PASS","none","P1-broad-question-tag","no","individual-semantic-content-review-pending","not-authorized","草稿と原題を精読して主知識・副知識の適切さを判定"
"R04-A-Q24-C1","R04-A-Q24","R04","A","DX-A05-009","内標準物質の添加","12.3.3","topic-link-provisional","53%ではない。","PASS","PASS","PASS","none","P1-broad-question-tag","no","individual-semantic-content-review-pending","not-authorized","草稿と原題を精読して主知識・副知識の適切さを判定"
"R04-A-Q24-C2","R04-A-Q24","R04","A","DX-A05-009","内標準物質の添加","12.3.3","topic-link-provisional","59%ではない。","PASS","PASS","PASS","none","P1-broad-question-tag","no","individual-semantic-content-review-pending","not-authorized","草稿と原題を精読して主知識・副知識の適切さを判定"
"R04-A-Q24-C3","R04-A-Q24","R04","A","DX-A05-009","内標準物質の添加","12.3.3","topic-link-provisional","65%ではない。","PASS","PASS","PASS","none","P1-broad-question-tag","no","individual-semantic-content-review-pending","not-authorized","草稿と原題を精読して主知識・副知識の適切さを判定"
"R04-A-Q24-C4","R04-A-Q24","R04","A","DX-A05-009","内標準物質の添加","12.3.3","topic-link-provisional","71%ではない。","PASS","PASS","PASS","none","P1-broad-question-tag","yes","individual-semantic-content-review-pending","not-authorized","草稿と原題を精読して主知識・副知識の適切さを判定"
"R04-A-Q24-C5","R04-A-Q24","R04","A","DX-A05-009","内標準物質の添加","12.3.3","topic-link-provisional","ピーク比2/3×添加量600/相対感度1.04÷添加量500×100≒77%。","PASS","PASS","PASS","none","P1-broad-question-tag","no","individual-semantic-content-review-pending","not-authorized","草稿と原題を精読して主知識・副知識の適切さを判定"
"R04-A-Q25-C1","R04-A-Q25","R04","A","DX-A05-007","試料の前処理と抽出","12.3.1","rationale-based-provisional","サンプリングスパイクは採取から抽出までの回収確認。","PASS","PASS","PASS","none","P2-explanation-driven","no","individual-semantic-content-review-pending","not-authorized","草稿と原題を精読して主知識・副知識の適切さを判定"
"R04-A-Q25-C2","R04-A-Q25","R04","A","DX-A05-016","ブランク・回収率","12.6.1","topic-link-provisional","二重排ガス測定の装置配置の原則。","PASS","PASS","PASS","none","P1-broad-question-tag","no","individual-semantic-content-review-pending","not-authorized","草稿と原題を精読して主知識・副知識の適切さを判定"
"R04-A-Q25-C3","R04-A-Q25","R04","A","DX-A05-016","ブランク・回収率","12.6.1","rationale-based-provisional","水の二重測定頻度はJISの条件に基づく。","PASS","PASS","PASS","none","P2-explanation-driven","no","individual-semantic-content-review-pending","not-authorized","草稿と原題を精読して主知識・副知識の適切さを判定"
"R04-A-Q25-C4","R04-A-Q25","R04","A","DX-A05-016","ブランク・回収率","12.6.1","topic-link-provisional","感度確認用の標準液を定期測定する。","PASS","PASS","PASS","none","P1-broad-question-tag","no","individual-semantic-content-review-pending","not-authorized","草稿と原題を精読して主知識・副知識の適切さを判定"
"R04-A-Q25-C5","R04-A-Q25","R04","A","DX-A05-007","試料の前処理と抽出","12.3.1","topic-link-provisional","微量対象物質の損失防止のため完全乾固を避ける。","PASS","PASS","PASS","none","P1-broad-question-tag","no","individual-semantic-content-review-pending","not-authorized","草稿と原題を精読して主知識・副知識の適切さを判定"
"R05-G-Q01-C1","R05-G-Q01","R05","G","DX-G01-010","土壌環境基準と調査指標","1.3.4","topic-link-provisional","『達成している』は合うが調査指標は500ではない。","PASS","PASS","PASS","none","P1-broad-question-tag","no","individual-semantic-content-review-pending","not-authorized","草稿と原題を精読して主知識・副知識の適切さを判定"
"R05-G-Q01-C2","R05-G-Q01","R05","G","DX-G01-010","土壌環境基準と調査指標","1.3.4","topic-link-provisional","達成していない場合との条件は違い、定性法でもない。","PASS","PASS","PASS","none","P1-broad-question-tag","no","individual-semantic-content-review-pending","not-authorized","草稿と原題を精読して主知識・副知識の適切さを判定"
"R05-G-Q01-C3","R05-G-Q01","R05","G","DX-G01-010","土壌環境基準と調査指標","1.3.4","topic-link-provisional","達成している、250、簡易測定、2倍の組合せが正しい。","PASS","PASS","PASS","none","P1-broad-question-tag","no","individual-semantic-content-review-pending","not-authorized","草稿と原題を精読して主知識・副知識の適切さを判定"
"R05-G-Q01-C4","R05-G-Q01","R05","G","DX-G01-010","土壌環境基準と調査指標","1.3.4","topic-link-provisional","調査指標を500とするなど相違する。","PASS","PASS","PASS","none","P1-broad-question-tag","yes","individual-semantic-content-review-pending","not-authorized","草稿と原題を精読して主知識・副知識の適切さを判定"
"R05-G-Q01-C5","R05-G-Q01","R05","G","DX-G01-010","土壌環境基準と調査指標","1.3.4","topic-link-provisional","指標250は正しいが定性測定と5倍は規定にない。","PASS","PASS","PASS","none","P1-broad-question-tag","no","individual-semantic-content-review-pending","not-authorized","草稿と原題を精読して主知識・副知識の適切さを判定"
"R05-G-Q02-C1","R05-G-Q02","R05","G","DX-G01-001","基本指針と特措法","1.1.1","single-source-tag-provisional","①事業活動に伴って生じるダイオキシン類が事業者責務の対象であり、法第4条の主語・範囲として妥当。","PASS","PASS","PASS","none","P1-single-tag","no","individual-semantic-content-review-pending","not-authorized","草稿と原題を精読して主知識・副知識の適切さを判定"
"R05-G-Q02-C2","R05-G-Q02","R05","G","DX-G01-001","基本指針と特措法","1.1.1","single-source-tag-provisional","②事業活動に伴う環境汚染の防止が責務の内容に含まれ、法の基本的な規定と一致する。","PASS","PASS","PASS","none","P1-single-tag","yes","individual-semantic-content-review-pending","not-authorized","草稿と原題を精読して主知識・副知識の適切さを判定"
"R05-G-Q02-C3","R05-G-Q02","R05","G","DX-G01-001","基本指針と特措法","1.1.1","single-source-tag-provisional","③環境汚染の除去等に必要な措置も第4条の対象。防止だけに限定していない点が重要。","PASS","PASS","PASS","none","P1-single-tag","no","individual-semantic-content-review-pending","not-authorized","草稿と原題を精読して主知識・副知識の適切さを判定"
"R05-G-Q02-C4","R05-G-Q02","R05","G","DX-G01-001","基本指針と特措法","1.1.1","single-source-tag-provisional","④地方公共団体等の施策にも事業者が協力することを規定。国だけが相手ではない。","PASS","PASS","PASS","none","P1-single-tag","no","individual-semantic-content-review-pending","not-authorized","草稿と原題を精読して主知識・副知識の適切さを判定"
"R05-G-Q02-C5","R05-G-Q02","R05","G","DX-G01-001","基本指針と特措法","1.1.1","single-source-tag-provisional","⑤事業者が国・地方公共団体の施策に『協力するように努める』は誤り。法第4条は『協力しなければならない』。国民の第5条は努力義務で、義務主体の区別が重要。","PASS","PASS","PASS","none","P1-single-tag","no","individual-semantic-content-review-pending","not-authorized","草稿と原題を精読して主知識・副知識の適切さを判定"
"R05-G-Q03-C1","R05-G-Q03","R05","G","DX-G01-017","事業者測定・報告公表","1.5.3","topic-link-provisional","通常の操業、燃焼安定後1時間、原則4時間以上、0℃という組合せ。","PASS","PASS","PASS","none","P1-broad-question-tag","no","individual-semantic-content-review-pending","not-authorized","草稿と原題を精読して主知識・副知識の適切さを判定"
"R05-G-Q03-C2","R05-G-Q03","R05","G","DX-G01-017","事業者測定・報告公表","1.5.3","topic-link-provisional","『最大操業』や『燃焼終了後』の組合せが異なる。","PASS","PASS","PASS","none","P1-broad-question-tag","no","individual-semantic-content-review-pending","not-authorized","草稿と原題を精読して主知識・副知識の適切さを判定"
"R05-G-Q03-C3","R05-G-Q03","R05","G","DX-G01-017","事業者測定・報告公表","1.5.3","topic-link-provisional","燃焼開始8時間と常温換算が違う。","PASS","PASS","PASS","none","P1-broad-question-tag","no","individual-semantic-content-review-pending","not-authorized","草稿と原題を精読して主知識・副知識の適切さを判定"
"R05-G-Q03-C4","R05-G-Q03","R05","G","DX-G01-017","事業者測定・報告公表","1.5.3","topic-link-provisional","最大操業、燃焼終了後の組合せが異なる。","PASS","PASS","PASS","none","P1-broad-question-tag","no","individual-semantic-content-review-pending","not-authorized","草稿と原題を精読して主知識・副知識の適切さを判定"
"R05-G-Q03-C5","R05-G-Q03","R05","G","DX-G01-017","事業者測定・報告公表","1.5.3","topic-link-provisional","待機時間3時間、標準状態を常温とする点が違う。","PASS","PASS","PASS","none","P1-broad-question-tag","no","individual-semantic-content-review-pending","not-authorized","草稿と原題を精読して主知識・副知識の適切さを判定"
"R05-G-Q04-C1","R05-G-Q04","R05","G","DX-G01-019","土壌汚染対策地域・計画","1.6.1","single-source-tag-provisional","①土壌汚染対策計画で土地の利用状況に応じて対策を選択することは法第31条の考え方。","PASS","PASS","PASS","none","P1-single-tag","yes","individual-semantic-content-review-pending","not-authorized","草稿と原題を精読して主知識・副知識の適切さを判定"
"R05-G-Q04-C2","R05-G-Q04","R05","G","DX-G01-019","土壌汚染対策地域・計画","1.6.1","single-source-tag-provisional","②ダイオキシン類による土壌汚染の除去に関する事業は計画の対象となる。","PASS","PASS","PASS","none","P1-single-tag","no","individual-semantic-content-review-pending","not-authorized","草稿と原題を精読して主知識・副知識の適切さを判定"
"R05-G-Q04-C3","R05-G-Q04","R05","G","DX-G01-019","土壌汚染対策地域・計画","1.6.1","single-source-tag-provisional","③新たな土壌汚染を防止するための事業も計画の対象となり得る。","PASS","PASS","PASS","none","P1-single-tag","no","individual-semantic-content-review-pending","not-authorized","草稿と原題を精読して主知識・副知識の適切さを判定"
"R05-G-Q04-C4","R05-G-Q04","R05","G","DX-G01-019","土壌汚染対策地域・計画","1.6.1","single-source-tag-provisional","④事業者の排出と土壌汚染の因果関係は費用負担法の適用判断に重要。","PASS","PASS","PASS","none","P1-single-tag","yes","individual-semantic-content-review-pending","not-authorized","草稿と原題を精読して主知識・副知識の適切さを判定"
"R05-G-Q04-C5","R05-G-Q04","R05","G","DX-G01-019","土壌汚染対策地域・計画","1.6.1","single-source-tag-provisional","⑤土壌汚染対策計画に基づく事業者負担の根拠を『土地の利用の履歴等』とするのは誤り。法第31条第7項は排出と土壌汚染の因果関係が科学的知見に基づき明確であることを要件とする。","PASS","PASS","PASS","none","P1-single-tag","no","individual-semantic-content-review-pending","not-authorized","草稿と原題を精読して主知識・副知識の適切さを判定"
"R05-G-Q06-C1","R05-G-Q06","R05","G","DX-G02-001","化学物質事故と知見の蓄積","2.1.1","topic-link-provisional","熱媒体・可塑剤・電気絶縁材・複写紙は用途の代表例。","PASS","PASS","PASS","none","P1-broad-question-tag","no","individual-semantic-content-review-pending","not-authorized","草稿と原題を精読して主知識・副知識の適切さを判定"
"R05-G-Q06-C2","R05-G-Q06","R05","G","DX-G02-001","化学物質事故と知見の蓄積","2.1.1","topic-link-provisional","生体蓄積性・生態系への懸念がある。","PASS","PASS","PASS","none","P1-broad-question-tag","yes","individual-semantic-content-review-pending","not-authorized","草稿と原題を精読して主知識・副知識の適切さを判定"
"R05-G-Q06-C3","R05-G-Q06","R05","G","DX-G02-001","化学物質事故と知見の蓄積","2.1.1","topic-link-provisional","1972年製造中止という国内史を問う。","PASS","PASS","PASS","none","P1-broad-question-tag","no","individual-semantic-content-review-pending","not-authorized","草稿と原題を精読して主知識・副知識の適切さを判定"
"R05-G-Q06-C4","R05-G-Q06","R05","G","DX-G02-001","化学物質事故と知見の蓄積","2.1.1","topic-link-provisional","1974年の輸入・開放系での使用規制を問う。","PASS","PASS","PASS","none","P1-broad-question-tag","no","individual-semantic-content-review-pending","not-authorized","草稿と原題を精読して主知識・副知識の適切さを判定"
"R05-G-Q06-C5","R05-G-Q06","R05","G","DX-G02-001","化学物質事故と知見の蓄積","2.1.1","topic-link-provisional","累計国内使用量5,500tは誤り。環境省資料では約54,000t。","PASS","PASS","PASS","none","P1-broad-question-tag","no","individual-semantic-content-review-pending","not-authorized","草稿と原題を精読して主知識・副知識の適切さを判定"
"R05-G-Q07-C1","R05-G-Q07","R05","G","DX-G03-002","排出インベントリーの構成","3.1.2","rationale-based-provisional","①2020年の大気・水合計排出量98～100 g-TEQ/年は環境省公表の集計と一致する。","PASS","PASS","PASS","none","P2-explanation-driven","no","individual-semantic-content-review-pending","not-authorized","草稿と原題を精読して主知識・副知識の適切さを判定"
"R05-G-Q07-C2","R05-G-Q07","R05","G","DX-G03-002","排出インベントリーの構成","3.1.2","rationale-based-provisional","②水への排出量1.7 g-TEQ/年を大気・水合計98～100 g-TEQ/年で除すると約1.7%。環境省の2020年排出インベントリー表2(8/8)の原表と一致する。","PASS","PASS","PASS","none","P2-explanation-driven","no","individual-semantic-content-review-pending","not-authorized","草稿と原題を精読して主知識・副知識の適切さを判定"
"R05-G-Q07-C3","R05-G-Q07","R05","G","DX-G03-002","排出インベントリーの構成","3.1.2","rationale-based-provisional","③環境省の2020年排出インベントリー表2(8/8)では水への排出源として乾式アセチレン製造施設を計上しておらず、これを主要な産業系水排出源とするのは不適切。パルプ漂白・塩ビモノマーは同表に掲載。","PASS","PASS","PASS","none","P2-explanation-driven","no","individual-semantic-content-review-pending","not-authorized","草稿と原題を精読して主知識・副知識の適切さを判定"
"R05-G-Q09-C1","R05-G-Q09","R05","G","DX-G04-010","脂溶性と水への溶けにくさ","4.4.1","rationale-based-provisional","①Kowが大きい化合物ほどオクタノール相に分配しやすく、疎水性が強いという説明は妥当。","PASS","PASS","PASS","none","semantic-source-scoped-reviewed-pass36","yes","existing-choice-explanation-and-independent-concept-source-matched-official-original-unmatched","not-authorized","原題の該当文言・数値・下線を公式配布PDFと照合。独立科学資料が支持する部分以外を最終承認しない。"
"R05-G-Q09-C2","R05-G-Q09","R05","G","DX-G04-010","脂溶性と水への溶けにくさ","4.4.1","rationale-based-provisional","②PCDD/PCDFが高いlogKowをもつことは疎水性の説明に合う。数値は温度と異性体に依存する。","PASS","PASS","PASS","none","semantic-source-scoped-reviewed-pass36","no","existing-choice-explanation-and-independent-concept-source-matched-official-original-unmatched","not-authorized","原題の該当文言・数値・下線を公式配布PDFと照合。独立科学資料が支持する部分以外を最終承認しない。"
"R05-G-Q09-C3","R05-G-Q09","R05","G","DX-G04-010","脂溶性と水への溶けにくさ","4.4.1","rationale-based-provisional","③塩素置換数とlogKowが『負の相関』という説明は逆。一般にPCDD/PCDFでは高塩素化体ほど疎水性が強くlogKowが大きい。物性表の異性体条件は区別する。","PASS","PASS","PASS","none","semantic-source-scoped-reviewed-pass36","no","existing-choice-explanation-and-independent-concept-source-matched-official-original-unmatched","not-authorized","原題の該当文言・数値・下線を公式配布PDFと照合。独立科学資料が支持する部分以外を最終承認しない。"
"R05-G-Q09-C4","R05-G-Q09","R05","G","DX-G04-010","脂溶性と水への溶けにくさ","4.4.1","topic-link-provisional","④ダイオキシン類は脂溶性が強く、脂質相や有機物へ分配されやすい。","PASS","PASS","PASS","none","semantic-source-scoped-reviewed-pass36","no","existing-choice-explanation-and-independent-concept-source-matched-official-original-unmatched","not-authorized","原題の該当文言・数値・下線を公式配布PDFと照合。独立科学資料が支持する部分以外を最終承認しない。"
"R05-G-Q09-C5","R05-G-Q09","R05","G","DX-G04-010","脂溶性と水への溶けにくさ","4.4.1","topic-link-provisional","⑤水中では有機性の懸濁物・粒子への吸着・分配が起こりやすい。","PASS","PASS","PASS","none","semantic-source-scoped-reviewed-pass36","no","existing-choice-explanation-and-independent-concept-source-matched-official-original-unmatched","not-authorized","原題の該当文言・数値・下線を公式配布PDFと照合。独立科学資料が支持する部分以外を最終承認しない。"
"R05-G-Q10-C1","R05-G-Q10","R05","G","DX-G04-011","蒸気圧と粒子吸着","4.4.2","rationale-based-provisional","①PCDD/PCDFの分子量増加・高塩素化に伴う蒸気圧低下は一般的傾向として妥当。","PASS","PASS","PASS","none","reviewed-IARC-25c-vapor-pass37","no","scoped-25c-IARC-physical-trend-supported","not-authorized","公開複製の設問文で下線部と蒸気圧値の表現を文字として再確認。IARC25℃個別異性体例で一部支持。ただしJEMAI公式原題の紙面同一性は未検証。"
"R05-G-Q10-C2","R05-G-Q10","R05","G","DX-G04-011","蒸気圧と粒子吸着","4.4.2","rationale-based-provisional","②『OCDDの蒸気圧がTeCDDs/TeCDFsより約2桁小さい』は不適切。IARC公表25℃例で2,3,7,8-TCDDは2.0×10⁻⁷Pa、OCDDは1.1×10⁻¹⁰Paで約1800倍（約3.3桁）。異性体ごとに異なるため『必ず4桁』などとは断定しない。","PASS","PASS","PASS","none","reviewed-IARC-25c-vapor-pass37","no","scoped-25c-IARC-OCDD-TCDD-order-comparison-supported","not-authorized","公開複製の設問文で下線部と蒸気圧値の表現を文字として再確認。IARC25℃個別異性体例で一部支持。ただしJEMAI公式原題の紙面同一性は未検証。"
"R05-G-Q10-C3","R05-G-Q10","R05","G","DX-G04-011","蒸気圧と粒子吸着","4.4.2","rationale-based-provisional","③コプラナーPCBの蒸気圧は同程度の塩素化PCDD/PCDFより高い傾向にある。","PASS","PASS","PASS","none","P0-congener-vapor-scope-and-original-wording-unresolved-pass37","no","requires-matched-25c-PCB-vs-PCDD-PCDF-species-pairs","not-authorized","公開複製原題は25℃・固相/液相・個別異性体の指定がなく、PCBの同族体一般に10^-4～10^-7 Paの範囲を断言。IARCの同族体液体平均と非整合、原物性の相状態・温度による差もある。P0を維持し正答は変更しない。"
"R05-G-Q10-C4","R05-G-Q10","R05","G","DX-G04-011","蒸気圧と粒子吸着","4.4.2","rationale-based-provisional","④四～五塩素化PCBの蒸気圧オーダーを10^−4～10^−5 Pa台とする出題値は典型例。個別化合物で異なる。","PASS","PASS","PASS","none","P0-congener-vapor-scope-and-original-wording-unresolved-pass37","no","unresolved-old-typical-vapor-range-conflicts-with-IARC-reference","not-authorized","公開複製原題は25℃・固相/液相・個別異性体の指定がなく、PCBの同族体一般に10^-4～10^-7 Paの範囲を断言。IARCの同族体液体平均と非整合、原物性の相状態・温度による差もある。P0を維持し正答は変更しない。"
"R05-G-Q10-C5","R05-G-Q10","R05","G","DX-G04-011","蒸気圧と粒子吸着","4.4.2","rationale-based-provisional","⑤七塩素化PCBの蒸気圧の10^−6～10^−7 Pa台というオーダーは出題で扱う典型値。温度・異性体に依存する。","PASS","PASS","PASS","none","P0-congener-vapor-scope-and-original-wording-unresolved-pass37","yes","unresolved-old-hepta-vapor-range-conflicts-with-IARC-reference","not-authorized","公開複製原題は25℃・固相/液相・個別異性体の指定がなく、PCBの同族体一般に10^-4～10^-7 Paの範囲を断言。IARCの同族体液体平均と非整合、原物性の相状態・温度による差もある。P0を維持し正答は変更しない。"
"R05-G-Q12-C1","R05-G-Q12","R05","G","DX-G04-007","TEFの意味","4.3.1","rationale-based-provisional","①『1種類』は誤り。提供された問12画像の5つのPCB構造式を直接確認すると、WHO-TEF(2006)の対象は#118、#105、#81、#189の4種類である。","PASS","PASS","PASS","none","P2-explanation-driven","no","individual-semantic-content-review-pending","not-authorized","草稿と原題を精読して主知識・副知識の適切さを判定"
"R05-G-Q12-C2","R05-G-Q12","R05","G","DX-G04-006","非オルト・モノオルトPCB","4.2.3","rationale-based-provisional","②『2種類』は誤り。図のモノオルトPCB（#118、#105、#189）に加えノンオルトPCBの#81にもTEFが付与され、計4種類になる。","PASS","PASS","PASS","none","P2-explanation-driven","no","individual-semantic-content-review-pending","not-authorized","草稿と原題を精読して主知識・副知識の適切さを判定"
"R05-G-Q12-C3","R05-G-Q12","R05","G","DX-G04-007","TEFの意味","4.3.1","rationale-based-provisional","③『3種類』は誤り。図の#118、#105、#81、#189はすべてTEF対象であり、1種類を数え落としている。","PASS","PASS","PASS","none","P2-explanation-driven","no","individual-semantic-content-review-pending","not-authorized","草稿と原題を精読して主知識・副知識の適切さを判定"
"R05-G-Q12-C4","R05-G-Q12","R05","G","DX-G04-007","TEFの意味","4.3.1","rationale-based-provisional","④『4種類』が正しい。提供された試験図の上段中央＝PCB #118、上段右＝#105、下段左＝#81、下段中央＝#189にWHO-TEF(2006)が付与される。上段左の2,3,3′,5,5′-PeCBは対象外。","PASS","PASS","PASS","none","P2-explanation-driven","no","individual-semantic-content-review-pending","not-authorized","草稿と原題を精読して主知識・副知識の適切さを判定"
"R05-G-Q12-C5","R05-G-Q12","R05","G","DX-G04-007","TEFの意味","4.3.1","rationale-based-provisional","⑤『5種類』は誤り。上段左の2,3,3′,5,5′-PeCBは4,4′位の両方に塩素を持たず、WHO-TEF(2006)の12種のダイオキシン様PCBに含まれない。","PASS","PASS","PASS","none","P2-explanation-driven","no","individual-semantic-content-review-pending","not-authorized","草稿と原題を精読して主知識・副知識の適切さを判定"
"R05-G-Q13-C1","R05-G-Q13","R05","G","DX-G05-005","de novo合成の概要","5.2.2","rationale-based-provisional","飛灰等で約200～400℃の温度域でde novo反応が起き得る。","PASS","PASS","PASS","none","P2-explanation-driven","no","individual-semantic-content-review-pending","not-authorized","草稿と原題を精読して主知識・副知識の適切さを判定"
"R05-G-Q13-C3","R05-G-Q13","R05","G","DX-G05-008","塩素と金属触媒","5.3.3","rationale-based-provisional","CuCl2の触媒活性を問う。文献条件で確認が必要。","PASS","PASS","PASS","none","P2-explanation-driven","yes","individual-semantic-content-review-pending","not-authorized","草稿と原題を精読して主知識・副知識の適切さを判定"
"R05-G-Q14-C1","R05-G-Q14","R05","G","DX-G05-008","塩素と金属触媒","5.3.3","rationale-based-provisional","燃焼・酸素・塩素源は生成経路を考える要因。","PASS","PASS","PASS","none","P2-explanation-driven","no","individual-semantic-content-review-pending","not-authorized","草稿と原題を精読して主知識・副知識の適切さを判定"
"R05-G-Q14-C3","R05-G-Q14","R05","G","DX-G05-005","de novo合成の概要","5.2.2","rationale-based-provisional","高温では分解が進みde novo関連の炭素前駆体が減る。","PASS","PASS","PASS","none","P2-explanation-driven","no","individual-semantic-content-review-pending","not-authorized","草稿と原題を精読して主知識・副知識の適切さを判定"
"R05-G-Q14-C5","R05-G-Q14","R05","G","DX-G05-008","塩素と金属触媒","5.3.3","rationale-based-provisional","食塩は無機物なので塩素源にならない、という断定は誤り。","PASS","PASS","PASS","none","P2-explanation-driven","no","individual-semantic-content-review-pending","not-authorized","草稿と原題を精読して主知識・副知識の適切さを判定"
"R05-G-Q15-C1","R05-G-Q15","R05","G","DX-G03-007","長期的な排出量削減","3.3.1","topic-link-provisional","50%、95%、96gという数値が選択肢①。2020年96gは環境省の削減目標対象排出量。","PASS","PASS","PASS","none","P1-broad-question-tag","no","individual-semantic-content-review-pending","not-authorized","草稿と原題を精読して主知識・副知識の適切さを判定"
"R05-G-Q15-C2","R05-G-Q15","R05","G","DX-G03-007","長期的な排出量削減","3.3.1","topic-link-provisional","2003年削減率と2020年対象排出量の数値が合わない。","PASS","PASS","PASS","none","P1-broad-question-tag","yes","individual-semantic-content-review-pending","not-authorized","草稿と原題を精読して主知識・副知識の適切さを判定"
"R05-G-Q15-C3","R05-G-Q15","R05","G","DX-G03-007","長期的な排出量削減","3.3.1","topic-link-provisional","1998年約30%等、削減推移の数値が一致しない。","PASS","PASS","PASS","none","P1-broad-question-tag","no","individual-semantic-content-review-pending","not-authorized","草稿と原題を精読して主知識・副知識の適切さを判定"
"R05-G-Q15-C4","R05-G-Q15","R05","G","DX-G03-007","長期的な排出量削減","3.3.1","topic-link-provisional","1998年30%に下がったとする部分が違う。","PASS","PASS","PASS","none","P1-broad-question-tag","no","individual-semantic-content-review-pending","not-authorized","草稿と原題を精読して主知識・副知識の適切さを判定"
"R05-G-Q15-C5","R05-G-Q15","R05","G","DX-G03-007","長期的な排出量削減","3.3.1","topic-link-provisional","1998年70%、2020年50gは対象資料と異なる。","PASS","PASS","PASS","none","P1-broad-question-tag","no","individual-semantic-content-review-pending","not-authorized","草稿と原題を精読して主知識・副知識の適切さを判定"
"R05-A-Q01-C1","R05-A-Q01","R05","A","DX-A01-002","混合・空気比・滞留","8.1.2","rationale-based-provisional","酸素供給・混合・高温滞留の組合せは完全燃焼に役立つ。","PASS","PASS","PASS","none","P2-explanation-driven","no","individual-semantic-content-review-pending","not-authorized","草稿と原題を精読して主知識・副知識の適切さを判定"
"R05-A-Q02-C1","R05-A-Q02","R05","A","DX-A01-006","バグフィルターと粒子除去","8.3.1","rationale-based-provisional","圧損増加→払落し→捕集率一時低下→頻度増で振幅小、の組合せ。","PASS","PASS","PASS","none","P2-explanation-driven","no","individual-semantic-content-review-pending","not-authorized","草稿と原題を精読して主知識・副知識の適切さを判定"
"R05-A-Q02-C2","R05-A-Q02","R05","A","DX-A01-006","バグフィルターと粒子除去","8.3.1","rationale-based-provisional","払落し直後に捕集率が上がるとする点が違う。","PASS","PASS","PASS","none","P2-explanation-driven","no","individual-semantic-content-review-pending","not-authorized","草稿と原題を精読して主知識・副知識の適切さを判定"
"R05-A-Q02-C3","R05-A-Q02","R05","A","DX-A01-006","バグフィルターと粒子除去","8.3.1","rationale-based-provisional","空隙率増大だけでは払い落し理由を説明できない。","PASS","PASS","PASS","none","P2-explanation-driven","no","individual-semantic-content-review-pending","not-authorized","草稿と原題を精読して主知識・副知識の適切さを判定"
"R05-A-Q02-C4","R05-A-Q02","R05","A","DX-A01-006","バグフィルターと粒子除去","8.3.1","single-source-tag-provisional","圧損と効率低下は合うが振幅増大を一般化している。","PASS","PASS","PASS","none","P1-single-tag","no","individual-semantic-content-review-pending","not-authorized","草稿と原題を精読して主知識・副知識の適切さを判定"
"R05-A-Q02-C5","R05-A-Q02","R05","A","DX-A01-006","バグフィルターと粒子除去","8.3.1","rationale-based-provisional","払落し時の圧力損失変化を空隙率変化と取り違えている。","PASS","PASS","PASS","none","P2-explanation-driven","no","individual-semantic-content-review-pending","not-authorized","草稿と原題を精読して主知識・副知識の適切さを判定"
"R05-A-Q03-C1","R05-A-Q03","R05","A","DX-A01-006","バグフィルターと粒子除去","8.3.1","rationale-based-provisional","ろ過速度はQ/Aであり、ろ布面積/流量ではない。","PASS","PASS","PASS","none","P2-explanation-driven","no","individual-semantic-content-review-pending","not-authorized","草稿と原題を精読して主知識・副知識の適切さを判定"
"R05-A-Q03-C2","R05-A-Q03","R05","A","DX-A01-006","バグフィルターと粒子除去","8.3.1","single-source-tag-provisional","速度を小さくすれば比較的余裕のある捕集条件を得る。","PASS","PASS","PASS","none","P1-single-tag","no","individual-semantic-content-review-pending","not-authorized","草稿と原題を精読して主知識・副知識の適切さを判定"
"R05-A-Q03-C3","R05-A-Q03","R05","A","DX-A01-006","バグフィルターと粒子除去","8.3.1","rationale-based-provisional","ダスト性状やろ布形式によって設計速度が異なる。","PASS","PASS","PASS","none","P2-explanation-driven","no","individual-semantic-content-review-pending","not-authorized","草稿と原題を精読して主知識・副知識の適切さを判定"
"R05-A-Q03-C4","R05-A-Q03","R05","A","DX-A01-006","バグフィルターと粒子除去","8.3.1","rationale-based-provisional","織布・フェルトで採用可能なろ過速度に差がある。","PASS","PASS","PASS","none","P2-explanation-driven","no","individual-semantic-content-review-pending","not-authorized","草稿と原題を精読して主知識・副知識の適切さを判定"
"R05-A-Q03-C5","R05-A-Q03","R05","A","DX-A01-006","バグフィルターと粒子除去","8.3.1","rationale-based-provisional","パルスジェットは比較的高いろ過速度を扱う。","PASS","PASS","PASS","none","P2-explanation-driven","no","individual-semantic-content-review-pending","not-authorized","草稿と原題を精読して主知識・副知識の適切さを判定"
"R05-A-Q04-C1","R05-A-Q04","R05","A","DX-A01-015","電気集じんの放電・粒子比抵抗・逆電離","8.3.2","single-source-tag-provisional","可動部が比較的少ない特徴。","PASS","PASS","PASS","none","resolved-explanation-review-pass31","no","choice-explanation-manual-link-corrected-original-and-science-QA-pending","not-authorized","原題の正確な表現と年度適用資料を独立に検証（意味的配置を先行修正）"
"R05-A-Q04-C2","R05-A-Q04","R05","A","DX-A01-015","電気集じんの放電・粒子比抵抗・逆電離","8.3.2","rationale-based-provisional","ダスト比抵抗が集じん率に影響。","PASS","PASS","PASS","none","resolved-explanation-review-pass31","yes","choice-explanation-manual-link-corrected-original-and-science-QA-pending","not-authorized","原題の正確な表現と年度適用資料を独立に検証（意味的配置を先行修正）"
"R05-A-Q04-C3","R05-A-Q04","R05","A","DX-A01-015","電気集じんの放電・粒子比抵抗・逆電離","8.3.2","single-source-tag-provisional","高粒子濃度で空間電荷により放電が抑制され得る。","PASS","PASS","PASS","none","resolved-explanation-review-pass31","no","choice-explanation-manual-link-corrected-original-and-science-QA-pending","not-authorized","原題の正確な表現と年度適用資料を独立に検証（意味的配置を先行修正）"
"R05-A-Q04-C4","R05-A-Q04","R05","A","DX-A01-015","電気集じんの放電・粒子比抵抗・逆電離","8.3.2","single-source-tag-provisional","放電着火リスクがあるため爆発性ガス・可燃粉じんへの一般使用は不適切。","PASS","PASS","PASS","none","resolved-explanation-review-pass31","no","choice-explanation-manual-link-corrected-original-and-science-QA-pending","not-authorized","原題の正確な表現と年度適用資料を独立に検証（意味的配置を先行修正）"
"R05-A-Q04-C5","R05-A-Q04","R05","A","DX-A01-015","電気集じんの放電・粒子比抵抗・逆電離","8.3.2","single-source-tag-provisional","高電圧系統を設ける初期費用を問う。","PASS","PASS","PASS","none","resolved-explanation-review-pass31","yes","choice-explanation-manual-link-corrected-original-and-science-QA-pending","not-authorized","原題の正確な表現と年度適用資料を独立に検証（意味的配置を先行修正）"
"R05-A-Q05-C1","R05-A-Q05","R05","A","DX-A01-006","バグフィルターと粒子除去","8.3.1","rationale-based-provisional","高抵抗粉じん層が逆電離を起こしやすい。","PASS","PASS","PASS","none","P2-explanation-driven","no","individual-semantic-content-review-pending","not-authorized","草稿と原題を精読して主知識・副知識の適切さを判定"
"R05-A-Q05-C2","R05-A-Q05","R05","A","DX-A01-006","バグフィルターと粒子除去","8.3.1","rationale-based-provisional","すすを大量に含む低抵抗粉じんを逆電離の典型とするのが不適切。","PASS","PASS","PASS","none","P2-explanation-driven","no","individual-semantic-content-review-pending","not-authorized","草稿と原題を精読して主知識・副知識の適切さを判定"
"R05-A-Q05-C3","R05-A-Q05","R05","A","DX-A01-006","バグフィルターと粒子除去","8.3.1","rationale-based-provisional","高いダスト層電位差と絶縁破壊に関係。","PASS","PASS","PASS","none","P2-explanation-driven","no","individual-semantic-content-review-pending","not-authorized","草稿と原題を精読して主知識・副知識の適切さを判定"
"R05-A-Q05-C4","R05-A-Q05","R05","A","DX-A01-006","バグフィルターと粒子除去","8.3.1","rationale-based-provisional","間欠荷電による逆電離の抑制対策。","PASS","PASS","PASS","none","P2-explanation-driven","no","individual-semantic-content-review-pending","not-authorized","草稿と原題を精読して主知識・副知識の適切さを判定"
"R05-A-Q05-C5","R05-A-Q05","R05","A","DX-A01-006","バグフィルターと粒子除去","8.3.1","single-source-tag-provisional","移動電極で付着ダストを機械的に除去する対策。","PASS","PASS","PASS","none","P1-single-tag","no","individual-semantic-content-review-pending","not-authorized","草稿と原題を精読して主知識・副知識の適切さを判定"
"R05-A-Q06-C1","R05-A-Q06","R05","A","DX-A01-009","湿式洗浄の特性","8.3.3","rationale-based-provisional","①湿式スクラバーが液滴や液膜など液体を捕集媒体とする集じん装置であることは正しい。","PASS","PASS","PASS","none","P2-explanation-driven","no","individual-semantic-content-review-pending","not-authorized","草稿と原題を精読して主知識・副知識の適切さを判定"
"R05-A-Q06-C2","R05-A-Q06","R05","A","DX-A01-009","湿式洗浄の特性","8.3.3","rationale-based-provisional","②粒子の慣性衝突は液滴等への捕捉機構で、とくに比較的大きな粒子で効きやすい。","PASS","PASS","PASS","none","P2-explanation-driven","no","individual-semantic-content-review-pending","not-authorized","草稿と原題を精読して主知識・副知識の適切さを判定"
"R05-A-Q06-C3","R05-A-Q06","R05","A","DX-A01-009","湿式洗浄の特性","8.3.3","single-source-tag-provisional","③重力による粒子の移動も粒子捕集機構の一つだが、微細粒子では寄与が小さくなる。","PASS","PASS","PASS","none","P1-single-tag","no","individual-semantic-content-review-pending","not-authorized","草稿と原題を精読して主知識・副知識の適切さを判定"
"R05-A-Q06-C4","R05-A-Q06","R05","A","DX-A01-009","湿式洗浄の特性","8.3.3","single-source-tag-provisional","④ブラウン運動等による拡散は微粒子の捕集にも寄与する。","PASS","PASS","PASS","none","P1-single-tag","no","individual-semantic-content-review-pending","not-authorized","草稿と原題を精読して主知識・副知識の適切さを判定"
"R05-A-Q06-C5","R05-A-Q06","R05","A","DX-A01-009","湿式洗浄の特性","8.3.3","rationale-based-provisional","⑤『流速が小さいほど慣性捕集効果が高い』は誤り。EPAは気液相対速度の増大により慣性衝突捕集が強まると説明。装置型式や粒径による条件差はある。","PASS","PASS","PASS","none","P2-explanation-driven","no","individual-semantic-content-review-pending","not-authorized","草稿と原題を精読して主知識・副知識の適切さを判定"
"R05-A-Q07-C1","R05-A-Q07","R05","A","DX-A01-008","触媒分解","8.4.2","single-source-tag-provisional","バナジウム系触媒でNOxとダイオキシン類を同時処理する事例。","PASS","PASS","PASS","none","P1-single-tag","no","individual-semantic-content-review-pending","not-authorized","草稿と原題を精読して主知識・副知識の適切さを判定"
"R05-A-Q07-C2","R05-A-Q07","R05","A","DX-A01-008","触媒分解","8.4.2","rationale-based-provisional","SVは空間速度であり、接触時間そのものではない。","PASS","PASS","PASS","none","P2-explanation-driven","no","individual-semantic-content-review-pending","not-authorized","草稿と原題を精読して主知識・副知識の適切さを判定"
"R05-A-Q07-C3","R05-A-Q07","R05","A","DX-A01-008","触媒分解","8.4.2","rationale-based-provisional","SV増加で接触時間が減り分解率低下。","PASS","PASS","PASS","none","P2-explanation-driven","no","individual-semantic-content-review-pending","not-authorized","草稿と原題を精読して主知識・副知識の適切さを判定"
"R05-A-Q07-C4","R05-A-Q07","R05","A","DX-A01-008","触媒分解","8.4.2","rationale-based-provisional","触媒量増加でSVが小さくなり分解率改善。","PASS","PASS","PASS","none","P2-explanation-driven","no","individual-semantic-content-review-pending","not-authorized","草稿と原題を精読して主知識・副知識の適切さを判定"
"R05-A-Q07-C5","R05-A-Q07","R05","A","DX-A01-008","触媒分解","8.4.2","single-source-tag-provisional","細孔閉塞・被毒・硫酸塩化等の失活要因。","PASS","PASS","PASS","none","P1-single-tag","no","individual-semantic-content-review-pending","not-authorized","草稿と原題を精読して主知識・副知識の適切さを判定"
"R05-A-Q08-C1","R05-A-Q08","R05","A","DX-A01-007","活性炭吸着","8.4.1","single-source-tag-provisional","炭素材料の微結晶構造と表面官能基。","PASS","PASS","PASS","none","P1-single-tag","no","individual-semantic-content-review-pending","not-authorized","草稿と原題を精読して主知識・副知識の適切さを判定"
"R05-A-Q08-C2","R05-A-Q08","R05","A","DX-A01-007","活性炭吸着","8.4.1","rationale-based-provisional","ヤシ殻活性炭はミクロ孔が発達し、マクロ孔が主体との説明は誤り。","PASS","PASS","PASS","none","P2-explanation-driven","no","individual-semantic-content-review-pending","not-authorized","草稿と原題を精読して主知識・副知識の適切さを判定"
"R05-A-Q08-C3","R05-A-Q08","R05","A","DX-A01-007","活性炭吸着","8.4.1","rationale-based-provisional","活性コークスは活性炭より比表面積が小さい傾向。","PASS","PASS","PASS","none","P2-explanation-driven","no","individual-semantic-content-review-pending","not-authorized","草稿と原題を精読して主知識・副知識の適切さを判定"
"R05-A-Q08-C5","R05-A-Q08","R05","A","DX-A01-007","活性炭吸着","8.4.1","rationale-based-provisional","ダイオキシン処理用の活性炭系吸着剤が存在する。","PASS","PASS","PASS","none","P2-explanation-driven","no","individual-semantic-content-review-pending","not-authorized","草稿と原題を精読して主知識・副知識の適切さを判定"
"R05-A-Q09-C1","R05-A-Q09","R05","A","DX-A01-007","活性炭吸着","8.4.1","single-source-tag-provisional","疎水性・水素結合・比較的弱い相互作用という組合せ。","PASS","PASS","PASS","none","P1-single-tag","no","individual-semantic-content-review-pending","not-authorized","草稿と原題を精読して主知識・副知識の適切さを判定"
"R05-A-Q09-C2","R05-A-Q09","R05","A","DX-A01-007","活性炭吸着","8.4.1","single-source-tag-provisional","共有結合を主とする説明は物理吸着と異なる。","PASS","PASS","PASS","none","P1-single-tag","no","individual-semantic-content-review-pending","not-authorized","草稿と原題を精読して主知識・副知識の適切さを判定"
"R05-A-Q09-C3","R05-A-Q09","R05","A","DX-A01-007","活性炭吸着","8.4.1","single-source-tag-provisional","相互作用が比較的強いとする表現が違う。","PASS","PASS","PASS","none","P1-single-tag","no","individual-semantic-content-review-pending","not-authorized","草稿と原題を精読して主知識・副知識の適切さを判定"
"R05-A-Q09-C4","R05-A-Q09","R05","A","DX-A01-007","活性炭吸着","8.4.1","single-source-tag-provisional","親水性・共有結合という組合せが違う。","PASS","PASS","PASS","none","P1-single-tag","no","individual-semantic-content-review-pending","not-authorized","草稿と原題を精読して主知識・副知識の適切さを判定"
"R05-A-Q09-C5","R05-A-Q09","R05","A","DX-A01-007","活性炭吸着","8.4.1","single-source-tag-provisional","表面を親水性とする部分が合わない。","PASS","PASS","PASS","none","P1-single-tag","yes","individual-semantic-content-review-pending","not-authorized","草稿と原題を精読して主知識・副知識の適切さを判定"
"R05-A-Q10-C1","R05-A-Q10","R05","A","DX-A02-014","銑鉄製造用の焼結鉱をつくる焼結炉（令別表第一第1号）","9.2.1","rationale-based-provisional","焼結工程の原料当たり排ガス量の典型値を問う。数値原典確認が必要。","PASS","PASS","PASS","none","P2-explanation-driven","no","individual-semantic-content-review-pending","not-authorized","草稿と原題を精読して主知識・副知識の適切さを判定"
"R05-A-Q10-C2","R05-A-Q10","R05","A","DX-A02-014","銑鉄製造用の焼結鉱をつくる焼結炉（令別表第一第1号）","9.2.1","single-source-tag-provisional","排ガスCO2の主要生成はコークス等燃料炭素の酸化。石灰石分解を主とするのは不適切。","PASS","PASS","PASS","none","P1-single-tag","no","individual-semantic-content-review-pending","not-authorized","草稿と原題を精読して主知識・副知識の適切さを判定"
"R05-A-Q10-C3","R05-A-Q10","R05","A","DX-A02-014","銑鉄製造用の焼結鉱をつくる焼結炉（令別表第一第1号）","9.2.1","single-source-tag-provisional","排ガス温度の変動パターンを問う。条件依存。","PASS","PASS","PASS","none","P1-single-tag","no","individual-semantic-content-review-pending","not-authorized","草稿と原題を精読して主知識・副知識の適切さを判定"
"R05-A-Q10-C4","R05-A-Q10","R05","A","DX-A02-014","銑鉄製造用の焼結鉱をつくる焼結炉（令別表第一第1号）","9.2.1","single-source-tag-provisional","焼成後半のダイオキシン濃度上昇パターンを問う。","PASS","PASS","PASS","none","P1-single-tag","no","individual-semantic-content-review-pending","not-authorized","草稿と原題を精読して主知識・副知識の適切さを判定"
"R05-A-Q10-C5","R05-A-Q10","R05","A","DX-A02-014","銑鉄製造用の焼結鉱をつくる焼結炉（令別表第一第1号）","9.2.1","rationale-based-provisional","焼結排ガスのPCDF/PCDDの組成比を問う。","PASS","PASS","PASS","none","P2-explanation-driven","no","individual-semantic-content-review-pending","not-authorized","草稿と原題を精読して主知識・副知識の適切さを判定"
"R05-A-Q11-C1","R05-A-Q11","R05","A","DX-A02-015","製鋼用電気炉（令別表第一第2号）","9.2.2","single-source-tag-provisional","設問のPCDD/PCDFの異性体組成に関する正答①。数値資料を後で確認。","PASS","PASS","PASS","none","P1-single-tag","no","individual-semantic-content-review-pending","not-authorized","草稿と原題を精読して主知識・副知識の適切さを判定"
"R05-A-Q11-C2","R05-A-Q11","R05","A","DX-A02-015","製鋼用電気炉（令別表第一第2号）","9.2.2","single-source-tag-provisional","スクラップ予熱の温度を800～1000℃と一般化できない。","PASS","PASS","PASS","none","P1-single-tag","no","individual-semantic-content-review-pending","not-authorized","草稿と原題を精読して主知識・副知識の適切さを判定"
"R05-A-Q11-C3","R05-A-Q11","R05","A","DX-A02-015","製鋼用電気炉（令別表第一第2号）","9.2.2","single-source-tag-provisional","電炉の排ガスはバッチ操業で大きく変動し得る。","PASS","PASS","PASS","none","P1-single-tag","no","individual-semantic-content-review-pending","not-authorized","草稿と原題を精読して主知識・副知識の適切さを判定"
"R05-A-Q11-C5","R05-A-Q11","R05","A","DX-A02-015","製鋼用電気炉（令別表第一第2号）","9.2.2","single-source-tag-provisional","集じん前ガス温度を上げるほど集じん後濃度が低下という一般化に注意。","PASS","PASS","PASS","none","P1-single-tag","no","individual-semantic-content-review-pending","not-authorized","草稿と原題を精読して主知識・副知識の適切さを判定"
"R05-A-Q12-C1","R05-A-Q12","R05","A","DX-A02-017","アルミニウムくずを原料とするアルミ合金製造（令別表第一第4号）","9.3.1","single-source-tag-provisional","Al合金の溶湯温度は原料・品種に依存するが約680～750℃は典型範囲。","PASS","PASS","PASS","none","P1-single-tag","no","individual-semantic-content-review-pending","not-authorized","草稿と原題を精読して主知識・副知識の適切さを判定"
"R05-A-Q12-C2","R05-A-Q12","R05","A","DX-A02-017","アルミニウムくずを原料とするアルミ合金製造（令別表第一第4号）","9.3.1","single-source-tag-provisional","ドロス分離・不純物除去にフラックス等を使用する。","PASS","PASS","PASS","none","P1-single-tag","no","individual-semantic-content-review-pending","not-authorized","草稿と原題を精読して主知識・副知識の適切さを判定"
"R05-A-Q12-C3","R05-A-Q12","R05","A","DX-A02-017","アルミニウムくずを原料とするアルミ合金製造（令別表第一第4号）","9.3.1","single-source-tag-provisional","フラックスは主に塩化物・フッ化物等であり水酸化物という説明が不適切。","PASS","PASS","PASS","none","P1-single-tag","no","individual-semantic-content-review-pending","not-authorized","草稿と原題を精読して主知識・副知識の適切さを判定"
"R05-A-Q12-C4","R05-A-Q12","R05","A","DX-A02-017","アルミニウムくずを原料とするアルミ合金製造（令別表第一第4号）","9.3.1","single-source-tag-provisional","塗料・樹脂・油の付いたスクラップは生成源管理の論点。","PASS","PASS","PASS","none","P1-single-tag","yes","individual-semantic-content-review-pending","not-authorized","草稿と原題を精読して主知識・副知識の適切さを判定"
"R05-A-Q12-C5","R05-A-Q12","R05","A","DX-A02-017","アルミニウムくずを原料とするアルミ合金製造（令別表第一第4号）","9.3.1","single-source-tag-provisional","炉燃料の油・ガスの選択肢を問う。","PASS","PASS","PASS","none","P1-single-tag","no","individual-semantic-content-review-pending","not-authorized","草稿と原題を精読して主知識・副知識の適切さを判定"
"R05-A-Q13-C4","R05-A-Q13","R05","A","DX-A03-004","沈殿・凝集","10.2.1","rationale-based-provisional","沈殿・ろ過・膜で懸濁態を除く。","PASS","PASS","PASS","none","P2-explanation-driven","no","individual-semantic-content-review-pending","not-authorized","草稿と原題を精読して主知識・副知識の適切さを判定"
"R05-A-Q14-C1","R05-A-Q14","R05","A","DX-A03-007","SS除去と負荷低減","10.3.1","topic-link-provisional","既存の生物処理で難分解性ダイオキシン類を効率よく分解するのは困難。","PASS","PASS","PASS","none","P1-broad-question-tag","no","individual-semantic-content-review-pending","not-authorized","草稿と原題を精読して主知識・副知識の適切さを判定"
"R05-A-Q14-C2","R05-A-Q14","R05","A","DX-A03-007","SS除去と負荷低減","10.3.1","topic-link-provisional","微生物を支持材表面に固定する生物膜法の定義。","PASS","PASS","PASS","none","P1-broad-question-tag","no","individual-semantic-content-review-pending","not-authorized","草稿と原題を精読して主知識・副知識の適切さを判定"
"R05-A-Q14-C3","R05-A-Q14","R05","A","DX-A03-007","SS除去と負荷低減","10.3.1","topic-link-provisional","嫌気消化は有機物のメタン・CO2への分解を伴う。","PASS","PASS","PASS","none","P1-broad-question-tag","no","individual-semantic-content-review-pending","not-authorized","草稿と原題を精読して主知識・副知識の適切さを判定"
"R05-A-Q14-C4","R05-A-Q14","R05","A","DX-A03-004","沈殿・凝集","10.2.1","rationale-based-provisional","活性汚泥法の二次沈殿による固液分離を表す。","PASS","PASS","PASS","none","P2-explanation-driven","no","individual-semantic-content-review-pending","not-authorized","草稿と原題を精読して主知識・副知識の適切さを判定"
"R05-A-Q14-C5","R05-A-Q14","R05","A","DX-A03-007","SS除去と負荷低減","10.3.1","topic-link-provisional","生物膜法の余剰汚泥が活性汚泥法より常に多いとの説明は不適切。","PASS","PASS","PASS","none","P1-broad-question-tag","yes","individual-semantic-content-review-pending","not-authorized","草稿と原題を精読して主知識・副知識の適切さを判定"
"R05-A-Q15-C1","R05-A-Q15","R05","A","DX-A04-012","クラフトパルプまたはサルファイトパルプの塩素系漂白（令別表第二第1号）","11.2.1","rationale-based-provisional","①1970年代に塩素系パルプ漂白とダイオキシン汚染の関係が懸念され始めたという歴史的説明。","PASS","PASS","PASS","none","P2-explanation-driven","yes","individual-semantic-content-review-pending","not-authorized","草稿と原題を精読して主知識・副知識の適切さを判定"
"R05-A-Q15-C2","R05-A-Q15","R05","A","DX-A04-001","パルプの塩素系漂白","11.2.1","single-source-tag-provisional","②スウェーデンの製紙工場周辺でダイオキシン類が調査された経緯は一般的な歴史叙述と一致する。","PASS","PASS","PASS","none","P1-single-tag","no","individual-semantic-content-review-pending","not-authorized","草稿と原題を精読して主知識・副知識の適切さを判定"
"R05-A-Q15-C4","R05-A-Q15","R05","A","DX-A04-012","クラフトパルプまたはサルファイトパルプの塩素系漂白（令別表第二第1号）","11.2.1","rationale-based-provisional","④国内では1996年からECF漂白の導入が進み、王子製紙の全クラフトパルプ工場（2006年）や日本製紙八代（2003年）、三菱製紙八戸主要2系列（2005年まで）、中越パルプ（2008～10年）など、2000年代に主要工場で転換が進んだ。2007年末に国内KP漂白工程のほとんどがECF化したとの経産省資料と整合。","PASS","PASS","PASS","none","P2-explanation-driven","no","individual-semantic-content-review-pending","not-authorized","草稿と原題を精読して主知識・副知識の適切さを判定"
"R05-A-Q15-C5","R05-A-Q15","R05","A","DX-A04-012","クラフトパルプまたはサルファイトパルプの塩素系漂白（令別表第二第1号）","11.2.1","rationale-based-provisional","⑤『2018年のさらしクラフトパルプの約85%』は試験上の誤り。2007年末には国内のほとんどのクラフトパルプ漂白工程がECF化し、王子製紙・日本製紙・三菱製紙・中越パルプの企業資料にも早期導入を確認。『85%』を記載した日本製紙連合会資料は2020年の設備基数ベースの予測であり2018年の生産量ベースの実績ではない。ただし、厳密な2018年ECF生産数量は","PASS","PASS","PASS","none","P2-explanation-driven","no","individual-semantic-content-review-pending","not-authorized","草稿と原題を精読して主知識・副知識の適切さを判定"
"R05-A-Q16-C1","R05-A-Q16","R05","A","DX-A04-013","カーバイド法アセチレン製造に伴う洗浄（令別表第二第2号）","11.2.2","rationale-based-provisional","①りん化水素はカルシウムカーバイド由来のアセチレン粗ガスに混じり得る不純物。","PASS","PASS","PASS","none","P2-explanation-driven","no","individual-semantic-content-review-pending","not-authorized","草稿と原題を精読して主知識・副知識の適切さを判定"
"R05-A-Q16-C2","R05-A-Q16","R05","A","DX-A04-013","カーバイド法アセチレン製造に伴う洗浄（令別表第二第2号）","11.2.2","rationale-based-provisional","②硫化水素も原料等に由来する粗アセチレンの不純成分の一つ。","PASS","PASS","PASS","none","P2-explanation-driven","no","individual-semantic-content-review-pending","not-authorized","草稿と原題を精読して主知識・副知識の適切さを判定"
"R05-A-Q16-C3","R05-A-Q16","R05","A","DX-A04-013","カーバイド法アセチレン製造に伴う洗浄（令別表第二第2号）","11.2.2","single-source-tag-provisional","③酸化洗浄塔はPH3/H2Sなどの不純物を反応させ除去する湿式処理設備。","PASS","PASS","PASS","none","P1-single-tag","no","individual-semantic-content-review-pending","not-authorized","草稿と原題を精読して主知識・副知識の適切さを判定"
"R05-A-Q16-C4","R05-A-Q16","R05","A","DX-A04-013","カーバイド法アセチレン製造に伴う洗浄（令別表第二第2号）","11.2.2","single-source-tag-provisional","④アルカリ洗浄塔は酸性成分などの除去に用いられる工程で、水洗と組み合わせられる。","PASS","PASS","PASS","none","P1-single-tag","no","individual-semantic-content-review-pending","not-authorized","草稿と原題を精読して主知識・副知識の適切さを判定"
"R05-A-Q16-C5","R05-A-Q16","R05","A","DX-A04-013","カーバイド法アセチレン製造に伴う洗浄（令別表第二第2号）","11.2.2","rationale-based-provisional","⑤試験上の訂正語は『酸化』ではなく『塩素化』。Kawamoto & Weber(2021)全文3.1節は、アセチレン合成中に生じた可能性のあるジベンゾフラン等の前駆体が、次亜塩素酸等による精製時に塩素化されPCDFなどを生成した、という異性体組成に基づく推定を明示。無置換ジベンゾフランは塩素を含まない。ただし前駆体すべてが無塩素と直接実証されたわけではなく、","PASS","PASS","PASS","none","P2-explanation-driven","no","individual-semantic-content-review-pending","not-authorized","草稿と原題を精読して主知識・副知識の適切さを判定"
"R05-A-Q17-C1","R05-A-Q17","R05","A","DX-A05-002","異性体別測定","12.1.2","topic-link-provisional","極微量成分の分離定量という特徴。","PASS","PASS","PASS","none","resolved-meaning-mismatch-pass38","no","corrected-primary-knowledge-id","not-authorized","意味上の誤リンクを修正。JEMAI公式2023原題PDFとの同一性、学習解説の著作権・編集品質を最終確認。"
"R05-A-Q17-C2","R05-A-Q17","R05","A","DX-A05-004","排ガス採取の原理","12.2.1","topic-link-provisional","サンプリングの事前計画・容器器具の洗浄等。","PASS","PASS","PASS","none","resolved-meaning-mismatch-pass38","no","corrected-primary-knowledge-id","not-authorized","意味上の誤リンクを修正。JEMAI公式2023原題PDFとの同一性、学習解説の著作権・編集品質を最終確認。"
"R05-A-Q17-C3","R05-A-Q17","R05","A","DX-A05-007","試料の前処理と抽出","12.3.1","rationale-based-provisional","抽出と精製による対象物質の分離。","PASS","PASS","PASS","none","semantic-source-checked-pass38","no","correct-primary-knowledge-with-scope","not-authorized","JEMCAのJIS K0311対応マニュアルで採取／抽出／GCMS／内標準を照合。JSA正本・JEMAI原題の一致は未確認。"
"R05-A-Q17-C4","R05-A-Q17","R05","A","DX-A05-011","HRGC/HRMS","12.4.2","rationale-based-provisional","高分解能GC/MSで異性体分離・質量分析・同位体比判定。","PASS","PASS","PASS","none","semantic-source-checked-pass38","no","correct-primary-knowledge-with-scope","not-authorized","JEMCAのJIS K0311対応マニュアルで採取／抽出／GCMS／内標準を照合。JSA正本・JEMAI原題の一致は未確認。"
"R05-A-Q17-C5","R05-A-Q17","R05","A","DX-A05-009","内標準物質の添加","12.3.3","topic-link-provisional","13C又は35Cl標識とするのは不適切。JISで用いる37Cl標識と混同している。","PASS","PASS","PASS","none","semantic-source-checked-pass38","no","correct-primary-knowledge-with-scope","not-authorized","JEMCAのJIS K0311対応マニュアルで採取／抽出／GCMS／内標準を照合。JSA正本・JEMAI原題の一致は未確認。"
"R05-A-Q18-C1","R05-A-Q18","R05","A","DX-A05-014","検出下限・定量下限","12.5.2","rationale-based-provisional","1m³では目標検出下限に届かない。","PASS","PASS","PASS","none","semantic-source-or-equation-reviewed-pass38","no","sample-volume-independent-recalculation","not-authorized","JEMCA2021版対応資料・公開複製試験問題で内容又は算式を点検。JSA正本／JEMAI公式原題の完全一致・最終掲載承認は未了。"
"R05-A-Q18-C2","R05-A-Q18","R05","A","DX-A05-014","検出下限・定量下限","12.5.2","rationale-based-provisional","2m³では必要採取量より不足。","PASS","PASS","PASS","none","semantic-source-or-equation-reviewed-pass38","no","sample-volume-independent-recalculation","not-authorized","JEMCA2021版対応資料・公開複製試験問題で内容又は算式を点検。JSA正本／JEMAI公式原題の完全一致・最終掲載承認は未了。"
"R05-A-Q18-C3","R05-A-Q18","R05","A","DX-A05-014","検出下限・定量下限","12.5.2","topic-link-provisional","3m³では不足。","PASS","PASS","PASS","none","semantic-source-or-equation-reviewed-pass38","no","sample-volume-independent-recalculation","not-authorized","JEMCA2021版対応資料・公開複製試験問題で内容又は算式を点検。JSA正本／JEMAI公式原題の完全一致・最終掲載承認は未了。"
"R05-A-Q18-C4","R05-A-Q18","R05","A","DX-A05-014","検出下限・定量下限","12.5.2","topic-link-provisional","全量換算4pg/1pg m^-3=4m³。","PASS","PASS","PASS","none","semantic-source-or-equation-reviewed-pass38","no","sample-volume-independent-recalculation","not-authorized","JEMCA2021版対応資料・公開複製試験問題で内容又は算式を点検。JSA正本／JEMAI公式原題の完全一致・最終掲載承認は未了。"
"R05-A-Q18-C5","R05-A-Q18","R05","A","DX-A05-014","検出下限・定量下限","12.5.2","topic-link-provisional","5m³なら満たすが最小量ではない。","PASS","PASS","PASS","none","semantic-source-or-equation-reviewed-pass38","no","sample-volume-independent-recalculation","not-authorized","JEMCA2021版対応資料・公開複製試験問題で内容又は算式を点検。JSA正本／JEMAI公式原題の完全一致・最終掲載承認は未了。"
"R05-A-Q19-C1","R05-A-Q19","R05","A","DX-A05-007","試料の前処理と抽出","12.3.1","single-source-tag-provisional","塩酸処理・残さの乾燥操作を問う。","PASS","PASS","PASS","none","P1-single-tag","no","individual-semantic-content-review-pending","not-authorized","草稿と原題を精読して主知識・副知識の適切さを判定"
"R05-A-Q19-C2","R05-A-Q19","R05","A","DX-A05-007","試料の前処理と抽出","12.3.1","rationale-based-provisional","ろ過材をソックスレー法等で抽出。","PASS","PASS","PASS","none","P2-explanation-driven","no","individual-semantic-content-review-pending","not-authorized","草稿と原題を精読して主知識・副知識の適切さを判定"
"R05-A-Q19-C3","R05-A-Q19","R05","A","DX-A05-007","試料の前処理と抽出","12.3.1","rationale-based-provisional","吸着材をソックスレー法等で抽出。","PASS","PASS","PASS","none","P2-explanation-driven","no","individual-semantic-content-review-pending","not-authorized","草稿と原題を精読して主知識・副知識の適切さを判定"
"R05-A-Q19-C4","R05-A-Q19","R05","A","DX-A05-007","試料の前処理と抽出","12.3.1","rationale-based-provisional","液体からの溶媒抽出条件を問う。","PASS","PASS","PASS","none","P2-explanation-driven","no","individual-semantic-content-review-pending","not-authorized","草稿と原題を精読して主知識・副知識の適切さを判定"
"R05-A-Q19-C5","R05-A-Q19","R05","A","DX-A05-007","試料の前処理と抽出","12.3.1","rationale-based-provisional","ジエチレングリコール等からの抽出量・溶媒と記述する条件が不適切。","PASS","PASS","PASS","none","P2-explanation-driven","no","individual-semantic-content-review-pending","not-authorized","草稿と原題を精読して主知識・副知識の適切さを判定"
"R05-A-Q20-C1","R05-A-Q20","R05","A","DX-A05-014","検出下限・定量下限","12.5.2","topic-link-provisional","0.0002pg/Lでは分取・検液の換算が不足。","PASS","PASS","PASS","none","P1-broad-question-tag","yes","individual-semantic-content-review-pending","not-authorized","草稿と原題を精読して主知識・副知識の適切さを判定"
"R05-A-Q20-C2","R05-A-Q20","R05","A","DX-A05-014","検出下限・定量下限","12.5.2","topic-link-provisional","0.01pg/Lは計算結果と違う。","PASS","PASS","PASS","none","P1-broad-question-tag","no","individual-semantic-content-review-pending","not-authorized","草稿と原題を精読して主知識・副知識の適切さを判定"
"R05-A-Q20-C3","R05-A-Q20","R05","A","DX-A05-014","検出下限・定量下限","12.5.2","topic-link-provisional","0.02pg/Lも換算結果と異なる。","PASS","PASS","PASS","none","P1-broad-question-tag","no","individual-semantic-content-review-pending","not-authorized","草稿と原題を精読して主知識・副知識の適切さを判定"
"R05-A-Q20-C4","R05-A-Q20","R05","A","DX-A05-014","検出下限・定量下限","12.5.2","rationale-based-provisional","検出下限0.08pg/Lが正しい。","PASS","PASS","PASS","none","P2-explanation-driven","no","individual-semantic-content-review-pending","not-authorized","草稿と原題を精読して主知識・副知識の適切さを判定"
"R05-A-Q20-C5","R05-A-Q20","R05","A","DX-A05-014","検出下限・定量下限","12.5.2","topic-link-provisional","0.1pg/Lは概算より高い。","PASS","PASS","PASS","none","P1-broad-question-tag","no","individual-semantic-content-review-pending","not-authorized","草稿と原題を精読して主知識・副知識の適切さを判定"
"R05-A-Q21-C1","R05-A-Q21","R05","A","DX-A05-009","内標準物質の添加","12.3.3","topic-link-provisional","60%にはならない。","PASS","PASS","PASS","none","semantic-source-or-equation-reviewed-pass38","no","internal-standard-recovery-equation-independently-recomputed","not-authorized","JEMCA2021版対応資料・公開複製試験問題で内容又は算式を点検。JSA正本／JEMAI公式原題の完全一致・最終掲載承認は未了。"
"R05-A-Q21-C2","R05-A-Q21","R05","A","DX-A05-009","内標準物質の添加","12.3.3","topic-link-provisional","70%にはならない。","PASS","PASS","PASS","none","semantic-source-or-equation-reviewed-pass38","no","internal-standard-recovery-equation-independently-recomputed","not-authorized","JEMCA2021版対応資料・公開複製試験問題で内容又は算式を点検。JSA正本／JEMAI公式原題の完全一致・最終掲載承認は未了。"
"R05-A-Q21-C3","R05-A-Q21","R05","A","DX-A05-009","内標準物質の添加","12.3.3","rationale-based-provisional","ピーク比5×内標準量500/相対感度1.040÷3000×100=80%程度。","PASS","PASS","PASS","none","semantic-source-or-equation-reviewed-pass38","no","internal-standard-recovery-equation-independently-recomputed","not-authorized","JEMCA2021版対応資料・公開複製試験問題で内容又は算式を点検。JSA正本／JEMAI公式原題の完全一致・最終掲載承認は未了。"
"R05-A-Q21-C4","R05-A-Q21","R05","A","DX-A05-009","内標準物質の添加","12.3.3","topic-link-provisional","90%は計算結果と異なる。","PASS","PASS","PASS","none","semantic-source-or-equation-reviewed-pass38","no","internal-standard-recovery-equation-independently-recomputed","not-authorized","JEMCA2021版対応資料・公開複製試験問題で内容又は算式を点検。JSA正本／JEMAI公式原題の完全一致・最終掲載承認は未了。"
"R05-A-Q21-C5","R05-A-Q21","R05","A","DX-A05-009","内標準物質の添加","12.3.3","topic-link-provisional","100%は計算結果と異なる。","PASS","PASS","PASS","none","semantic-source-or-equation-reviewed-pass38","yes","internal-standard-recovery-equation-independently-recomputed","not-authorized","JEMCA2021版対応資料・公開複製試験問題で内容又は算式を点検。JSA正本／JEMAI公式原題の完全一致・最終掲載承認は未了。"
"R05-A-Q22-C2","R05-A-Q22","R05","A","DX-A05-014","検出下限・定量下限","12.5.2","rationale-based-provisional","指定がある場合の検出下限値採用の扱い。適用条件確認が必要。","PASS","PASS","PASS","none","P2-explanation-driven","no","individual-semantic-content-review-pending","not-authorized","草稿と原題を精読して主知識・副知識の適切さを判定"
"R05-A-Q22-C3","R05-A-Q22","R05","A","DX-A05-014","検出下限・定量下限","12.5.2","rationale-based-provisional","検出下限の半分を使う場合の規定。","PASS","PASS","PASS","none","P2-explanation-driven","no","individual-semantic-content-review-pending","not-authorized","草稿と原題を精読して主知識・副知識の適切さを判定"
"R05-A-Q22-C4","R05-A-Q22","R05","A","DX-A05-015","未検出値の扱い","12.5.3","rationale-based-provisional","定量下限未満・検出下限以上を定量下限の半分に置き換える条件が不適切とされる。","PASS","PASS","PASS","none","P2-explanation-driven","yes","individual-semantic-content-review-pending","not-authorized","草稿と原題を精読して主知識・副知識の適切さを判定"
"R05-A-Q22-C5","R05-A-Q22","R05","A","DX-A05-015","未検出値の扱い","12.5.3","rationale-based-provisional","特に指定がない場合に未検出等をゼロとして計算する扱い。","PASS","PASS","PASS","none","P2-explanation-driven","no","individual-semantic-content-review-pending","not-authorized","草稿と原題を精読して主知識・副知識の適切さを判定"
"R05-A-Q23-C1","R05-A-Q23","R05","A","DX-A05-014","検出下限・定量下限","12.5.2","rationale-based-provisional","装置の検出下限は塩素置換数群等で上限管理。","PASS","PASS","PASS","none","semantic-source-or-equation-reviewed-pass38","no","JEMCA-2021-method-QA-definition-supported","not-authorized","JEMCA2021版対応資料・公開複製試験問題で内容又は算式を点検。JSA正本／JEMAI公式原題の完全一致・最終掲載承認は未了。"
"R05-A-Q23-C2","R05-A-Q23","R05","A","DX-A05-014","検出下限・定量下限","12.5.2","rationale-based-provisional","装置条件変更時に検出下限・定量下限を確認。","PASS","PASS","PASS","none","semantic-source-or-equation-reviewed-pass38","no","JEMCA-2021-method-QA-definition-supported","not-authorized","JEMCA2021版対応資料・公開複製試験問題で内容又は算式を点検。JSA正本／JEMAI公式原題の完全一致・最終掲載承認は未了。"
"R05-A-Q23-C3","R05-A-Q23","R05","A","DX-A05-014","検出下限・定量下限","12.5.2","rationale-based-provisional","方法検出下限は周期的な再評価が必要。","PASS","PASS","PASS","none","semantic-source-or-equation-reviewed-pass38","no","JEMCA-2021-method-QA-definition-supported","not-authorized","JEMCA2021版対応資料・公開複製試験問題で内容又は算式を点検。JSA正本／JEMAI公式原題の完全一致・最終掲載承認は未了。"
"R05-A-Q23-C4","R05-A-Q23","R05","A","DX-A05-014","検出下限・定量下限","12.5.2","topic-link-provisional","評価濃度の1/30以下とする要件が不適切。規格の正式規定を確認する。","PASS","PASS","PASS","none","resolved-Q23-detection-quantification-confusion-pass38","no","method-detection-not-quantification-threshold-error","not-authorized","JEMCA2021版対応資料・公開複製試験問題で内容又は算式を点検。JSA正本／JEMAI公式原題の完全一致・最終掲載承認は未了。"
"R05-A-Q23-C5","R05-A-Q23","R05","A","DX-A05-014","検出下限・定量下限","12.5.2","rationale-based-provisional","未検出ピークのノイズから検出下限を推定する考え方。","PASS","PASS","PASS","none","semantic-source-or-equation-reviewed-pass38","no","JEMCA-2021-method-QA-definition-supported","not-authorized","JEMCA2021版対応資料・公開複製試験問題で内容又は算式を点検。JSA正本／JEMAI公式原題の完全一致・最終掲載承認は未了。"
"R05-A-Q25-C1","R05-A-Q25","R05","A","DX-A05-016","ブランク・回収率","12.6.1","rationale-based-provisional","①同一試料から複数の測定試料を作り、同様に前処理・測定することは二重測定の手順。","PASS","PASS","PASS","none","P2-explanation-driven","no","individual-semantic-content-review-pending","not-authorized","草稿と原題を精読して主知識・副知識の適切さを判定"
"R05-A-Q25-C2","R05-A-Q25","R05","A","DX-A05-020","JIS K 0312:2020","12.7.2","rationale-based-provisional","②二重測定の判定対象が『検出下限以上』は誤り。JIS K0312:2020の非公式転載9.2.4は『定量下限以上』。二重測定は平均値±30%等を確認するが、JIS正本監査は残る。","PASS","PASS","PASS","none","P2-explanation-driven","no","individual-semantic-content-review-pending","not-authorized","草稿と原題を精読して主知識・副知識の適切さを判定"
"R05-A-Q25-C3","R05-A-Q25","R05","A","DX-A05-016","ブランク・回収率","12.6.1","topic-link-provisional","③二つ以上の測定値の平均値をとり、各測定値が平均からどの程度離れるかで精度を確認する。","PASS","PASS","PASS","none","P1-broad-question-tag","no","individual-semantic-content-review-pending","not-authorized","草稿と原題を精読して主知識・副知識の適切さを判定"
"R05-A-Q25-C4","R05-A-Q25","R05","A","DX-A05-016","ブランク・回収率","12.6.1","topic-link-provisional","④差が大きいときは原因究明・改善後の再測定が必要になる。","PASS","PASS","PASS","none","P1-broad-question-tag","no","individual-semantic-content-review-pending","not-authorized","草稿と原題を精読して主知識・副知識の適切さを判定"
"R05-A-Q25-C5","R05-A-Q25","R05","A","DX-A05-016","ブランク・回収率","12.6.1","rationale-based-provisional","⑤特段の規定がなければおおむね10試料に1回二重測定を実施するという頻度は規格と一致。","PASS","PASS","PASS","none","P2-explanation-driven","no","individual-semantic-content-review-pending","not-authorized","草稿と原題を精読して主知識・副知識の適切さを判定"
"R06-G-Q01-C1","R06-G-Q01","R06","G","DX-G01-007","大気環境基準","1.3.1","rationale-based-provisional","環境省告示による大気環境基準の適用除外は『工業専用地域』であり、一般の『工業地域』を一律除外しない。下線①が誤り。","PASS","PASS","PASS","none","P2-explanation-driven","no","individual-semantic-content-review-pending","not-authorized","草稿と原題を精読して主知識・副知識の適切さを判定"
"R06-G-Q01-C2","R06-G-Q01","R06","G","DX-G01-007","大気環境基準","1.3.1","rationale-based-provisional","車道など一般公衆が通常生活していない地域・場所は大気環境基準の適用除外であり、告示の趣旨に合う。","PASS","PASS","PASS","none","P2-explanation-driven","no","individual-semantic-content-review-pending","not-authorized","草稿と原題を精読して主知識・副知識の適切さを判定"
"R06-G-Q01-C3","R06-G-Q01","R06","G","DX-G01-008","水質環境基準と地下水","1.3.2","rationale-based-provisional","公共用水域と地下水に水質の環境基準を適用するのは正しい。地下水は飲用利用に限定されない。","PASS","PASS","PASS","none","P2-explanation-driven","no","individual-semantic-content-review-pending","not-authorized","草稿と原題を精読して主知識・副知識の適切さを判定"
"R06-G-Q01-C4","R06-G-Q01","R06","G","DX-G01-009","底質環境基準","1.3.3","rationale-based-provisional","公共用水域の水底の底質に環境基準を適用するのは告示の適用範囲と一致する。","PASS","PASS","PASS","none","P2-explanation-driven","no","individual-semantic-content-review-pending","not-authorized","草稿と原題を精読して主知識・副知識の適切さを判定"
"R06-G-Q01-C5","R06-G-Q01","R06","G","DX-G01-010","土壌環境基準と調査指標","1.3.4","rationale-based-provisional","外部から適切に区分された廃棄物埋立施設等に係る土壌は土壌環境基準の適用除外であり正しい。周辺一般土壌は含めない。","PASS","PASS","PASS","none","P2-explanation-driven","yes","individual-semantic-content-review-pending","not-authorized","草稿と原題を精読して主知識・副知識の適切さを判定"
"R06-G-Q02-C1","R06-G-Q02","R06","G","DX-G01-018","行政の報告徴収と立入検査","1.5.4","single-source-tag-provisional","環境大臣又は都道府県知事が報告・検査の権限主体である点は法第34条と整合する。","PASS","PASS","PASS","none","P1-single-tag","no","individual-semantic-content-review-pending","not-authorized","草稿と原題を精読して主知識・副知識の適切さを判定"
"R06-G-Q02-C2","R06-G-Q02","R06","G","DX-G01-018","行政の報告徴収と立入検査","1.5.4","single-source-tag-provisional","特定施設の使用方法は施行令第7条に掲げる報告事項に該当する。","PASS","PASS","PASS","none","P1-single-tag","no","individual-semantic-content-review-pending","not-authorized","草稿と原題を精読して主知識・副知識の適切さを判定"
"R06-G-Q02-C3","R06-G-Q02","R06","G","DX-G01-018","行政の報告徴収と立入検査","1.5.4","single-source-tag-provisional","排出ガス処理方法・排出ガス量・ダイオキシン類濃度は報告事項に含まれる。","PASS","PASS","PASS","none","P1-single-tag","yes","individual-semantic-content-review-pending","not-authorized","草稿と原題を精読して主知識・副知識の適切さを判定"
"R06-G-Q02-C4","R06-G-Q02","R06","G","DX-G01-016","計画変更命令等","1.5.2","rationale-based-provisional","事故の状況及び事故時の措置も報告対象となり得る。報告対象範囲と整合する。","PASS","PASS","PASS","none","P2-explanation-driven","no","individual-semantic-content-review-pending","not-authorized","草稿と原題を精読して主知識・副知識の適切さを判定"
"R06-G-Q02-C5","R06-G-Q02","R06","G","DX-G01-018","行政の報告徴収と立入検査","1.5.4","single-source-tag-provisional","法第34条第1項は報告を『求めることができる』という裁量的な権限規定。『求めなければならない』とする下線⑤は誤り。","PASS","PASS","PASS","none","P1-single-tag","no","individual-semantic-content-review-pending","not-authorized","草稿と原題を精読して主知識・副知識の適切さを判定"
"R06-G-Q03-C1","R06-G-Q03","R06","G","DX-G01-005","TDIの意味と値","1.2.2","single-source-tag-provisional","『人の活動／環境中／生涯／4』の組合せが対応する。","PASS","PASS","PASS","none","P1-single-tag","no","individual-semantic-content-review-pending","not-authorized","草稿と原題を精読して主知識・副知識の適切さを判定"
"R06-G-Q03-C2","R06-G-Q03","R06","G","DX-G01-005","TDIの意味と値","1.2.2","rationale-based-provisional","発生源や本来存在しない場所、TDIの値を取り違える。","PASS","PASS","PASS","none","P2-explanation-driven","no","individual-semantic-content-review-pending","not-authorized","草稿と原題を精読して主知識・副知識の適切さを判定"
"R06-G-Q03-C3","R06-G-Q03","R06","G","DX-G01-005","TDIの意味と値","1.2.2","rationale-based-provisional","TDIを生涯でなく50年間とするのは法の定義と違う。","PASS","PASS","PASS","none","P2-explanation-driven","no","individual-semantic-content-review-pending","not-authorized","草稿と原題を精読して主知識・副知識の適切さを判定"
"R06-G-Q03-C4","R06-G-Q03","R06","G","DX-G01-005","TDIの意味と値","1.2.2","single-source-tag-provisional","物の燃焼だけに発生源を限定しており法の表現と違う。","PASS","PASS","PASS","none","P1-single-tag","no","individual-semantic-content-review-pending","not-authorized","草稿と原題を精読して主知識・副知識の適切さを判定"
"R06-G-Q03-C5","R06-G-Q03","R06","G","DX-G01-005","TDIの意味と値","1.2.2","single-source-tag-provisional","人体内を本来存在しない場所として記し、年数・数値も異なる。","PASS","PASS","PASS","none","P1-single-tag","yes","individual-semantic-content-review-pending","not-authorized","草稿と原題を精読して主知識・副知識の適切さを判定"
"R06-G-Q04-C1","R06-G-Q04","R06","G","DX-G01-017","事業者測定・報告公表","1.5.3","single-source-tag-provisional","毎日1回以上は頻度が異なる。","PASS","PASS","PASS","none","P1-single-tag","no","individual-semantic-content-review-pending","not-authorized","草稿と原題を精読して主知識・副知識の適切さを判定"
"R06-G-Q04-C2","R06-G-Q04","R06","G","DX-G01-017","事業者測定・報告公表","1.5.3","single-source-tag-provisional","毎週1回以上は頻度が異なる。","PASS","PASS","PASS","none","P1-single-tag","no","individual-semantic-content-review-pending","not-authorized","草稿と原題を精読して主知識・副知識の適切さを判定"
"R06-G-Q04-C3","R06-G-Q04","R06","G","DX-G01-017","事業者測定・報告公表","1.5.3","single-source-tag-provisional","毎月1回以上は頻度が異なる。","PASS","PASS","PASS","none","P1-single-tag","no","individual-semantic-content-review-pending","not-authorized","草稿と原題を精読して主知識・副知識の適切さを判定"
"R06-G-Q04-C4","R06-G-Q04","R06","G","DX-G01-017","事業者測定・報告公表","1.5.3","single-source-tag-provisional","半年ごと1回以上という値を法定義務と混同している。","PASS","PASS","PASS","none","P1-single-tag","yes","individual-semantic-content-review-pending","not-authorized","草稿と原題を精読して主知識・副知識の適切さを判定"
"R06-G-Q04-C5","R06-G-Q04","R06","G","DX-G01-017","事業者測定・報告公表","1.5.3","single-source-tag-provisional","年1回以上という法定頻度が該当。","PASS","PASS","PASS","none","P1-single-tag","no","individual-semantic-content-review-pending","not-authorized","草稿と原題を精読して主知識・副知識の適切さを判定"
"R06-G-Q06-C1","R06-G-Q06","R06","G","DX-G02-001","化学物質事故と知見の蓄積","2.1.1","rationale-based-provisional","セベソが油症より先とするため誤り。","PASS","PASS","PASS","none","P2-explanation-driven","no","individual-semantic-content-review-pending","not-authorized","草稿と原題を精読して主知識・副知識の適切さを判定"
"R06-G-Q06-C2","R06-G-Q06","R06","G","DX-G02-001","化学物質事故と知見の蓄積","2.1.1","rationale-based-provisional","セベソが先で油症が最後となり時系列に合わない。","PASS","PASS","PASS","none","P2-explanation-driven","no","individual-semantic-content-review-pending","not-authorized","草稿と原題を精読して主知識・副知識の適切さを判定"
"R06-G-Q06-C3","R06-G-Q06","R06","G","DX-G02-001","化学物質事故と知見の蓄積","2.1.1","rationale-based-provisional","油症→セベソ→国内飛灰検出→スウェーデンの時系列に合う。","PASS","PASS","PASS","none","P2-explanation-driven","no","individual-semantic-content-review-pending","not-authorized","草稿と原題を精読して主知識・副知識の適切さを判定"
"R06-G-Q06-C4","R06-G-Q06","R06","G","DX-G02-001","化学物質事故と知見の蓄積","2.1.1","topic-link-provisional","国内飛灰検出をセベソ事故より前に置いている。","PASS","PASS","PASS","none","P1-broad-question-tag","yes","individual-semantic-content-review-pending","not-authorized","草稿と原題を精読して主知識・副知識の適切さを判定"
"R06-G-Q06-C5","R06-G-Q06","R06","G","DX-G02-001","化学物質事故と知見の蓄積","2.1.1","rationale-based-provisional","国内飛灰検出を油症より前に置いている。","PASS","PASS","PASS","none","P2-explanation-driven","no","individual-semantic-content-review-pending","not-authorized","草稿と原題を精読して主知識・副知識の適切さを判定"
"R06-G-Q07-C5","R06-G-Q07","R06","G","DX-G03-002","排出インベントリーの構成","3.1.2","rationale-based-provisional","電炉23.8＞アルミ二次精錬6.55＞焼結4.9 g-TEQ/年で正しい。","PASS","PASS","PASS","none","P2-explanation-driven","no","individual-semantic-content-review-pending","not-authorized","草稿と原題を精読して主知識・副知識の適切さを判定"
"R06-G-Q08-C1","R06-G-Q08","R06","G","DX-G03-002","排出インベントリーの構成","3.1.2","topic-link-provisional","産業廃棄物焼却施設は2021年の水系最大排出源ではない。","PASS","PASS","PASS","none","P1-broad-question-tag","no","individual-semantic-content-review-pending","not-authorized","草稿と原題を精読して主知識・副知識の適切さを判定"
"R06-G-Q09-C1","R06-G-Q09","R06","G","DX-G04-004","異性体・同族体の違い","4.2.1","rationale-based-provisional","PCDDは一～八塩素化の8同族体に整理できる。","PASS","PASS","PASS","none","P2-explanation-driven","yes","individual-semantic-content-review-pending","not-authorized","草稿と原題を精読して主知識・副知識の適切さを判定"
"R06-G-Q09-C2","R06-G-Q09","R06","G","DX-G04-004","異性体・同族体の違い","4.2.1","rationale-based-provisional","四塩素・三塩素・五塩素PCDDの異性体数の関係を問う。数値の標準資料を追認する。","PASS","PASS","PASS","none","P2-explanation-driven","no","individual-semantic-content-review-pending","not-authorized","草稿と原題を精読して主知識・副知識の適切さを判定"
"R06-G-Q10-C1","R06-G-Q10","R06","G","DX-G04-007","TEFの意味","4.3.1","rationale-based-provisional","HpCDDのTEFは低い。","PASS","PASS","PASS","none","P2-explanation-driven","no","individual-semantic-content-review-pending","not-authorized","草稿と原題を精読して主知識・副知識の適切さを判定"
"R06-G-Q10-C2","R06-G-Q10","R06","G","DX-G04-007","TEFの意味","4.3.1","rationale-based-provisional","特定PeCDFのTEFとノンオルトPCBとの比較。","PASS","PASS","PASS","none","P2-explanation-driven","no","individual-semantic-content-review-pending","not-authorized","草稿と原題を精読して主知識・副知識の適切さを判定"
"R06-G-Q10-C3","R06-G-Q10","R06","G","DX-G04-007","TEFの意味","4.3.1","rationale-based-provisional","HpCDFのTEFはPCB-126より小さい。","PASS","PASS","PASS","none","P2-explanation-driven","no","individual-semantic-content-review-pending","not-authorized","草稿と原題を精読して主知識・副知識の適切さを判定"
"R06-G-Q10-C4","R06-G-Q10","R06","G","DX-G04-007","TEFの意味","4.3.1","rationale-based-provisional","ノンオルトPCB-126は比較した化合物中で最大のTEF。","PASS","PASS","PASS","none","P2-explanation-driven","no","individual-semantic-content-review-pending","not-authorized","草稿と原題を精読して主知識・副知識の適切さを判定"
"R06-G-Q10-C5","R06-G-Q10","R06","G","DX-G04-007","TEFの意味","4.3.1","rationale-based-provisional","六塩素化ノンオルトPCBのTEFはPCB-126より低い。","PASS","PASS","PASS","none","P2-explanation-driven","no","individual-semantic-content-review-pending","not-authorized","草稿と原題を精読して主知識・副知識の適切さを判定"
"R06-G-Q11-C1","R06-G-Q11","R06","G","DX-G05-004","前駆体経由の生成","5.2.1","rationale-based-provisional","トリクロロベンゼンはフェノール性OHを持たず、原図に示された酸素架橋二つの縮合前駆体と一致しない。","PASS","PASS","PASS","none","P2-explanation-driven","no","individual-semantic-content-review-pending","not-authorized","草稿と原題を精読して主知識・副知識の適切さを判定"
"R06-G-Q11-C3","R06-G-Q11","R06","G","DX-G05-004","前駆体経由の生成","5.2.1","rationale-based-provisional","トリクロロフェノールはOH基を持つが、原図の生成物の塩素数・置換配置を説明できない。","PASS","PASS","PASS","none","P2-explanation-driven","no","individual-semantic-content-review-pending","not-authorized","草稿と原題を精読して主知識・副知識の適切さを判定"
"R06-G-Q11-C4","R06-G-Q11","R06","G","DX-G05-004","前駆体経由の生成","5.2.1","rationale-based-provisional","塩素置換数と酸素架橋の位置を原図から逆算すると、2,3,4,5-テトラクロロフェノールの縮合が対応する。正答④。","PASS","PASS","PASS","none","P2-explanation-driven","yes","individual-semantic-content-review-pending","not-authorized","草稿と原題を精読して主知識・副知識の適切さを判定"
"R06-G-Q11-C5","R06-G-Q11","R06","G","DX-G05-004","前駆体経由の生成","5.2.1","single-source-tag-provisional","テトラクロロビフェニルはOH基を持たず、原図の二分子フェノールの縮合による骨格生成とは異なる。","PASS","PASS","PASS","none","P1-single-tag","no","individual-semantic-content-review-pending","not-authorized","草稿と原題を精読して主知識・副知識の適切さを判定"
"R06-G-Q12-C1","R06-G-Q12","R06","G","DX-G05-005","de novo合成の概要","5.2.2","topic-link-provisional","PCB類を最多に置くため相違する。","PASS","PASS","PASS","none","P1-broad-question-tag","yes","individual-semantic-content-review-pending","not-authorized","草稿と原題を精読して主知識・副知識の適切さを判定"
"R06-G-Q12-C2","R06-G-Q12","R06","G","DX-G05-005","de novo合成の概要","5.2.2","topic-link-provisional","PCB類を最多に置くため相違する。","PASS","PASS","PASS","none","P1-broad-question-tag","yes","individual-semantic-content-review-pending","not-authorized","草稿と原題を精読して主知識・副知識の適切さを判定"
"R06-G-Q15-C1","R06-G-Q15","R06","G","DX-G01-007","大気環境基準","1.3.1","rationale-based-provisional","大気環境基準0.6pg-TEQ/m³。","PASS","PASS","PASS","none","P2-explanation-driven","no","individual-semantic-content-review-pending","not-authorized","草稿と原題を精読して主知識・副知識の適切さを判定"
"R06-G-Q15-C2","R06-G-Q15","R06","G","DX-G01-008","水質環境基準と地下水","1.3.2","rationale-based-provisional","水質環境基準1pg-TEQ/L。","PASS","PASS","PASS","none","P2-explanation-driven","no","individual-semantic-content-review-pending","not-authorized","草稿と原題を精読して主知識・副知識の適切さを判定"
"R06-G-Q15-C3","R06-G-Q15","R06","G","DX-G01-009","底質環境基準","1.3.3","rationale-based-provisional","底質150pg-TEQ/gであり250は誤り。","PASS","PASS","PASS","none","P2-explanation-driven","no","individual-semantic-content-review-pending","not-authorized","草稿と原題を精読して主知識・副知識の適切さを判定"
"R06-G-Q15-C4","R06-G-Q15","R06","G","DX-G01-010","土壌環境基準と調査指標","1.3.4","rationale-based-provisional","土壌1000pg-TEQ/g。","PASS","PASS","PASS","none","P2-explanation-driven","no","individual-semantic-content-review-pending","not-authorized","草稿と原題を精読して主知識・副知識の適切さを判定"
"R06-A-Q01-C1","R06-A-Q01","R06","A","DX-A01-001","燃焼温度と安定化","8.1.1","topic-link-provisional","燃料と酸素の発熱反応という定義の説明。","PASS","PASS","PASS","none","P1-broad-question-tag","no","individual-semantic-content-review-pending","not-authorized","草稿と原題を精読して主知識・副知識の適切さを判定"
"R06-A-Q01-C2","R06-A-Q01","R06","A","DX-A01-001","燃焼温度と安定化","8.1.1","topic-link-provisional","熱分解した揮発分が表面から離れ気相で燃える。","PASS","PASS","PASS","none","P1-broad-question-tag","no","individual-semantic-content-review-pending","not-authorized","草稿と原題を精読して主知識・副知識の適切さを判定"
"R06-A-Q01-C3","R06-A-Q01","R06","A","DX-A01-001","燃焼温度と安定化","8.1.1","topic-link-provisional","着火しない分解生成物を発するいぶり燃焼。","PASS","PASS","PASS","none","P1-broad-question-tag","no","individual-semantic-content-review-pending","not-authorized","草稿と原題を精読して主知識・副知識の適切さを判定"
"R06-A-Q01-C4","R06-A-Q01","R06","A","DX-A01-001","燃焼温度と安定化","8.1.1","topic-link-provisional","パラフィン系物質の蒸発燃焼を説明。","PASS","PASS","PASS","none","P1-broad-question-tag","no","individual-semantic-content-review-pending","not-authorized","草稿と原題を精読して主知識・副知識の適切さを判定"
"R06-A-Q01-C5","R06-A-Q01","R06","A","DX-A01-001","燃焼温度と安定化","8.1.1","rationale-based-provisional","一般廃棄物中のプラ・木質を表面燃焼のみとするのが不適切。","PASS","PASS","PASS","none","P2-explanation-driven","no","individual-semantic-content-review-pending","not-authorized","草稿と原題を精読して主知識・副知識の適切さを判定"
"R06-A-Q02-C1","R06-A-Q02","R06","A","DX-A01-001","燃焼温度と安定化","8.1.1","rationale-based-provisional","ストーカは合うが流動砂層を噴霧燃焼と取り違え。","PASS","PASS","PASS","none","P2-explanation-driven","no","individual-semantic-content-review-pending","not-authorized","草稿と原題を精読して主知識・副知識の適切さを判定"
"R06-A-Q02-C2","R06-A-Q02","R06","A","DX-A01-001","燃焼温度と安定化","8.1.1","rationale-based-provisional","ストーカと流動床の組合せが逆。","PASS","PASS","PASS","none","P2-explanation-driven","no","individual-semantic-content-review-pending","not-authorized","草稿と原題を精読して主知識・副知識の適切さを判定"
"R06-A-Q02-C3","R06-A-Q02","R06","A","DX-A01-001","燃焼温度と安定化","8.1.1","topic-link-provisional","噴霧燃焼を固定火格子としており不正確。","PASS","PASS","PASS","none","P1-broad-question-tag","no","individual-semantic-content-review-pending","not-authorized","草稿と原題を精読して主知識・副知識の適切さを判定"
"R06-A-Q02-C4","R06-A-Q02","R06","A","DX-A01-001","燃焼温度と安定化","8.1.1","rationale-based-provisional","ロータリーキルンを固定層火格子とするのが不正確。","PASS","PASS","PASS","none","P2-explanation-driven","no","individual-semantic-content-review-pending","not-authorized","草稿と原題を精読して主知識・副知識の適切さを判定"
"R06-A-Q02-C5","R06-A-Q02","R06","A","DX-A01-001","燃焼温度と安定化","8.1.1","rationale-based-provisional","ストーカ・流動層・ロータリーキルンの組合せが対応。","PASS","PASS","PASS","none","P2-explanation-driven","no","individual-semantic-content-review-pending","not-authorized","草稿と原題を精読して主知識・副知識の適切さを判定"
"R06-A-Q03-C1","R06-A-Q03","R06","A","DX-A01-001","燃焼温度と安定化","8.1.1","topic-link-provisional","燃料均一化で燃焼変動を抑える発想。","PASS","PASS","PASS","none","P1-broad-question-tag","no","individual-semantic-content-review-pending","not-authorized","草稿と原題を精読して主知識・副知識の適切さを判定"
"R06-A-Q03-C2","R06-A-Q03","R06","A","DX-A01-001","燃焼温度と安定化","8.1.1","topic-link-provisional","黒煙を出す不完全燃焼条件は生成抑制とは反対。","PASS","PASS","PASS","none","P1-broad-question-tag","yes","individual-semantic-content-review-pending","not-authorized","草稿と原題を精読して主知識・副知識の適切さを判定"
"R06-A-Q03-C3","R06-A-Q03","R06","A","DX-A01-004","排ガス急冷","8.2.1","rationale-based-provisional","排ガス急冷で再合成温度域の滞留を短くする。","PASS","PASS","PASS","none","P2-explanation-driven","no","individual-semantic-content-review-pending","not-authorized","草稿と原題を精読して主知識・副知識の適切さを判定"
"R06-A-Q03-C4","R06-A-Q03","R06","A","DX-A01-001","燃焼温度と安定化","8.1.1","topic-link-provisional","堆積ダストを減らして表面反応の場を減らす。","PASS","PASS","PASS","none","P1-broad-question-tag","no","individual-semantic-content-review-pending","not-authorized","草稿と原題を精読して主知識・副知識の適切さを判定"
"R06-A-Q03-C5","R06-A-Q03","R06","A","DX-A01-001","燃焼温度と安定化","8.1.1","topic-link-provisional","燃焼系の塩素原料を減らして生成機会を下げる。","PASS","PASS","PASS","none","P1-broad-question-tag","no","individual-semantic-content-review-pending","not-authorized","草稿と原題を精読して主知識・副知識の適切さを判定"
"R06-A-Q04-C1","R06-A-Q04","R06","A","DX-A01-017","集じん方式別の部分捕集効率曲線（電気・遠心・慣性・重力・ろ過）","8.3.3","rationale-based-provisional","図中アは小さい粒子まで高い効率を示す電気集じん装置の曲線で、サイクロンを割り当てる選択肢①は違う。","PASS","PASS","PASS","none","resolved-collector-comparison-pass33","no","reprint-page-image-visual-and-independent-public-technical-diagram-supported","not-authorized","公式JEMAI原題との同一性の照合と技術的・編集の最終QA。既存の公開HOLDは維持。"
"R06-A-Q04-C2","R06-A-Q04","R06","A","DX-A01-017","集じん方式別の部分捕集効率曲線（電気・遠心・慣性・重力・ろ過）","8.3.3","rationale-based-provisional","ア＝電気集じん、イ＝サイクロンは合うが、ウ＝慣性力とエ＝重力の順序が逆で図と整合しない。","PASS","PASS","PASS","none","resolved-collector-comparison-pass33","no","reprint-page-image-visual-and-independent-public-technical-diagram-supported","not-authorized","公式JEMAI原題との同一性の照合と技術的・編集の最終QA。既存の公開HOLDは維持。"
"R06-A-Q04-C3","R06-A-Q04","R06","A","DX-A01-017","集じん方式別の部分捕集効率曲線（電気・遠心・慣性・重力・ろ過）","8.3.3","rationale-based-provisional","アとイのサイクロン・電気集じんの位置が逆で、図中の分級効率の粒径依存と合わない。","PASS","PASS","PASS","none","resolved-collector-comparison-pass33","no","reprint-page-image-visual-and-independent-public-technical-diagram-supported","not-authorized","公式JEMAI原題との同一性の照合と技術的・編集の最終QA。既存の公開HOLDは維持。"
"R06-A-Q04-C4","R06-A-Q04","R06","A","DX-A01-017","集じん方式別の部分捕集効率曲線（電気・遠心・慣性・重力・ろ過）","8.3.3","rationale-based-provisional","原図のア＝電気集じん、イ＝サイクロン、ウ＝慣性力集じん、エ＝重力集じんの順序に一致する組合せ④が正しい。","PASS","PASS","PASS","none","resolved-collector-comparison-pass33","yes","reprint-page-image-visual-and-independent-public-technical-diagram-supported","not-authorized","公式JEMAI原題との同一性の照合と技術的・編集の最終QA。既存の公開HOLDは維持。"
"R06-A-Q04-C5","R06-A-Q04","R06","A","DX-A01-017","集じん方式別の部分捕集効率曲線（電気・遠心・慣性・重力・ろ過）","8.3.3","single-source-tag-provisional","アとイを逆にし、ウ・エの重力と慣性も逆。重力捕集は特に大粒径側で働きやすい。","PASS","PASS","PASS","none","resolved-collector-comparison-pass33","no","reprint-page-image-visual-and-independent-public-technical-diagram-supported","not-authorized","公式JEMAI原題との同一性の照合と技術的・編集の最終QA。既存の公開HOLDは維持。"
"R06-A-Q05-C1","R06-A-Q05","R06","A","DX-A01-006","バグフィルターと粒子除去","8.3.1","single-source-tag-provisional","圧損を差とする点が異なり、低下傾向も異なる。","PASS","PASS","PASS","none","P1-single-tag","no","individual-semantic-content-review-pending","not-authorized","草稿と原題を精読して主知識・副知識の適切さを判定"
"R06-A-Q05-C2","R06-A-Q05","R06","A","DX-A01-006","バグフィルターと粒子除去","8.3.1","rationale-based-provisional","圧損は和でろ過速度に比例し、空隙率増大で大幅低下。","PASS","PASS","PASS","none","P2-explanation-driven","no","individual-semantic-content-review-pending","not-authorized","草稿と原題を精読して主知識・副知識の適切さを判定"
"R06-A-Q05-C3","R06-A-Q05","R06","A","DX-A01-006","バグフィルターと粒子除去","8.3.1","single-source-tag-provisional","圧損を差、速度に反比例とする点が違う。","PASS","PASS","PASS","none","P1-single-tag","no","individual-semantic-content-review-pending","not-authorized","草稿と原題を精読して主知識・副知識の適切さを判定"
"R06-A-Q05-C4","R06-A-Q05","R06","A","DX-A01-006","バグフィルターと粒子除去","8.3.1","rationale-based-provisional","ろ過速度に反比例とする点が誤り。","PASS","PASS","PASS","none","P2-explanation-driven","no","individual-semantic-content-review-pending","not-authorized","草稿と原題を精読して主知識・副知識の適切さを判定"
"R06-A-Q05-C5","R06-A-Q05","R06","A","DX-A01-006","バグフィルターと粒子除去","8.3.1","single-source-tag-provisional","空隙率増大による圧損低下幅の説明が合わない。","PASS","PASS","PASS","none","P1-single-tag","yes","individual-semantic-content-review-pending","not-authorized","草稿と原題を精読して主知識・副知識の適切さを判定"
"R06-A-Q06-C1","R06-A-Q06","R06","A","DX-A01-006","バグフィルターと粒子除去","8.3.1","rationale-based-provisional","電気集じん効率は集じんダストの見掛け電気抵抗率の影響を受ける。下線①は妥当。","PASS","PASS","PASS","none","P2-explanation-driven","no","individual-semantic-content-review-pending","not-authorized","草稿と原題を精読して主知識・副知識の適切さを判定"
"R06-A-Q06-C2","R06-A-Q06","R06","A","DX-A01-006","バグフィルターと粒子除去","8.3.1","single-source-tag-provisional","SO3・水分・温度などの排ガス条件が粒子抵抗率に影響する点は正しい。","PASS","PASS","PASS","none","P1-single-tag","no","individual-semantic-content-review-pending","not-authorized","草稿と原題を精読して主知識・副知識の適切さを判定"
"R06-A-Q06-C3","R06-A-Q06","R06","A","DX-A01-006","バグフィルターと粒子除去","8.3.1","single-source-tag-provisional","100～200℃付近で抵抗率が高まるという典型例は妥当。ただし粒子組成や排ガス条件に依存し、一律の温度則ではない。","PASS","PASS","PASS","none","P1-single-tag","no","individual-semantic-content-review-pending","not-authorized","草稿と原題を精読して主知識・副知識の適切さを判定"
"R06-A-Q06-C4","R06-A-Q06","R06","A","DX-A01-006","バグフィルターと粒子除去","8.3.1","single-source-tag-provisional","抵抗率10²～10⁸Ω·m程度を良好な集じん性能の代表域とする説明は原題の区分と合う。","PASS","PASS","PASS","none","P1-single-tag","no","individual-semantic-content-review-pending","not-authorized","草稿と原題を精読して主知識・副知識の適切さを判定"
"R06-A-Q06-C5","R06-A-Q06","R06","A","DX-A01-006","バグフィルターと粒子除去","8.3.1","rationale-based-provisional","高抵抗ダストで典型的に発生するのは『逆電離』で、『異常再飛散』ではない。異常再飛散は低抵抗ダストの問題である。","PASS","PASS","PASS","none","P2-explanation-driven","no","individual-semantic-content-review-pending","not-authorized","草稿と原題を精読して主知識・副知識の適切さを判定"
"R06-A-Q07-C1","R06-A-Q07","R06","A","DX-A01-009","湿式洗浄の特性","8.3.3","rationale-based-provisional","湿式スクラバーではダストを液滴または液膜との接触によって捕集する。下線①は妥当。","PASS","PASS","PASS","none","P2-explanation-driven","no","individual-semantic-content-review-pending","not-authorized","草稿と原題を精読して主知識・副知識の適切さを判定"
"R06-A-Q07-C2","R06-A-Q07","R06","A","DX-A01-009","湿式洗浄の特性","8.3.3","single-source-tag-provisional","慣性力・重力による捕集は一般に大きな粒子で有利で、下線②は妥当。","PASS","PASS","PASS","none","P1-single-tag","no","individual-semantic-content-review-pending","not-authorized","草稿と原題を精読して主知識・副知識の適切さを判定"
"R06-A-Q07-C3","R06-A-Q07","R06","A","DX-A01-009","湿式洗浄の特性","8.3.3","rationale-based-provisional","慣性衝突は粒子と流体の相対速度が大きいほど進みやすい。下線③は一般的な傾向。","PASS","PASS","PASS","none","P2-explanation-driven","no","individual-semantic-content-review-pending","not-authorized","草稿と原題を精読して主知識・副知識の適切さを判定"
"R06-A-Q07-C4","R06-A-Q07","R06","A","DX-A01-009","湿式洗浄の特性","8.3.3","single-source-tag-provisional","重力沈降は流速を抑え滞留時間を確保するほど働きやすい。下線④は妥当。","PASS","PASS","PASS","none","P1-single-tag","no","individual-semantic-content-review-pending","not-authorized","草稿と原題を精読して主知識・副知識の適切さを判定"
"R06-A-Q07-C5","R06-A-Q07","R06","A","DX-A01-009","湿式洗浄の特性","8.3.3","single-source-tag-provisional","ブラウン拡散による捕集は微小粒子で重要だが、気流速度が速いほど常に有利とはいえない。下線⑤の流速依存が不適切。","PASS","PASS","PASS","none","P1-single-tag","no","individual-semantic-content-review-pending","not-authorized","草稿と原題を精読して主知識・副知識の適切さを判定"
"R06-A-Q08-C1","R06-A-Q08","R06","A","DX-A01-008","触媒分解","8.4.2","rationale-based-provisional","SV=ガス流量／触媒体積、増えると接触時間短縮・分解低下。","PASS","PASS","PASS","none","P2-explanation-driven","no","individual-semantic-content-review-pending","not-authorized","草稿と原題を精読して主知識・副知識の適切さを判定"
"R06-A-Q08-C2","R06-A-Q08","R06","A","DX-A01-008","触媒分解","8.4.2","single-source-tag-provisional","分母・分子に温度等の異なる量を入れると定義と合わない。","PASS","PASS","PASS","none","P1-single-tag","yes","individual-semantic-content-review-pending","not-authorized","草稿と原題を精読して主知識・副知識の適切さを判定"
"R06-A-Q08-C3","R06-A-Q08","R06","A","DX-A01-008","触媒分解","8.4.2","rationale-based-provisional","SVが大きいほど接触時間が長くなるという因果が逆。","PASS","PASS","PASS","none","P2-explanation-driven","no","individual-semantic-content-review-pending","not-authorized","草稿と原題を精読して主知識・副知識の適切さを判定"
"R06-A-Q08-C4","R06-A-Q08","R06","A","DX-A01-008","触媒分解","8.4.2","rationale-based-provisional","濃度÷流量はSVの単位を満たさない。","PASS","PASS","PASS","none","P2-explanation-driven","no","individual-semantic-content-review-pending","not-authorized","草稿と原題を精読して主知識・副知識の適切さを判定"
"R06-A-Q08-C5","R06-A-Q08","R06","A","DX-A01-008","触媒分解","8.4.2","rationale-based-provisional","濃度と温度だけではSVと接触時間の関係を表せない。","PASS","PASS","PASS","none","P2-explanation-driven","no","individual-semantic-content-review-pending","not-authorized","草稿と原題を精読して主知識・副知識の適切さを判定"
"R06-A-Q09-C1","R06-A-Q09","R06","A","DX-A01-007","活性炭吸着","8.4.1","topic-link-provisional","使用後の発火点を上昇とするのが逆。","PASS","PASS","PASS","none","P1-broad-question-tag","no","individual-semantic-content-review-pending","not-authorized","草稿と原題を精読して主知識・副知識の適切さを判定"
"R06-A-Q09-C2","R06-A-Q09","R06","A","DX-A01-007","活性炭吸着","8.4.1","topic-link-provisional","発火点低下・低流速域・CO差の増大の組合せ。","PASS","PASS","PASS","none","P1-broad-question-tag","no","individual-semantic-content-review-pending","not-authorized","草稿と原題を精読して主知識・副知識の適切さを判定"
"R06-A-Q09-C3","R06-A-Q09","R06","A","DX-A01-007","活性炭吸着","8.4.1","topic-link-provisional","流速条件は合うがCO濃度差の解釈が違う。","PASS","PASS","PASS","none","P1-broad-question-tag","no","individual-semantic-content-review-pending","not-authorized","草稿と原題を精読して主知識・副知識の適切さを判定"
"R06-A-Q09-C4","R06-A-Q09","R06","A","DX-A01-007","活性炭吸着","8.4.1","topic-link-provisional","発火点上昇と高流速の組合せが違う。","PASS","PASS","PASS","none","P1-broad-question-tag","no","individual-semantic-content-review-pending","not-authorized","草稿と原題を精読して主知識・副知識の適切さを判定"
"R06-A-Q09-C5","R06-A-Q09","R06","A","DX-A01-007","活性炭吸着","8.4.1","topic-link-provisional","流速条件が違い、滞留・熱蓄積のリスクを見落としている。","PASS","PASS","PASS","none","P1-broad-question-tag","no","individual-semantic-content-review-pending","not-authorized","草稿と原題を精読して主知識・副知識の適切さを判定"
"R06-A-Q10-C1","R06-A-Q10","R06","A","DX-A02-001","焼結炉","9.2.1","topic-link-provisional","原料塩素濃度と生成量の相関を問う。","PASS","PASS","PASS","none","P1-broad-question-tag","no","individual-semantic-content-review-pending","not-authorized","草稿と原題を精読して主知識・副知識の適切さを判定"
"R06-A-Q10-C2","R06-A-Q10","R06","A","DX-A02-014","銑鉄製造用の焼結鉱をつくる焼結炉（令別表第一第1号）","9.2.1","rationale-based-provisional","焼結工程でのSOxとダイオキシン濃度の経時パターンは研究値を要確認。","PASS","PASS","PASS","none","P2-explanation-driven","no","individual-semantic-content-review-pending","not-authorized","草稿と原題を精読して主知識・副知識の適切さを判定"
"R06-A-Q10-C3","R06-A-Q10","R06","A","DX-A02-001","焼結炉","9.2.1","topic-link-provisional","配合原料中の物質が単に揮発・再吸着するだけという説明は生成機構を無視。","PASS","PASS","PASS","none","P1-broad-question-tag","no","individual-semantic-content-review-pending","not-authorized","草稿と原題を精読して主知識・副知識の適切さを判定"
"R06-A-Q10-C4","R06-A-Q10","R06","A","DX-A02-014","銑鉄製造用の焼結鉱をつくる焼結炉（令別表第一第1号）","9.2.1","rationale-based-provisional","製品焼結鉱中への残留は少ないとの説明。","PASS","PASS","PASS","none","P2-explanation-driven","no","individual-semantic-content-review-pending","not-authorized","草稿と原題を精読して主知識・副知識の適切さを判定"
"R06-A-Q10-C5","R06-A-Q10","R06","A","DX-A02-001","焼結炉","9.2.1","topic-link-provisional","燃料中の成分と生成要因が関連する。","PASS","PASS","PASS","none","P1-broad-question-tag","no","individual-semantic-content-review-pending","not-authorized","草稿と原題を精読して主知識・副知識の適切さを判定"
"R06-A-Q11-C1","R06-A-Q11","R06","A","DX-A02-002","製鋼用電気炉","9.2.2","topic-link-provisional","電炉の排ガス温度・組成は操業中に変動する。","PASS","PASS","PASS","none","P1-broad-question-tag","no","individual-semantic-content-review-pending","not-authorized","草稿と原題を精読して主知識・副知識の適切さを判定"
"R06-A-Q11-C2","R06-A-Q11","R06","A","DX-A02-002","製鋼用電気炉","9.2.2","topic-link-provisional","直引・建屋の単独と合流方式の濃度序列を取り違えた。","PASS","PASS","PASS","none","P1-broad-question-tag","yes","individual-semantic-content-review-pending","not-authorized","草稿と原題を精読して主知識・副知識の適切さを判定"
"R06-A-Q11-C3","R06-A-Q11","R06","A","DX-A02-015","製鋼用電気炉（令別表第一第2号）","9.2.2","rationale-based-provisional","電炉排ガスの集じんは一般にバグフィルター。","PASS","PASS","PASS","none","P2-explanation-driven","no","individual-semantic-content-review-pending","not-authorized","草稿と原題を精読して主知識・副知識の適切さを判定"
"R06-A-Q11-C4","R06-A-Q11","R06","A","DX-A02-002","製鋼用電気炉","9.2.2","topic-link-provisional","ダストに鉄・亜鉛や塩素が含まれる。","PASS","PASS","PASS","none","P1-broad-question-tag","no","individual-semantic-content-review-pending","not-authorized","草稿と原題を精読して主知識・副知識の適切さを判定"
"R06-A-Q11-C5","R06-A-Q11","R06","A","DX-A02-002","製鋼用電気炉","9.2.2","topic-link-provisional","0.1～10μm級の微細なダストが発生する。","PASS","PASS","PASS","none","P1-broad-question-tag","no","individual-semantic-content-review-pending","not-authorized","草稿と原題を精読して主知識・副知識の適切さを判定"
"R06-A-Q12-C1","R06-A-Q12","R06","A","DX-A02-016","製鋼用電気炉の集じんダストからの亜鉛回収（令別表第一第3号）","9.2.3","rationale-based-provisional","コークス等の還元剤で亜鉛を還元して揮発させるのは電炉ダストの亜鉛回収方法の一つ。","PASS","PASS","PASS","none","P2-explanation-driven","no","individual-semantic-content-review-pending","not-authorized","草稿と原題を精読して主知識・副知識の適切さを判定"
"R06-A-Q12-C2","R06-A-Q12","R06","A","DX-A02-016","製鋼用電気炉の集じんダストからの亜鉛回収（令別表第一第3号）","9.2.3","rationale-based-provisional","溶鉱炉型の還元炉を用いる工程例もあり、還元揮発法の説明としては成立する。","PASS","PASS","PASS","none","P2-explanation-driven","no","individual-semantic-content-review-pending","not-authorized","草稿と原題を精読して主知識・副知識の適切さを判定"
"R06-A-Q12-C3","R06-A-Q12","R06","A","DX-A02-016","製鋼用電気炉の集じんダストからの亜鉛回収（令別表第一第3号）","9.2.3","rationale-based-provisional","ロータリーキルン（Waelz炉）は亜鉛含有ダストの還元揮発に用いられる代表的な炉。","PASS","PASS","PASS","none","P2-explanation-driven","no","individual-semantic-content-review-pending","not-authorized","草稿と原題を精読して主知識・副知識の適切さを判定"
"R06-A-Q12-C5","R06-A-Q12","R06","A","DX-A02-016","製鋼用電気炉の集じんダストからの亜鉛回収（令別表第一第3号）","9.2.3","single-source-tag-provisional","得られた粗酸化亜鉛は精製のうえ一次亜鉛製錬原料となり得る。下線⑤の回収経路は妥当。","PASS","PASS","PASS","none","P1-single-tag","no","individual-semantic-content-review-pending","not-authorized","草稿と原題を精読して主知識・副知識の適切さを判定"
"R06-A-Q13-C2","R06-A-Q13","R06","A","DX-A03-004","沈殿・凝集","10.2.1","rationale-based-provisional","懸濁態はSS除去と生物処理系の固液分離で減らせる。","PASS","PASS","PASS","none","P2-explanation-driven","no","individual-semantic-content-review-pending","not-authorized","草稿と原題を精読して主知識・副知識の適切さを判定"
"R06-A-Q13-C4","R06-A-Q13","R06","A","DX-A03-005","ろ過・膜分離","10.2.2","rationale-based-provisional","MFの孔径より小さい溶存態をそのまま除くとはいえない。","PASS","PASS","PASS","none","P2-explanation-driven","no","individual-semantic-content-review-pending","not-authorized","草稿と原題を精読して主知識・副知識の適切さを判定"
"R06-A-Q14-C1","R06-A-Q14","R06","A","DX-A03-005","ろ過・膜分離","10.2.2","rationale-based-provisional","図中ア＝精密ろ過（MF）、イ＝限外ろ過（UF）、ウ＝逆浸透（RO）、エ＝コロイド物質、オ＝溶解塩類と対応するのは①だけ。","PASS","PASS","PASS","none","P2-explanation-driven","no","individual-semantic-content-review-pending","not-authorized","草稿と原題を精読して主知識・副知識の適切さを判定"
"R06-A-Q14-C2","R06-A-Q14","R06","A","DX-A03-005","ろ過・膜分離","10.2.2","single-source-tag-provisional","膜の3区分は正しいが、エのコロイド物質とオの溶解塩類を入れ違えている。溶存イオンのほうが微細。","PASS","PASS","PASS","none","P1-single-tag","no","individual-semantic-content-review-pending","not-authorized","草稿と原題を精読して主知識・副知識の適切さを判定"
"R06-A-Q14-C3","R06-A-Q14","R06","A","DX-A03-005","ろ過・膜分離","10.2.2","single-source-tag-provisional","ア・イ・ウの膜の分離範囲が逆。逆浸透は溶解塩類を含む最も微細な分離を対象とする。","PASS","PASS","PASS","none","P1-single-tag","no","individual-semantic-content-review-pending","not-authorized","草稿と原題を精読して主知識・副知識の適切さを判定"
"R06-A-Q14-C4","R06-A-Q14","R06","A","DX-A03-005","ろ過・膜分離","10.2.2","single-source-tag-provisional","膜のア・イ・ウ配置が原図の分離範囲に合わず、コロイド・塩類の対応も逆である。","PASS","PASS","PASS","none","P1-single-tag","no","individual-semantic-content-review-pending","not-authorized","草稿と原題を精読して主知識・副知識の適切さを判定"
"R06-A-Q14-C5","R06-A-Q14","R06","A","DX-A03-005","ろ過・膜分離","10.2.2","single-source-tag-provisional","アを限外ろ過、イを精密ろ過とする点が図と逆。精密ろ過は限外ろ過より粗い領域を対象とする。","PASS","PASS","PASS","none","P1-single-tag","no","individual-semantic-content-review-pending","not-authorized","草稿と原題を精読して主知識・副知識の適切さを判定"
"R06-A-Q15-C3","R06-A-Q15","R06","A","DX-A04-017","塩化ビニルモノマー製造の二塩化エチレン洗浄（令別表第二第6号）","11.2.3","topic-link-provisional","触媒は合うが反応温度を高く設定しすぎている。","PASS","PASS","PASS","none","P1-broad-question-tag","no","individual-semantic-content-review-pending","not-authorized","草稿と原題を精読して主知識・副知識の適切さを判定"
"R06-A-Q15-C5","R06-A-Q15","R06","A","DX-A04-017","塩化ビニルモノマー製造の二塩化エチレン洗浄（令別表第二第6号）","11.2.3","topic-link-provisional","鉄酸化物を主触媒とする部分が違う。","PASS","PASS","PASS","none","P1-broad-question-tag","no","individual-semantic-content-review-pending","not-authorized","草稿と原題を精読して主知識・副知識の適切さを判定"
"R06-A-Q16-C1","R06-A-Q16","R06","A","DX-A04-019","クロロベンゼンまたはジクロロベンゼン製造（令別表第二第8号）","11.2.3","single-source-tag-provisional","鉄系触媒・比較的低温・異性体分布の偏りという組合せ。","PASS","PASS","PASS","none","P1-single-tag","no","individual-semantic-content-review-pending","not-authorized","草稿と原題を精読して主知識・副知識の適切さを判定"
"R06-A-Q16-C2","R06-A-Q16","R06","A","DX-A04-019","クロロベンゼンまたはジクロロベンゼン製造（令別表第二第8号）","11.2.3","single-source-tag-provisional","白金触媒・100℃超という設定が違う。","PASS","PASS","PASS","none","P1-single-tag","yes","individual-semantic-content-review-pending","not-authorized","草稿と原題を精読して主知識・副知識の適切さを判定"
"R06-A-Q16-C3","R06-A-Q16","R06","A","DX-A04-019","クロロベンゼンまたはジクロロベンゼン製造（令別表第二第8号）","11.2.3","single-source-tag-provisional","白金・低温・組成偏りなしという組合せが異なる。","PASS","PASS","PASS","none","P1-single-tag","no","individual-semantic-content-review-pending","not-authorized","草稿と原題を精読して主知識・副知識の適切さを判定"
"R06-A-Q16-C4","R06-A-Q16","R06","A","DX-A04-019","クロロベンゼンまたはジクロロベンゼン製造（令別表第二第8号）","11.2.3","single-source-tag-provisional","鉄系触媒は合うが反応温度が異なる。","PASS","PASS","PASS","none","P1-single-tag","no","individual-semantic-content-review-pending","not-authorized","草稿と原題を精読して主知識・副知識の適切さを判定"
"R06-A-Q16-C5","R06-A-Q16","R06","A","DX-A04-019","クロロベンゼンまたはジクロロベンゼン製造（令別表第二第8号）","11.2.3","single-source-tag-provisional","触媒・温度は合うが組成の偏りの有無が逆。","PASS","PASS","PASS","none","P1-single-tag","no","individual-semantic-content-review-pending","not-authorized","草稿と原題を精読して主知識・副知識の適切さを判定"
"R06-A-Q17-C1","R06-A-Q17","R06","A","DX-A05-014","検出下限・定量下限","12.5.2","rationale-based-provisional","1m³では換算検出下限が目標を満たさない。","PASS","PASS","PASS","none","P2-explanation-driven","yes","individual-semantic-content-review-pending","not-authorized","草稿と原題を精読して主知識・副知識の適切さを判定"
"R06-A-Q17-C2","R06-A-Q17","R06","A","DX-A05-014","検出下限・定量下限","12.5.2","rationale-based-provisional","2m³では換算検出下限が高い。","PASS","PASS","PASS","none","P2-explanation-driven","no","individual-semantic-content-review-pending","not-authorized","草稿と原題を精読して主知識・副知識の適切さを判定"
"R06-A-Q17-C3","R06-A-Q17","R06","A","DX-A05-014","検出下限・定量下限","12.5.2","topic-link-provisional","3.2pg÷0.8pg/m³＝4m³。","PASS","PASS","PASS","none","P1-broad-question-tag","no","individual-semantic-content-review-pending","not-authorized","草稿と原題を精読して主知識・副知識の適切さを判定"
"R06-A-Q17-C4","R06-A-Q17","R06","A","DX-A05-014","検出下限・定量下限","12.5.2","topic-link-provisional","8m³でも精度確保はできるが『最小』でない。","PASS","PASS","PASS","none","P1-broad-question-tag","no","individual-semantic-content-review-pending","not-authorized","草稿と原題を精読して主知識・副知識の適切さを判定"
"R06-A-Q17-C5","R06-A-Q17","R06","A","DX-A05-014","検出下限・定量下限","12.5.2","rationale-based-provisional","10m³も最小採取量ではない。","PASS","PASS","PASS","none","P2-explanation-driven","no","individual-semantic-content-review-pending","not-authorized","草稿と原題を精読して主知識・副知識の適切さを判定"
"R06-A-Q18-C1","R06-A-Q18","R06","A","DX-A05-008","精製・クリーンアップ","12.3.2","rationale-based-provisional","硫酸処理シリカゲルは多くのマトリックスや着色成分の除去。","PASS","PASS","PASS","none","P2-explanation-driven","no","individual-semantic-content-review-pending","not-authorized","草稿と原題を精読して主知識・副知識の適切さを判定"
"R06-A-Q18-C2","R06-A-Q18","R06","A","DX-A05-008","精製・クリーンアップ","12.3.2","rationale-based-provisional","多層シリカゲルは酸性・脂質・有機物等の幅広い妨害除去。","PASS","PASS","PASS","none","P2-explanation-driven","no","individual-semantic-content-review-pending","not-authorized","草稿と原題を精読して主知識・副知識の適切さを判定"
"R06-A-Q18-C3","R06-A-Q18","R06","A","DX-A05-008","精製・クリーンアップ","12.3.2","rationale-based-provisional","アルミナは極性等を利用した分離精製。","PASS","PASS","PASS","none","P2-explanation-driven","no","individual-semantic-content-review-pending","not-authorized","草稿と原題を精読して主知識・副知識の適切さを判定"
"R06-A-Q18-C5","R06-A-Q18","R06","A","DX-A05-008","精製・クリーンアップ","12.3.2","rationale-based-provisional","DMSO操作をPCDD・PCDFとDL-PCBの分離精製とする説明は不適切。","PASS","PASS","PASS","none","P2-explanation-driven","no","individual-semantic-content-review-pending","not-authorized","草稿と原題を精読して主知識・副知識の適切さを判定"
"R06-A-Q19-C1","R06-A-Q19","R06","A","DX-A05-011","HRGC/HRMS","12.4.2","rationale-based-provisional","キャピラリーGCと二重収束型の高分解能質量分析計を組み合わせるのはHRGC/HRMSの一般的構成。","PASS","PASS","PASS","none","P2-explanation-driven","no","individual-semantic-content-review-pending","not-authorized","草稿と原題を精読して主知識・副知識の適切さを判定"
"R06-A-Q19-C2","R06-A-Q19","R06","A","DX-A05-011","HRGC/HRMS","12.4.2","rationale-based-provisional","ロックマスには既知質量をもつ参照イオン源（例：PFK）を使う。検量線作成用標準試料をロックマス用に導入するという下線②は誤り。","PASS","PASS","PASS","none","P2-explanation-driven","no","individual-semantic-content-review-pending","not-authorized","草稿と原題を精読して主知識・副知識の適切さを判定"
"R06-A-Q19-C3","R06-A-Q19","R06","A","DX-A05-011","HRGC/HRMS","12.4.2","rationale-based-provisional","ロックマスの参照イオンで質量軸のドリフトを補正する考え方は正しい。","PASS","PASS","PASS","none","P2-explanation-driven","no","individual-semantic-content-review-pending","not-authorized","草稿と原題を精読して主知識・副知識の適切さを判定"
"R06-A-Q19-C4","R06-A-Q19","R06","A","DX-A05-011","HRGC/HRMS","12.4.2","rationale-based-provisional","選択イオンモニタリング（SIM）で対象の特性イオンを監視するのは一般的な測定方法。","PASS","PASS","PASS","none","P2-explanation-driven","no","individual-semantic-content-review-pending","not-authorized","草稿と原題を精読して主知識・副知識の適切さを判定"
"R06-A-Q19-C5","R06-A-Q19","R06","A","DX-A05-009","内標準物質の添加","12.3.3","rationale-based-provisional","保持時間と特性イオンの強度比から同定し、内標準物質との比較で定量する流れは妥当。","PASS","PASS","PASS","none","P2-explanation-driven","no","individual-semantic-content-review-pending","not-authorized","草稿と原題を精読して主知識・副知識の適切さを判定"
"R06-A-Q20-C1","R06-A-Q20","R06","A","DX-A05-009","内標準物質の添加","12.3.3","rationale-based-provisional","13C・37Clの同位体標識内標準を使う。","PASS","PASS","PASS","none","P2-explanation-driven","no","individual-semantic-content-review-pending","not-authorized","草稿と原題を精読して主知識・副知識の適切さを判定"
"R06-A-Q20-C2","R06-A-Q20","R06","A","DX-A05-009","内標準物質の添加","12.3.3","rationale-based-provisional","採取から抽出までを評価するサンプリングスパイク。","PASS","PASS","PASS","none","P2-explanation-driven","no","individual-semantic-content-review-pending","not-authorized","草稿と原題を精読して主知識・副知識の適切さを判定"
"R06-A-Q20-C3","R06-A-Q20","R06","A","DX-A05-008","精製・クリーンアップ","12.3.2","rationale-based-provisional","抽出・精製の損失補正用のクリーンアップスパイク。","PASS","PASS","PASS","none","P2-explanation-driven","no","individual-semantic-content-review-pending","not-authorized","草稿と原題を精読して主知識・副知識の適切さを判定"
"R06-A-Q20-C4","R06-A-Q20","R06","A","DX-A05-009","内標準物質の添加","12.3.3","rationale-based-provisional","注入確認用のシリンジスパイク。","PASS","PASS","PASS","none","P2-explanation-driven","no","individual-semantic-content-review-pending","not-authorized","草稿と原題を精読して主知識・副知識の適切さを判定"
"R06-A-Q20-C5","R06-A-Q20","R06","A","DX-A05-009","内標準物質の添加","12.3.3","rationale-based-provisional","シリンジ内標準のピーク面積60%を認める規定ではない。","PASS","PASS","PASS","none","P2-explanation-driven","no","individual-semantic-content-review-pending","not-authorized","草稿と原題を精読して主知識・副知識の適切さを判定"
"R06-A-Q21-C1","R06-A-Q21","R06","A","DX-A05-011","HRGC/HRMS","12.4.2","rationale-based-provisional","複数の特性イオンのピーク面積比を標準と比較する手順は、GC-MSでの同定に用いられる。","PASS","PASS","PASS","none","P2-explanation-driven","no","individual-semantic-content-review-pending","not-authorized","草稿と原題を精読して主知識・副知識の適切さを判定"
"R06-A-Q21-C2","R06-A-Q21","R06","A","DX-A05-011","HRGC/HRMS","12.4.2","rationale-based-provisional","同位体イオン強度比に大きく影響するのは塩素の35Clと37Clの天然存在比。『炭素原子の同位体存在比』とする下線②は誤り。","PASS","PASS","PASS","none","P2-explanation-driven","no","individual-semantic-content-review-pending","not-authorized","草稿と原題を精読して主知識・副知識の適切さを判定"
"R06-A-Q21-C3","R06-A-Q21","R06","A","DX-A05-011","HRGC/HRMS","12.4.2","rationale-based-provisional","理論同位体存在比から求めるイオン強度比と実測値を照合するのは適切。","PASS","PASS","PASS","none","P2-explanation-driven","no","individual-semantic-content-review-pending","not-authorized","草稿と原題を精読して主知識・副知識の適切さを判定"
"R06-A-Q21-C4","R06-A-Q21","R06","A","DX-A05-011","HRGC/HRMS","12.4.2","topic-link-provisional","±15%の許容幅は出題が前提とするJISの同定条件に沿うと考えられる。正式規格正本・適用版の独立照合は未了。","PASS","PASS","PASS","none","P1-broad-question-tag","no","individual-semantic-content-review-pending","not-authorized","草稿と原題を精読して主知識・副知識の適切さを判定"
"R06-A-Q21-C5","R06-A-Q21","R06","A","DX-A05-014","検出下限・定量下限","12.5.2","rationale-based-provisional","低濃度で±25%とする条件も出題の規格設定に合うと考えられるが、検出下限3倍の境界などは正式JIS正本の照合が必要。","PASS","PASS","PASS","none","P2-explanation-driven","yes","individual-semantic-content-review-pending","not-authorized","草稿と原題を精読して主知識・副知識の適切さを判定"
"R06-A-Q22-C1","R06-A-Q22","R06","A","DX-A05-009","内標準物質の添加","12.3.3","rationale-based-provisional","サンプリング内標準を定量の基準とする点が異なる。","PASS","PASS","PASS","none","P2-explanation-driven","no","individual-semantic-content-review-pending","not-authorized","草稿と原題を精読して主知識・副知識の適切さを判定"
"R06-A-Q22-C2","R06-A-Q22","R06","A","DX-A05-012","同位体希釈定量","12.4.3","topic-link-provisional","相対感度と添加量の分子分母を逆にしている。","PASS","PASS","PASS","none","P1-broad-question-tag","no","individual-semantic-content-review-pending","not-authorized","草稿と原題を精読して主知識・副知識の適切さを判定"
"R06-A-Q22-C3","R06-A-Q22","R06","A","DX-A05-008","精製・クリーンアップ","12.3.2","rationale-based-provisional","ピーク面積比×クリーンアップ内標準の添加量÷相対感度の形。","PASS","PASS","PASS","none","P2-explanation-driven","no","individual-semantic-content-review-pending","not-authorized","草稿と原題を精読して主知識・副知識の適切さを判定"
"R06-A-Q22-C4","R06-A-Q22","R06","A","DX-A05-009","内標準物質の添加","12.3.3","rationale-based-provisional","ピーク高さ・サンプリング内標準の使用が違う。","PASS","PASS","PASS","none","P2-explanation-driven","no","individual-semantic-content-review-pending","not-authorized","草稿と原題を精読して主知識・副知識の適切さを判定"
"R06-A-Q22-C5","R06-A-Q22","R06","A","DX-A05-012","同位体希釈定量","12.4.3","topic-link-provisional","ピーク高さ・添加量と相対感度の配置が異なる。","PASS","PASS","PASS","none","P1-broad-question-tag","no","individual-semantic-content-review-pending","not-authorized","草稿と原題を精読して主知識・副知識の適切さを判定"
"R06-A-Q23-C1","R06-A-Q23","R06","A","DX-A05-014","検出下限・定量下限","12.5.2","topic-link-provisional","実測濃度10/3に補正をせず3付近とするのは違う。","PASS","PASS","PASS","none","P1-broad-question-tag","no","individual-semantic-content-review-pending","not-authorized","草稿と原題を精読して主知識・副知識の適切さを判定"
"R06-A-Q23-C2","R06-A-Q23","R06","A","DX-A05-014","検出下限・定量下限","12.5.2","topic-link-provisional","補正比の計算で6にはならない。","PASS","PASS","PASS","none","P1-broad-question-tag","no","individual-semantic-content-review-pending","not-authorized","草稿と原題を精読して主知識・副知識の適切さを判定"
"R06-A-Q23-C3","R06-A-Q23","R06","A","DX-A05-014","検出下限・定量下限","12.5.2","topic-link-provisional","20はOsを20に上限処理した補正結果とは違う。","PASS","PASS","PASS","none","P1-broad-question-tag","yes","individual-semantic-content-review-pending","not-authorized","草稿と原題を精読して主知識・副知識の適切さを判定"
"R06-A-Q23-C4","R06-A-Q23","R06","A","DX-A05-014","検出下限・定量下限","12.5.2","topic-link-provisional","10/3×9/1＝30。20.5%は20%に読み替える。","PASS","PASS","PASS","none","P1-broad-question-tag","no","individual-semantic-content-review-pending","not-authorized","草稿と原題を精読して主知識・副知識の適切さを判定"
"R06-A-Q23-C5","R06-A-Q23","R06","A","DX-A05-003","単位と試料の換算","12.1.3","rationale-based-provisional","20.5%をそのまま使うと60になるが、JISの20%上限規則に反する。","PASS","PASS","PASS","none","P2-explanation-driven","no","individual-semantic-content-review-pending","not-authorized","草稿と原題を精読して主知識・副知識の適切さを判定"
"R06-A-Q24-C1","R06-A-Q24","R06","A","DX-A05-009","内標準物質の添加","12.3.3","rationale-based-provisional","比率と内標準添加量の換算結果は60%ではない。","PASS","PASS","PASS","none","P2-explanation-driven","no","individual-semantic-content-review-pending","not-authorized","草稿と原題を精読して主知識・副知識の適切さを判定"
"R06-A-Q24-C2","R06-A-Q24","R06","A","DX-A05-009","内標準物質の添加","12.3.3","topic-link-provisional","同様に70%ではない。","PASS","PASS","PASS","none","P1-broad-question-tag","no","individual-semantic-content-review-pending","not-authorized","草稿と原題を精読して主知識・副知識の適切さを判定"
"R06-A-Q24-C3","R06-A-Q24","R06","A","DX-A05-009","内標準物質の添加","12.3.3","rationale-based-provisional","回収率は80%。","PASS","PASS","PASS","none","P2-explanation-driven","no","individual-semantic-content-review-pending","not-authorized","草稿と原題を精読して主知識・副知識の適切さを判定"
"R06-A-Q24-C4","R06-A-Q24","R06","A","DX-A05-009","内標準物質の添加","12.3.3","topic-link-provisional","90%は式と一致しない。","PASS","PASS","PASS","none","P1-broad-question-tag","no","individual-semantic-content-review-pending","not-authorized","草稿と原題を精読して主知識・副知識の適切さを判定"
"R06-A-Q24-C5","R06-A-Q24","R06","A","DX-A05-009","内標準物質の添加","12.3.3","topic-link-provisional","100%は式と一致しない。","PASS","PASS","PASS","none","P1-broad-question-tag","no","individual-semantic-content-review-pending","not-authorized","草稿と原題を精読して主知識・副知識の適切さを判定"
"R06-A-Q25-C1","R06-A-Q25","R06","A","DX-A05-009","内標準物質の添加","12.3.3","rationale-based-provisional","サンプリングスパイク回収率70～130%の基準。","PASS","PASS","PASS","none","P2-explanation-driven","no","individual-semantic-content-review-pending","not-authorized","草稿と原題を精読して主知識・副知識の適切さを判定"
"R06-A-Q25-C2","R06-A-Q25","R06","A","DX-A05-008","精製・クリーンアップ","12.3.2","rationale-based-provisional","クリーンアップスパイク回収率50～120%の基準。","PASS","PASS","PASS","none","P2-explanation-driven","no","individual-semantic-content-review-pending","not-authorized","草稿と原題を精読して主知識・副知識の適切さを判定"
"R06-A-Q25-C3","R06-A-Q25","R06","A","DX-A05-016","ブランク・回収率","12.6.1","topic-link-provisional","機器DLの物質群ごとの上限条件。","PASS","PASS","PASS","none","P1-broad-question-tag","no","individual-semantic-content-review-pending","not-authorized","草稿と原題を精読して主知識・副知識の適切さを判定"
"R06-A-Q25-C4","R06-A-Q25","R06","A","DX-A05-016","ブランク・回収率","12.6.1","topic-link-provisional","試料DLが評価濃度の1/20以下との値は規格の要件と一致しない。","PASS","PASS","PASS","none","P1-broad-question-tag","no","individual-semantic-content-review-pending","not-authorized","草稿と原題を精読して主知識・副知識の適切さを判定"
"R06-A-Q25-C5","R06-A-Q25","R06","A","DX-A05-014","検出下限・定量下限","12.5.2","rationale-based-provisional","検出下限を一定周期で再評価する精度管理。","PASS","PASS","PASS","none","P2-explanation-driven","no","individual-semantic-content-review-pending","not-authorized","草稿と原題を精読して主知識・副知識の適切さを判定"
"R07-G-Q01-C4","R07-G-Q01","R07","G","DX-A05-002","異性体別測定","12.1.2","topic-link-provisional","PCDFおよびPCDDをまとめた名称の説明。","PASS","PASS","PASS","manual-context-check","corrected-in-pass30","yes","JEMAI-original-image-manual-link-corrected","not-authorized","年度適用版・原告示と教材説明のQAを別途完了"
"R07-G-Q01-C5","R07-G-Q01","R07","G","DX-A05-010","GCでの異性体分離","12.4.1","topic-link-provisional","異性体の分離には複数のキャピラリーカラムを用いる考え方がある。","PASS","PASS","PASS","manual-context-check","corrected-in-pass30","yes","JEMAI-original-image-manual-link-corrected","not-authorized","年度適用版・原告示と教材説明のQAを別途完了"
"R07-G-Q02-C1","R07-G-Q02","R07","G","DX-G01-011","大気基準適用施設","1.4.1","topic-link-provisional","高炉や中間処理施設とする例示、環境省令で指定するとする点が合わない。","PASS","PASS","PASS","none","P1-broad-question-tag","no","individual-semantic-content-review-pending","not-authorized","草稿と原題を精読して主知識・副知識の適切さを判定"
"R07-G-Q02-C5","R07-G-Q02","R07","G","DX-G01-011","大気基準適用施設","1.4.1","topic-link-provisional","高炉・中間処理施設の例示が法の表現と合わない。","PASS","PASS","PASS","none","P1-broad-question-tag","yes","individual-semantic-content-review-pending","not-authorized","草稿と原題を精読して主知識・副知識の適切さを判定"
"R07-G-Q03-C1","R07-G-Q03","R07","G","DX-G01-001","基本指針と特措法","1.1.1","topic-link-provisional","汚染の回復・財政的施策とする点が法第3条の文言と異なる。","PASS","PASS","PASS","none","P1-broad-question-tag","no","individual-semantic-content-review-pending","not-authorized","草稿と原題を精読して主知識・副知識の適切さを判定"
"R07-G-Q03-C2","R07-G-Q03","R07","G","DX-G01-001","基本指針と特措法","1.1.1","topic-link-provisional","体系的・財政的・環境的条件という組合せが法定文言と異なる。","PASS","PASS","PASS","none","P1-broad-question-tag","no","individual-semantic-content-review-pending","not-authorized","草稿と原題を精読して主知識・副知識の適切さを判定"
"R07-G-Q03-C3","R07-G-Q03","R07","G","DX-G01-001","基本指針と特措法","1.1.1","topic-link-provisional","基本的・総合的など一部が合うが回復という語が違う。","PASS","PASS","PASS","none","P1-broad-question-tag","no","individual-semantic-content-review-pending","not-authorized","草稿と原題を精読して主知識・副知識の適切さを判定"
"R07-G-Q03-C4","R07-G-Q03","R07","G","DX-G01-001","基本指針と特措法","1.1.1","topic-link-provisional","除去は合うが体系的・財政的・環境的条件が合わない。","PASS","PASS","PASS","none","P1-broad-question-tag","no","individual-semantic-content-review-pending","not-authorized","草稿と原題を精読して主知識・副知識の適切さを判定"
"R07-G-Q03-C5","R07-G-Q03","R07","G","DX-G01-001","基本指針と特措法","1.1.1","topic-link-provisional","汚染の除去、基本的かつ総合的、自然的社会的条件の組合せ。","PASS","PASS","PASS","none","P1-broad-question-tag","no","individual-semantic-content-review-pending","not-authorized","草稿と原題を精読して主知識・副知識の適切さを判定"
"R07-G-Q05-C1","R07-G-Q05","R07","G","DX-G01-024","公害防止管理者の管理する技術的事項（発生施設の点検と処理施設の補修）","1.5.3","single-source-tag-provisional","発生施設の排出ガス・排出水処理施設の操作・点検・補修は管理業務。","PASS","PASS","PASS","none","resolved-manager-duties-category-pass32","no","official-exam-text-and-statutory-duties-validated-2025-law-version-final-QA-pending","not-authorized","公式問5本文と施行規則6条7項2019時点の業務一覧を照合し意味的誤対応を訂正済み。2025年4月1日の法令適用版の最終比較と独立編集QAは保留。"
"R07-G-Q05-C2","R07-G-Q05","R07","G","DX-G01-024","公害防止管理者の管理する技術的事項（発生施設の点検と処理施設の補修）","1.5.3","single-source-tag-provisional","発生施設そのものの補修は、この管理者に列挙された業務ではない。","PASS","PASS","PASS","none","resolved-manager-duties-category-pass32","no","official-exam-text-and-statutory-duties-validated-2025-law-version-final-QA-pending","not-authorized","公式問5本文と施行規則6条7項2019時点の業務一覧を照合し意味的誤対応を訂正済み。2025年4月1日の法令適用版の最終比較と独立編集QAは保留。"
"R07-G-Q05-C3","R07-G-Q05","R07","G","DX-G01-024","公害防止管理者の管理する技術的事項（発生施設の点検と処理施設の補修）","1.5.3","single-source-tag-provisional","排出ガス・排出水中のダイオキシン量の測定と結果記録は管理業務。","PASS","PASS","PASS","none","resolved-manager-duties-category-pass32","yes","official-exam-text-and-statutory-duties-validated-2025-law-version-final-QA-pending","not-authorized","公式問5本文と施行規則6条7項2019時点の業務一覧を照合し意味的誤対応を訂正済み。2025年4月1日の法令適用版の最終比較と独立編集QAは保留。"
"R07-G-Q05-C4","R07-G-Q05","R07","G","DX-G01-024","公害防止管理者の管理する技術的事項（発生施設の点検と処理施設の補修）","1.5.3","single-source-tag-provisional","燃料・原材料の検査は管理業務として規定される。","PASS","PASS","PASS","none","resolved-manager-duties-category-pass32","no","official-exam-text-and-statutory-duties-validated-2025-law-version-final-QA-pending","not-authorized","公式問5本文と施行規則6条7項2019時点の業務一覧を照合し意味的誤対応を訂正済み。2025年4月1日の法令適用版の最終比較と独立編集QAは保留。"
"R07-G-Q05-C5","R07-G-Q05","R07","G","DX-G01-024","公害防止管理者の管理する技術的事項（発生施設の点検と処理施設の補修）","1.5.3","single-source-tag-provisional","測定機器の点検・補修は管理業務に含まれる。","PASS","PASS","PASS","none","resolved-manager-duties-category-pass32","no","official-exam-text-and-statutory-duties-validated-2025-law-version-final-QA-pending","not-authorized","公式問5本文と施行規則6条7項2019時点の業務一覧を照合し意味的誤対応を訂正済み。2025年4月1日の法令適用版の最終比較と独立編集QAは保留。"
"R07-G-Q06-C1","R07-G-Q06","R07","G","DX-G02-001","化学物質事故と知見の蓄積","2.1.1","single-source-tag-provisional","19世紀の塩素化ダイオキシン合成の歴史的知識を問う。","PASS","PASS","PASS","none","P1-single-tag","no","individual-semantic-content-review-pending","not-authorized","草稿と原題を精読して主知識・副知識の適切さを判定"
"R07-G-Q06-C2","R07-G-Q06","R07","G","DX-G02-001","化学物質事故と知見の蓄積","2.1.1","single-source-tag-provisional","戦時の塩素系除草剤に含まれた副生不純物を問う。","PASS","PASS","PASS","none","P1-single-tag","yes","individual-semantic-content-review-pending","not-authorized","草稿と原題を精読して主知識・副知識の適切さを判定"
"R07-G-Q06-C3","R07-G-Q06","R07","G","DX-G02-001","化学物質事故と知見の蓄積","2.1.1","rationale-based-provisional","油症事件の原因をPCDDとする説明が不適切。PCDF等の寄与を区別。","PASS","PASS","PASS","none","P2-explanation-driven","no","individual-semantic-content-review-pending","not-authorized","草稿と原題を精読して主知識・副知識の適切さを判定"
"R07-G-Q06-C4","R07-G-Q06","R07","G","DX-G02-001","化学物質事故と知見の蓄積","2.1.1","single-source-tag-provisional","セベソ工場事故の発生年代と放出推計量を問う。年代・量は歴史資料で再確認する。","PASS","PASS","PASS","none","P1-single-tag","no","individual-semantic-content-review-pending","not-authorized","草稿と原題を精読して主知識・副知識の適切さを判定"
"R07-G-Q06-C5","R07-G-Q06","R07","G","DX-G02-001","化学物質事故と知見の蓄積","2.1.1","single-source-tag-provisional","都市ごみ焼却飛灰からの検出史を問う。初期文献の年次を確認する。","PASS","PASS","PASS","none","P1-single-tag","no","individual-semantic-content-review-pending","not-authorized","草稿と原題を精読して主知識・副知識の適切さを判定"
"R07-G-Q08-C1","R07-G-Q08","R07","G","DX-G04-001","PCDDの基本骨格","4.1.1","rationale-based-provisional","PCDDの基本骨格は酸素でつながれた二芳香環。","PASS","PASS","PASS","none","P2-explanation-driven","no","individual-semantic-content-review-pending","not-authorized","草稿と原題を精読して主知識・副知識の適切さを判定"
"R07-G-Q08-C2","R07-G-Q08","R07","G","DX-G04-004","異性体・同族体の違い","4.2.1","rationale-based-provisional","塩素置換数の違いが同族体の分類。","PASS","PASS","PASS","none","P2-explanation-driven","yes","individual-semantic-content-review-pending","not-authorized","草稿と原題を精読して主知識・副知識の適切さを判定"
"R07-G-Q08-C3","R07-G-Q08","R07","G","DX-G04-004","異性体・同族体の違い","4.2.1","rationale-based-provisional","一～八塩素化物の8つの同族体という整理。","PASS","PASS","PASS","none","P2-explanation-driven","no","individual-semantic-content-review-pending","not-authorized","草稿と原題を精読して主知識・副知識の適切さを判定"
"R07-G-Q08-C4","R07-G-Q08","R07","G","DX-G04-003","DL-PCBの構造","4.1.3","topic-link-provisional","分子式が等しく位置が異なれば異性体。","PASS","PASS","PASS","none","P1-broad-question-tag","no","individual-semantic-content-review-pending","not-authorized","草稿と原題を精読して主知識・副知識の適切さを判定"
"R07-G-Q08-C5","R07-G-Q08","R07","G","DX-G04-006","非オルト・モノオルトPCB","4.2.3","rationale-based-provisional","モノオルトPCBもあるため全てオルト位無置換という説明は誤り。","PASS","PASS","PASS","none","P2-explanation-driven","no","individual-semantic-content-review-pending","not-authorized","草稿と原題を精読して主知識・副知識の適切さを判定"
"R07-G-Q09-C1","R07-G-Q09","R07","G","DX-G04-010","脂溶性と水への溶けにくさ","4.4.1","topic-link-provisional","TCDDの結晶性を述べたもの。","PASS","PASS","PASS","none","P1-broad-question-tag","no","individual-semantic-content-review-pending","not-authorized","草稿と原題を精読して主知識・副知識の適切さを判定"
"R07-G-Q09-C2","R07-G-Q09","R07","G","DX-G04-010","脂溶性と水への溶けにくさ","4.4.1","topic-link-provisional","水溶性が低く有機溶媒に親和性がある。","PASS","PASS","PASS","none","P1-broad-question-tag","yes","individual-semantic-content-review-pending","not-authorized","草稿と原題を精読して主知識・副知識の適切さを判定"
"R07-G-Q09-C3","R07-G-Q09","R07","G","DX-G04-010","脂溶性と水への溶けにくさ","4.4.1","topic-link-provisional","OCDDとOCDFの融点比較。物性表での追加照合が必要。","PASS","PASS","PASS","none","P1-broad-question-tag","no","individual-semantic-content-review-pending","not-authorized","草稿と原題を精読して主知識・副知識の適切さを判定"
"R07-G-Q09-C4","R07-G-Q09","R07","G","DX-G04-011","蒸気圧と粒子吸着","4.4.2","rationale-based-provisional","OCDDとOCDFの蒸気圧比較。物性表での追加照合が必要。","PASS","PASS","PASS","none","P2-explanation-driven","no","individual-semantic-content-review-pending","not-authorized","草稿と原題を精読して主知識・副知識の適切さを判定"
"R07-G-Q09-C5","R07-G-Q09","R07","G","DX-G04-011","蒸気圧と粒子吸着","4.4.2","rationale-based-provisional","Kowの大小と疎水性との関係を逆転させている。","PASS","PASS","PASS","none","P2-explanation-driven","no","individual-semantic-content-review-pending","not-authorized","草稿と原題を精読して主知識・副知識の適切さを判定"
"R07-G-Q10-C1","R07-G-Q10","R07","G","DX-G04-007","TEFの意味","4.3.1","rationale-based-provisional","TEFが設定されるPCDD/PCDF異性体の範囲。","PASS","PASS","PASS","none","P2-explanation-driven","no","individual-semantic-content-review-pending","not-authorized","草稿と原題を精読して主知識・副知識の適切さを判定"
"R07-G-Q10-C2","R07-G-Q10","R07","G","DX-G04-007","TEFの意味","4.3.1","rationale-based-provisional","2006年版では指定PeCDDとTCDDのTEFはともに1。","PASS","PASS","PASS","none","P2-explanation-driven","yes","individual-semantic-content-review-pending","not-authorized","草稿と原題を精読して主知識・副知識の適切さを判定"
"R07-G-Q10-C3","R07-G-Q10","R07","G","DX-G04-007","TEFの意味","4.3.1","rationale-based-provisional","OCDDのTEFはHpCDDより小さい。","PASS","PASS","PASS","none","P2-explanation-driven","no","individual-semantic-content-review-pending","not-authorized","草稿と原題を精読して主知識・副知識の適切さを判定"
"R07-G-Q10-C4","R07-G-Q10","R07","G","DX-G04-007","TEFの意味","4.3.1","rationale-based-provisional","モノオルト体のTEFがノンオルト体より大きいとはいえない。","PASS","PASS","PASS","none","P2-explanation-driven","no","individual-semantic-content-review-pending","not-authorized","草稿と原題を精読して主知識・副知識の適切さを判定"
"R07-G-Q10-C5","R07-G-Q10","R07","G","DX-G04-007","TEFの意味","4.3.1","rationale-based-provisional","TEF対象のPCDD7種、PCDF10種、DL-PCB12種は正しい。","PASS","PASS","PASS","none","P2-explanation-driven","no","individual-semantic-content-review-pending","not-authorized","草稿と原題を精読して主知識・副知識の適切さを判定"
"R07-G-Q11-C1","R07-G-Q11","R07","G","DX-G05-004","前駆体経由の生成","5.2.1","rationale-based-provisional","原料の2,4,5-トリクロロフェノール2分子の縮合生成物として2,3,7,8-TeCDDが対応する。","PASS","PASS","PASS","none","P2-explanation-driven","no","individual-semantic-content-review-pending","not-authorized","草稿と原題を精読して主知識・副知識の適切さを判定"
"R07-G-Q11-C2","R07-G-Q11","R07","G","DX-G05-004","前駆体経由の生成","5.2.1","single-source-tag-provisional","同じ四塩素化物でも生成物の塩素位置が原料の置換パターンから合わない。","PASS","PASS","PASS","none","P1-single-tag","no","individual-semantic-content-review-pending","not-authorized","草稿と原題を精読して主知識・副知識の適切さを判定"
"R07-G-Q11-C3","R07-G-Q11","R07","G","DX-G05-004","前駆体経由の生成","5.2.1","single-source-tag-provisional","五塩素化物をこの原料2分子から直接得る位置・塩素数の推定と一致しない。","PASS","PASS","PASS","none","P1-single-tag","yes","individual-semantic-content-review-pending","not-authorized","草稿と原題を精読して主知識・副知識の適切さを判定"
"R07-G-Q11-C4","R07-G-Q11","R07","G","DX-G05-004","前駆体経由の生成","5.2.1","single-source-tag-provisional","六塩素化物の塩素数は原料と縮合反応の生成物予測に合わない。","PASS","PASS","PASS","none","P1-single-tag","no","individual-semantic-content-review-pending","not-authorized","草稿と原題を精読して主知識・副知識の適切さを判定"
"R07-G-Q11-C5","R07-G-Q11","R07","G","DX-G05-004","前駆体経由の生成","5.2.1","rationale-based-provisional","PCB骨格は二つのベンゼン環が直接結合し、クロロフェノールの酸素架橋縮合で生じるPCDD骨格と異なる。","PASS","PASS","PASS","none","P2-explanation-driven","no","individual-semantic-content-review-pending","not-authorized","草稿と原題を精読して主知識・副知識の適切さを判定"
"R07-G-Q12-C1","R07-G-Q12","R07","G","DX-G05-008","塩素と金属触媒","5.3.3","rationale-based-provisional","燃焼過程に酸素と塩素源の関係があるという基本条件を問う。","PASS","PASS","PASS","none","P2-explanation-driven","yes","individual-semantic-content-review-pending","not-authorized","草稿と原題を精読して主知識・副知識の適切さを判定"
"R07-G-Q12-C2","R07-G-Q12","R07","G","DX-G05-008","塩素と金属触媒","5.3.3","topic-link-provisional","有機・無機塩素化合物から塩素ラジカルが供給され得る。","PASS","PASS","PASS","none","P1-broad-question-tag","no","individual-semantic-content-review-pending","not-authorized","草稿と原題を精読して主知識・副知識の適切さを判定"
"R07-G-Q12-C3","R07-G-Q12","R07","G","DX-G05-008","塩素と金属触媒","5.3.3","topic-link-provisional","NaClがCuClより塩素を離脱しやすいという関係が逆。","PASS","PASS","PASS","none","P1-broad-question-tag","no","individual-semantic-content-review-pending","not-authorized","草稿と原題を精読して主知識・副知識の適切さを判定"
"R07-G-Q12-C4","R07-G-Q12","R07","G","DX-G05-008","塩素と金属触媒","5.3.3","topic-link-provisional","NaCl等の生成寄与の序列は反応条件も含めて元資料確認が必要。","PASS","PASS","PASS","none","P1-broad-question-tag","no","individual-semantic-content-review-pending","not-authorized","草稿と原題を精読して主知識・副知識の適切さを判定"
"R07-G-Q12-C5","R07-G-Q12","R07","G","DX-G05-008","塩素と金属触媒","5.3.3","topic-link-provisional","温度と滞留時間が生成・分解に影響するという因果を問う。","PASS","PASS","PASS","none","P1-broad-question-tag","no","individual-semantic-content-review-pending","not-authorized","草稿と原題を精読して主知識・副知識の適切さを判定"
"R07-G-Q13-C1","R07-G-Q13","R07","G","DX-G05-005","de novo合成の概要","5.2.2","rationale-based-provisional","焼結や製鋼の高温プロセスでもde novo型生成を否定できない。","PASS","PASS","PASS","none","P2-explanation-driven","no","individual-semantic-content-review-pending","not-authorized","草稿と原題を精読して主知識・副知識の適切さを判定"
"R07-G-Q13-C2","R07-G-Q13","R07","G","DX-G05-002","工業プロセスと不純物","5.1.2","topic-link-provisional","農薬関連化学品の塩素化反応時にダイオキシン類が副生し得る。","PASS","PASS","PASS","none","P1-broad-question-tag","no","individual-semantic-content-review-pending","not-authorized","草稿と原題を精読して主知識・副知識の適切さを判定"
"R07-G-Q13-C5","R07-G-Q13","R07","G","DX-G05-002","工業プロセスと不純物","5.1.2","topic-link-provisional","ジベンゾフラン骨格の塩素化反応からPCDFが生じ得る。","PASS","PASS","PASS","none","P1-broad-question-tag","no","individual-semantic-content-review-pending","not-authorized","草稿と原題を精読して主知識・副知識の適切さを判定"
"R07-G-Q14-C1","R07-G-Q14","R07","G","DX-G02-001","化学物質事故と知見の蓄積","2.1.1","topic-link-provisional","①PCBの不燃性という性質は正しい。環境省の製造・用途の概説と矛盾せず、PCBが熱媒体などに用いられた理由の一つである。","PASS","PASS","PASS","none","P1-broad-question-tag","yes","individual-semantic-content-review-pending","not-authorized","草稿と原題を精読して主知識・副知識の適切さを判定"
"R07-G-Q14-C2","R07-G-Q14","R07","G","DX-G02-001","化学物質事故と知見の蓄積","2.1.1","topic-link-provisional","②高い電気絶縁性はPCBがトランス・コンデンサーの絶縁油に用いられた理由であり、環境省の用途資料で確認できる。","PASS","PASS","PASS","none","P1-broad-question-tag","no","individual-semantic-content-review-pending","not-authorized","草稿と原題を精読して主知識・副知識の適切さを判定"
"R07-G-Q14-C3","R07-G-Q14","R07","G","DX-G02-001","化学物質事故と知見の蓄積","2.1.1","rationale-based-provisional","③PCBは感圧複写紙にも使用された。環境省の用途別資料にも感圧紙向け数量が載っている。","PASS","PASS","PASS","none","P2-explanation-driven","no","individual-semantic-content-review-pending","not-authorized","草稿と原題を精読して主知識・副知識の適切さを判定"
"R07-G-Q14-C4","R07-G-Q14","R07","G","DX-G02-001","化学物質事故と知見の蓄積","2.1.1","topic-link-provisional","④全世界累計100万t以上はUNEPの推定100万～150万t、WHOの100万t超、および1972年EPAの当時の世界推定100万tと整合する。時点・推計法に差はあるため特定年までの確定実績値と断定しない。","PASS","PASS","PASS","none","P1-broad-question-tag","no","individual-semantic-content-review-pending","not-authorized","草稿と原題を精読して主知識・副知識の適切さを判定"
"R07-G-Q14-C5","R07-G-Q14","R07","G","DX-G02-001","化学物質事故と知見の蓄積","2.1.1","topic-link-provisional","⑤我が国の累積生産約15万tという値が誤り。環境省PCBパンフレットの国内生産58,787t（約5.9万t）に比べ約2.55倍であり、国内使用54,001tとも区別する。","PASS","PASS","PASS","none","P1-broad-question-tag","no","individual-semantic-content-review-pending","not-authorized","草稿と原題を精読して主知識・副知識の適切さを判定"
"R07-A-Q01-C1","R07-A-Q01","R07","A","DX-A01-001","燃焼温度と安定化","8.1.1","single-source-tag-provisional","固体燃料全般を蒸発燃焼と分解燃焼の組合せとするのは不正確。","PASS","PASS","PASS","none","P1-single-tag","no","individual-semantic-content-review-pending","not-authorized","草稿と原題を精読して主知識・副知識の適切さを判定"
"R07-A-Q01-C2","R07-A-Q01","R07","A","DX-A01-001","燃焼温度と安定化","8.1.1","rationale-based-provisional","揮発分の分解燃焼と残渣の表面燃焼、廃棄物の揮発分の多さが対応。","PASS","PASS","PASS","none","P2-explanation-driven","no","individual-semantic-content-review-pending","not-authorized","草稿と原題を精読して主知識・副知識の適切さを判定"
"R07-A-Q01-C3","R07-A-Q01","R07","A","DX-A01-001","燃焼温度と安定化","8.1.1","rationale-based-provisional","主燃焼を表面燃焼とする点で固体燃料の熱分解を捉え損ねる。","PASS","PASS","PASS","none","P2-explanation-driven","no","individual-semantic-content-review-pending","not-authorized","草稿と原題を精読して主知識・副知識の適切さを判定"
"R07-A-Q01-C4","R07-A-Q01","R07","A","DX-A01-001","燃焼温度と安定化","8.1.1","single-source-tag-provisional","揮発分の発生による分解燃焼を欠き、組合せが異なる。","PASS","PASS","PASS","none","P1-single-tag","no","individual-semantic-content-review-pending","not-authorized","草稿と原題を精読して主知識・副知識の適切さを判定"
"R07-A-Q01-C5","R07-A-Q01","R07","A","DX-A01-001","燃焼温度と安定化","8.1.1","single-source-tag-provisional","燃焼方式は合うが一般廃棄物の揮発分を少ないとする点が逆。","PASS","PASS","PASS","none","P1-single-tag","no","individual-semantic-content-review-pending","not-authorized","草稿と原題を精読して主知識・副知識の適切さを判定"
"R07-A-Q02-C1","R07-A-Q02","R07","A","DX-A01-001","燃焼温度と安定化","8.1.1","rationale-based-provisional","移動火格子・砂層・噴霧供給がストーカ・流動床・噴霧燃焼に対応。","PASS","PASS","PASS","none","P2-explanation-driven","no","individual-semantic-content-review-pending","not-authorized","草稿と原題を精読して主知識・副知識の適切さを判定"
"R07-A-Q02-C2","R07-A-Q02","R07","A","DX-A01-001","燃焼温度と安定化","8.1.1","rationale-based-provisional","ストーカと流動床、噴霧の説明の割付けが異なる。","PASS","PASS","PASS","none","P2-explanation-driven","no","individual-semantic-content-review-pending","not-authorized","草稿と原題を精読して主知識・副知識の適切さを判定"
"R07-A-Q02-C3","R07-A-Q02","R07","A","DX-A01-001","燃焼温度と安定化","8.1.1","topic-link-provisional","砂層と火格子を取り違えた割付けになる。","PASS","PASS","PASS","none","P1-broad-question-tag","no","individual-semantic-content-review-pending","not-authorized","草稿と原題を精読して主知識・副知識の適切さを判定"
"R07-A-Q02-C4","R07-A-Q02","R07","A","DX-A01-001","燃焼温度と安定化","8.1.1","rationale-based-provisional","微粉吹込みをストーカ燃焼とする割付けが誤り。","PASS","PASS","PASS","none","P2-explanation-driven","no","individual-semantic-content-review-pending","not-authorized","草稿と原題を精読して主知識・副知識の適切さを判定"
"R07-A-Q02-C5","R07-A-Q02","R07","A","DX-A01-001","燃焼温度と安定化","8.1.1","rationale-based-provisional","ストーカは合うが流動床と噴霧の組合せが逆。","PASS","PASS","PASS","none","P2-explanation-driven","no","individual-semantic-content-review-pending","not-authorized","草稿と原題を精読して主知識・副知識の適切さを判定"
"R07-A-Q03-C1","R07-A-Q03","R07","A","DX-A01-014","起動停止や異常時対応","8.6.3","topic-link-provisional","可燃性ガスの安全対策としての不活性ガスパージ。","PASS","PASS","PASS","none","P1-broad-question-tag","no","individual-semantic-content-review-pending","not-authorized","草稿と原題を精読して主知識・副知識の適切さを判定"
"R07-A-Q03-C2","R07-A-Q03","R07","A","DX-A01-014","起動停止や異常時対応","8.6.3","topic-link-provisional","酸露点以下だと酸性凝縮液による腐食のおそれ。","PASS","PASS","PASS","none","P1-broad-question-tag","no","individual-semantic-content-review-pending","not-authorized","草稿と原題を精読して主知識・副知識の適切さを判定"
"R07-A-Q03-C3","R07-A-Q03","R07","A","DX-A01-014","起動停止や異常時対応","8.6.3","topic-link-provisional","爆発口で異常圧力を逃す安全設計。","PASS","PASS","PASS","none","P1-broad-question-tag","no","individual-semantic-content-review-pending","not-authorized","草稿と原題を精読して主知識・副知識の適切さを判定"
"R07-A-Q03-C4","R07-A-Q03","R07","A","DX-A01-014","起動停止や異常時対応","8.6.3","topic-link-provisional","煙道・集じん室への漏入空気を抑制する。","PASS","PASS","PASS","none","P1-broad-question-tag","no","individual-semantic-content-review-pending","not-authorized","草稿と原題を精読して主知識・副知識の適切さを判定"
"R07-A-Q03-C5","R07-A-Q03","R07","A","DX-A01-014","起動停止や異常時対応","8.6.3","topic-link-provisional","導電性繊維と接地で静電気を抑える。","PASS","PASS","PASS","none","P1-broad-question-tag","no","individual-semantic-content-review-pending","not-authorized","草稿と原題を精読して主知識・副知識の適切さを判定"
"R07-A-Q04-C2","R07-A-Q04","R07","A","DX-A01-007","活性炭吸着","8.4.1","rationale-based-provisional","粉末活性炭の吹込みで吸着除去する。","PASS","PASS","PASS","none","P2-explanation-driven","no","individual-semantic-content-review-pending","not-authorized","草稿と原題を精読して主知識・副知識の適切さを判定"
"R07-A-Q05-C1","R07-A-Q05","R07","A","DX-A01-006","バグフィルターと粒子除去","8.3.1","rationale-based-provisional","微細粒子の高効率捕集という電気集じんの特徴を述べる。","PASS","PASS","PASS","none","P2-explanation-driven","no","individual-semantic-content-review-pending","not-authorized","草稿と原題を精読して主知識・副知識の適切さを判定"
"R07-A-Q05-C2","R07-A-Q05","R07","A","DX-A01-006","バグフィルターと粒子除去","8.3.1","rationale-based-provisional","圧力損失が小さいことは電気集じんの特徴。","PASS","PASS","PASS","none","P2-explanation-driven","yes","individual-semantic-content-review-pending","not-authorized","草稿と原題を精読して主知識・副知識の適切さを判定"
"R07-A-Q05-C3","R07-A-Q05","R07","A","DX-A01-006","バグフィルターと粒子除去","8.3.1","rationale-based-provisional","高抵抗ダストの障害を跳躍で説明している。逆電離等との区別が必要。","PASS","PASS","PASS","none","P2-explanation-driven","no","individual-semantic-content-review-pending","not-authorized","草稿と原題を精読して主知識・副知識の適切さを判定"
"R07-A-Q05-C4","R07-A-Q05","R07","A","DX-A01-006","バグフィルターと粒子除去","8.3.1","rationale-based-provisional","つち打ちによる再飛散は乾式電気集じんの運転課題。","PASS","PASS","PASS","none","P2-explanation-driven","no","individual-semantic-content-review-pending","not-authorized","草稿と原題を精読して主知識・副知識の適切さを判定"
"R07-A-Q05-C5","R07-A-Q05","R07","A","DX-A01-006","バグフィルターと粒子除去","8.3.1","single-source-tag-provisional","可燃性・爆発性混合気は電気放電着火の危険がある。","PASS","PASS","PASS","none","P1-single-tag","no","individual-semantic-content-review-pending","not-authorized","草稿と原題を精読して主知識・副知識の適切さを判定"
"R07-A-Q06-C1","R07-A-Q06","R07","A","DX-A01-007","活性炭吸着","8.4.1","single-source-tag-provisional","ファンデルワールス力は物理吸着の一要因。","PASS","PASS","PASS","none","P1-single-tag","yes","individual-semantic-content-review-pending","not-authorized","草稿と原題を精読して主知識・副知識の適切さを判定"
"R07-A-Q06-C2","R07-A-Q06","R07","A","DX-A01-007","活性炭吸着","8.4.1","single-source-tag-provisional","発熱吸着の平衡は一般に低温が有利。","PASS","PASS","PASS","none","P1-single-tag","no","individual-semantic-content-review-pending","not-authorized","草稿と原題を精読して主知識・副知識の適切さを判定"
"R07-A-Q06-C3","R07-A-Q06","R07","A","DX-A01-007","活性炭吸着","8.4.1","single-source-tag-provisional","大きい比表面積は一般に吸着容量に寄与。","PASS","PASS","PASS","none","P1-single-tag","no","individual-semantic-content-review-pending","not-authorized","草稿と原題を精読して主知識・副知識の適切さを判定"
"R07-A-Q06-C4","R07-A-Q06","R07","A","DX-A01-007","活性炭吸着","8.4.1","single-source-tag-provisional","q=kcはHenry型近似で、Langmuir型ではない。","PASS","PASS","PASS","none","P1-single-tag","no","individual-semantic-content-review-pending","not-authorized","草稿と原題を精読して主知識・副知識の適切さを判定"
"R07-A-Q06-C5","R07-A-Q06","R07","A","DX-A01-007","活性炭吸着","8.4.1","single-source-tag-provisional","充填層の破過曲線はS字形になりやすい。","PASS","PASS","PASS","none","P1-single-tag","no","individual-semantic-content-review-pending","not-authorized","草稿と原題を精読して主知識・副知識の適切さを判定"
"R07-A-Q07-C1","R07-A-Q07","R07","A","DX-A02-001","焼結炉","9.2.1","topic-link-provisional","原料輸送・保管段階で外来の塩類が入る経路を扱う。","PASS","PASS","PASS","none","P1-broad-question-tag","no","individual-semantic-content-review-pending","not-authorized","草稿と原題を精読して主知識・副知識の適切さを判定"
"R07-A-Q07-C2","R07-A-Q07","R07","A","DX-A02-001","焼結炉","9.2.1","topic-link-provisional","ダストに取り込まれた塩素が集じんダスト循環で再投入され得る。","PASS","PASS","PASS","none","P1-broad-question-tag","yes","individual-semantic-content-review-pending","not-authorized","草稿と原題を精読して主知識・副知識の適切さを判定"
"R07-A-Q07-C3","R07-A-Q07","R07","A","DX-A02-001","焼結炉","9.2.1","topic-link-provisional","配合原料の塩素負荷が発生量に影響する点を問う。","PASS","PASS","PASS","none","P1-broad-question-tag","no","individual-semantic-content-review-pending","not-authorized","草稿と原題を精読して主知識・副知識の適切さを判定"
"R07-A-Q07-C4","R07-A-Q07","R07","A","DX-A02-001","焼結炉","9.2.1","topic-link-provisional","排ガス中では金属塩化物等の形態をとり得る。","PASS","PASS","PASS","none","P1-broad-question-tag","no","individual-semantic-content-review-pending","not-authorized","草稿と原題を精読して主知識・副知識の適切さを判定"
"R07-A-Q07-C5","R07-A-Q07","R07","A","DX-A02-014","銑鉄製造用の焼結鉱をつくる焼結炉（令別表第一第1号）","9.2.1","rationale-based-provisional","CaCl2の焼結層内偏析位置と排出差の向きを取り違えたとされる。試験データ原典の確認が必要。","PASS","PASS","PASS","none","P2-explanation-driven","no","individual-semantic-content-review-pending","not-authorized","草稿と原題を精読して主知識・副知識の適切さを判定"
"R07-A-Q08-C1","R07-A-Q08","R07","A","DX-A02-002","製鋼用電気炉","9.2.2","topic-link-provisional","電炉では溶解・精錬・出鋼で排ガス温度と組成が変動する。","PASS","PASS","PASS","none","P1-broad-question-tag","no","individual-semantic-content-review-pending","not-authorized","草稿と原題を精読して主知識・副知識の適切さを判定"
"R07-A-Q08-C2","R07-A-Q08","R07","A","DX-A02-002","製鋼用電気炉","9.2.2","topic-link-provisional","直引・建屋排ガスの合流条件による濃度関係の一般化には注意が必要。","PASS","PASS","PASS","none","P1-broad-question-tag","no","individual-semantic-content-review-pending","not-authorized","草稿と原題を精読して主知識・副知識の適切さを判定"
"R07-A-Q08-C4","R07-A-Q08","R07","A","DX-A02-002","製鋼用電気炉","9.2.2","topic-link-provisional","集じんダストにはサブミクロンから数μmの細かな粒子を多く含む。","PASS","PASS","PASS","none","P1-broad-question-tag","no","individual-semantic-content-review-pending","not-authorized","草稿と原題を精読して主知識・副知識の適切さを判定"
"R07-A-Q08-C5","R07-A-Q08","R07","A","DX-A02-002","製鋼用電気炉","9.2.2","topic-link-provisional","鉄や亜鉛の大部分を塩化物とするのは一般的な形態を示していない。","PASS","PASS","PASS","none","P1-broad-question-tag","no","individual-semantic-content-review-pending","not-authorized","草稿と原題を精読して主知識・副知識の適切さを判定"
"R07-A-Q09-C1","R07-A-Q09","R07","A","DX-A02-016","製鋼用電気炉の集じんダストからの亜鉛回収（令別表第一第3号）","9.2.3","single-source-tag-provisional","原料ダストの残存成分が熱分解されない場合の排出経路を説明。","PASS","PASS","PASS","none","P1-single-tag","no","individual-semantic-content-review-pending","not-authorized","草稿と原題を精読して主知識・副知識の適切さを判定"
"R07-A-Q09-C3","R07-A-Q09","R07","A","DX-A02-016","製鋼用電気炉の集じんダストからの亜鉛回収（令別表第一第3号）","9.2.3","single-source-tag-provisional","還元炉の方式別排ガス濃度差の向きを取り違えたとの出題。具体条件は装置資料で要再確認。","PASS","PASS","PASS","none","P1-single-tag","no","individual-semantic-content-review-pending","not-authorized","草稿と原題を精読して主知識・副知識の適切さを判定"
"R07-A-Q09-C4","R07-A-Q09","R07","A","DX-A02-016","製鋼用電気炉の集じんダストからの亜鉛回収（令別表第一第3号）","9.2.3","single-source-tag-provisional","電熱蒸留炉の高温運転と排ガス中生成抑制の関係を問う。炉温数字は資料確認。","PASS","PASS","PASS","none","P1-single-tag","no","individual-semantic-content-review-pending","not-authorized","草稿と原題を精読して主知識・副知識の適切さを判定"
"R07-A-Q09-C5","R07-A-Q09","R07","A","DX-A02-016","製鋼用電気炉の集じんダストからの亜鉛回収（令別表第一第3号）","9.2.3","single-source-tag-provisional","酸化性・還元性雰囲気の違いと生成・排出の関係を問う。単純な大小比較は避ける。","PASS","PASS","PASS","none","P1-single-tag","yes","individual-semantic-content-review-pending","not-authorized","草稿と原題を精読して主知識・副知識の適切さを判定"
"R07-A-Q10-C1","R07-A-Q10","R07","A","DX-A02-017","アルミニウムくずを原料とするアルミ合金製造（令別表第一第4号）","9.3.1","single-source-tag-provisional","前炉付き溶解炉でのスクラップ・地金・再生塊の原料構成を述べる。","PASS","PASS","PASS","none","P1-single-tag","no","individual-semantic-content-review-pending","not-authorized","草稿と原題を精読して主知識・副知識の適切さを判定"
"R07-A-Q10-C2","R07-A-Q10","R07","A","DX-A02-017","アルミニウムくずを原料とするアルミ合金製造（令別表第一第4号）","9.3.1","single-source-tag-provisional","投入部と加熱室の配置がアルミの酸化抑制と関係する。","PASS","PASS","PASS","none","P1-single-tag","no","individual-semantic-content-review-pending","not-authorized","草稿と原題を精読して主知識・副知識の適切さを判定"
"R07-A-Q10-C3","R07-A-Q10","R07","A","DX-A02-017","アルミニウムくずを原料とするアルミ合金製造（令別表第一第4号）","9.3.1","single-source-tag-provisional","バーナーの常時運転・溶湯温度保持を一律連続運転とする点が不適切。","PASS","PASS","PASS","none","P1-single-tag","no","individual-semantic-content-review-pending","not-authorized","草稿と原題を精読して主知識・副知識の適切さを判定"
"R07-A-Q10-C4","R07-A-Q10","R07","A","DX-A02-017","アルミニウムくずを原料とするアルミ合金製造（令別表第一第4号）","9.3.1","single-source-tag-provisional","保持炉における脱ガス・介在物除去やフラックス処理を述べる。","PASS","PASS","PASS","none","P1-single-tag","no","individual-semantic-content-review-pending","not-authorized","草稿と原題を精読して主知識・副知識の適切さを判定"
"R07-A-Q10-C5","R07-A-Q10","R07","A","DX-A02-017","アルミニウムくずを原料とするアルミ合金製造（令別表第一第4号）","9.3.1","single-source-tag-provisional","燃焼系排ガスに集じん装置を組み合わせることを述べる。","PASS","PASS","PASS","none","P1-single-tag","no","individual-semantic-content-review-pending","not-authorized","草稿と原題を精読して主知識・副知識の適切さを判定"
"R07-A-Q11-C1","R07-A-Q11","R07","A","DX-A03-005","ろ過・膜分離","10.2.2","topic-link-provisional","疎水性により懸濁粒子に吸着しやすい。","PASS","PASS","PASS","none","P1-broad-question-tag","no","individual-semantic-content-review-pending","not-authorized","草稿と原題を精読して主知識・副知識の適切さを判定"
"R07-A-Q11-C2","R07-A-Q11","R07","A","DX-A03-005","ろ過・膜分離","10.2.2","topic-link-provisional","比較的大きな懸濁粒子は沈降分離対象。","PASS","PASS","PASS","none","P1-broad-question-tag","no","individual-semantic-content-review-pending","not-authorized","草稿と原題を精読して主知識・副知識の適切さを判定"
"R07-A-Q11-C3","R07-A-Q11","R07","A","DX-A03-005","ろ過・膜分離","10.2.2","topic-link-provisional","凝集していないコロイドは清澄ろ過で除きにくい。","PASS","PASS","PASS","none","P1-broad-question-tag","no","individual-semantic-content-review-pending","not-authorized","草稿と原題を精読して主知識・副知識の適切さを判定"
"R07-A-Q11-C4","R07-A-Q11","R07","A","DX-A03-005","ろ過・膜分離","10.2.2","topic-link-provisional","急速ろ過は粒状層ろ過であり膜ろ過ではない。","PASS","PASS","PASS","none","P1-broad-question-tag","no","individual-semantic-content-review-pending","not-authorized","草稿と原題を精読して主知識・副知識の適切さを判定"
"R07-A-Q11-C5","R07-A-Q11","R07","A","DX-A03-005","ろ過・膜分離","10.2.2","topic-link-provisional","活性汚泥による有機物の生物学的酸化。","PASS","PASS","PASS","none","P1-broad-question-tag","no","individual-semantic-content-review-pending","not-authorized","草稿と原題を精読して主知識・副知識の適切さを判定"
"R07-A-Q12-C1","R07-A-Q12","R07","A","DX-A03-004","沈殿・凝集","10.2.1","single-source-tag-provisional","凝集で扱う微小粒子の大きさを示す記述。現場の粒径分布は幅を持つ。","PASS","PASS","PASS","none","P1-single-tag","no","individual-semantic-content-review-pending","not-authorized","草稿と原題を精読して主知識・副知識の適切さを判定"
"R07-A-Q12-C2","R07-A-Q12","R07","A","DX-A03-004","沈殿・凝集","10.2.1","single-source-tag-provisional","荷電中和による粒子の不安定化の説明。","PASS","PASS","PASS","none","P1-single-tag","no","individual-semantic-content-review-pending","not-authorized","草稿と原題を精読して主知識・副知識の適切さを判定"
"R07-A-Q12-C3","R07-A-Q12","R07","A","DX-A03-004","沈殿・凝集","10.2.1","rationale-based-provisional","高分子凝集剤の架橋でフロックを粗大化させる説明。","PASS","PASS","PASS","none","P2-explanation-driven","no","individual-semantic-content-review-pending","not-authorized","草稿と原題を精読して主知識・副知識の適切さを判定"
"R07-A-Q12-C4","R07-A-Q12","R07","A","DX-A03-004","沈殿・凝集","10.2.1","single-source-tag-provisional","不安定化した粒子の架橋・フロック形成が凝集プロセスの後段となる。","PASS","PASS","PASS","none","P1-single-tag","yes","individual-semantic-content-review-pending","not-authorized","草稿と原題を精読して主知識・副知識の適切さを判定"
"R07-A-Q12-C5","R07-A-Q12","R07","A","DX-A03-004","沈殿・凝集","10.2.1","rationale-based-provisional","不安定化の主な薬剤を高分子凝集剤とする部分が不適切。一般に荷電中和に用いる無機凝集剤とフロック形成の高分子凝集剤を分ける。","PASS","PASS","PASS","none","P2-explanation-driven","no","individual-semantic-content-review-pending","not-authorized","草稿と原題を精読して主知識・副知識の適切さを判定"
"R07-A-Q13-C1","R07-A-Q13","R07","A","DX-A04-012","クラフトパルプまたはサルファイトパルプの塩素系漂白（令別表第二第1号）","11.2.1","rationale-based-provisional","ECFは分子状塩素の使用を避ける漂白法。","PASS","PASS","PASS","none","P2-explanation-driven","no","individual-semantic-content-review-pending","not-authorized","草稿と原題を精読して主知識・副知識の適切さを判定"
"R07-A-Q13-C2","R07-A-Q13","R07","A","DX-A04-012","クラフトパルプまたはサルファイトパルプの塩素系漂白（令別表第二第1号）","11.2.1","rationale-based-provisional","ECFでは二酸化塩素を使用する。","PASS","PASS","PASS","none","P2-explanation-driven","no","individual-semantic-content-review-pending","not-authorized","草稿と原題を精読して主知識・副知識の適切さを判定"
"R07-A-Q13-C3","R07-A-Q13","R07","A","DX-A04-012","クラフトパルプまたはサルファイトパルプの塩素系漂白（令別表第二第1号）","11.2.1","rationale-based-provisional","二酸化塩素を還元主体の漂白剤とする点が誤り。酸化剤として扱う。","PASS","PASS","PASS","none","P2-explanation-driven","no","individual-semantic-content-review-pending","not-authorized","草稿と原題を精読して主知識・副知識の適切さを判定"
"R07-A-Q13-C4","R07-A-Q13","R07","A","DX-A04-012","クラフトパルプまたはサルファイトパルプの塩素系漂白（令別表第二第1号）","11.2.1","rationale-based-provisional","過酸化水素は酸素系漂白剤の一つ。","PASS","PASS","PASS","none","P2-explanation-driven","no","individual-semantic-content-review-pending","not-authorized","草稿と原題を精読して主知識・副知識の適切さを判定"
"R07-A-Q13-C5","R07-A-Q13","R07","A","DX-A04-012","クラフトパルプまたはサルファイトパルプの塩素系漂白（令別表第二第1号）","11.2.1","rationale-based-provisional","オゾンも酸素系漂白で利用される。","PASS","PASS","PASS","none","P2-explanation-driven","no","individual-semantic-content-review-pending","not-authorized","草稿と原題を精読して主知識・副知識の適切さを判定"
"R07-A-Q14-C1","R07-A-Q14","R07","A","DX-A04-020","4-クロロフタル酸水素ナトリウム製造（令別表第二第9号）","11.2.4","single-source-tag-provisional","フタル酸の無水物を原料とする工程説明。","PASS","PASS","PASS","none","P1-single-tag","no","individual-semantic-content-review-pending","not-authorized","草稿と原題を精読して主知識・副知識の適切さを判定"
"R07-A-Q14-C2","R07-A-Q14","R07","A","DX-A04-020","4-クロロフタル酸水素ナトリウム製造（令別表第二第9号）","11.2.4","single-source-tag-provisional","水酸化ナトリウムで塩を形成する工程。","PASS","PASS","PASS","none","P1-single-tag","no","individual-semantic-content-review-pending","not-authorized","草稿と原題を精読して主知識・副知識の適切さを判定"
"R07-A-Q14-C3","R07-A-Q14","R07","A","DX-A04-020","4-クロロフタル酸水素ナトリウム製造（令別表第二第9号）","11.2.4","single-source-tag-provisional","塩素導入によって置換化合物を製造する工程。","PASS","PASS","PASS","none","P1-single-tag","no","individual-semantic-content-review-pending","not-authorized","草稿と原題を精読して主知識・副知識の適切さを判定"
"R07-A-Q14-C4","R07-A-Q14","R07","A","DX-A04-020","4-クロロフタル酸水素ナトリウム製造（令別表第二第9号）","11.2.4","single-source-tag-provisional","塩析・熟成・ろ過などの分離工程を表す。","PASS","PASS","PASS","none","P1-single-tag","no","individual-semantic-content-review-pending","not-authorized","草稿と原題を精読して主知識・副知識の適切さを判定"
"R07-A-Q15-C1","R07-A-Q15","R07","A","DX-A05-009","内標準物質の添加","12.3.3","rationale-based-provisional","同位体標識した内標準物質を使う考え方。","PASS","PASS","PASS","none","P2-explanation-driven","no","individual-semantic-content-review-pending","not-authorized","草稿と原題を精読して主知識・副知識の適切さを判定"
"R07-A-Q15-C2","R07-A-Q15","R07","A","DX-A05-009","内標準物質の添加","12.3.3","rationale-based-provisional","サンプリングスパイクの回収率管理。70～130%の範囲が目安。","PASS","PASS","PASS","none","P2-explanation-driven","no","individual-semantic-content-review-pending","not-authorized","草稿と原題を精読して主知識・副知識の適切さを判定"
"R07-A-Q15-C3","R07-A-Q15","R07","A","DX-A05-008","精製・クリーンアップ","12.3.2","rationale-based-provisional","前処理工程の損失把握と補正にクリーンアップスパイクを使う。","PASS","PASS","PASS","none","P2-explanation-driven","no","individual-semantic-content-review-pending","not-authorized","草稿と原題を精読して主知識・副知識の適切さを判定"
"R07-A-Q15-C4","R07-A-Q15","R07","A","DX-A05-008","精製・クリーンアップ","12.3.2","rationale-based-provisional","クリーンアップスパイクの下限を40%とした数値が不適切。50～120%を確認する。","PASS","PASS","PASS","none","P2-explanation-driven","no","individual-semantic-content-review-pending","not-authorized","草稿と原題を精読して主知識・副知識の適切さを判定"
"R07-A-Q15-C5","R07-A-Q15","R07","A","DX-A05-009","内標準物質の添加","12.3.3","rationale-based-provisional","注入操作の確認にシリンジスパイクを使う。","PASS","PASS","PASS","none","P2-explanation-driven","no","individual-semantic-content-review-pending","not-authorized","草稿と原題を精読して主知識・副知識の適切さを判定"
"R07-A-Q16-C1","R07-A-Q16","R07","A","DX-A05-004","排ガス採取の原理","12.2.1","rationale-based-provisional","試料ガスの速度に近い流速で吸引する等速吸引を扱う。","PASS","PASS","PASS","none","P2-explanation-driven","yes","individual-semantic-content-review-pending","not-authorized","草稿と原題を精読して主知識・副知識の適切さを判定"
"R07-A-Q16-C2","R07-A-Q16","R07","A","DX-A05-004","排ガス採取の原理","12.2.1","topic-link-provisional","ダイオキシン類を捕集する性能の確認が求められる。","PASS","PASS","PASS","none","P1-broad-question-tag","no","individual-semantic-content-review-pending","not-authorized","草稿と原題を精読して主知識・副知識の適切さを判定"
"R07-A-Q16-C3","R07-A-Q16","R07","A","DX-A05-004","排ガス採取の原理","12.2.1","topic-link-provisional","フィルタ捕集部は水分が凝縮しない温度から120℃の範囲。200℃では高すぎる。","PASS","PASS","PASS","none","P1-broad-question-tag","no","individual-semantic-content-review-pending","not-authorized","草稿と原題を精読して主知識・副知識の適切さを判定"
"R07-A-Q16-C4","R07-A-Q16","R07","A","DX-A05-007","試料の前処理と抽出","12.3.1","rationale-based-provisional","採取から抽出までの損失を避ける必要がある。","PASS","PASS","PASS","none","P2-explanation-driven","no","individual-semantic-content-review-pending","not-authorized","草稿と原題を精読して主知識・副知識の適切さを判定"
"R07-A-Q16-C5","R07-A-Q16","R07","A","DX-A05-016","ブランク・回収率","12.6.1","rationale-based-provisional","装置汚染や外気混入を防ぎブランク・漏れを管理する。","PASS","PASS","PASS","none","P2-explanation-driven","no","individual-semantic-content-review-pending","not-authorized","草稿と原題を精読して主知識・副知識の適切さを判定"
"R07-A-Q17-C1","R07-A-Q17","R07","A","DX-A05-004","排ガス採取の原理","12.2.1","rationale-based-provisional","図の捕集順に円筒ろ紙、ヘキサン洗浄水、吸着剤カラム、ジエチレングリコールを置く。","PASS","PASS","PASS","none","P2-explanation-driven","no","individual-semantic-content-review-pending","not-authorized","草稿と原題を精読して主知識・副知識の適切さを判定"
"R07-A-Q17-C2","R07-A-Q17","R07","A","DX-A05-008","精製・クリーンアップ","12.3.2","rationale-based-provisional","ろ過材をガラスウールとし吸着捕集部をアルミナカラムとする配置は図と違う。","PASS","PASS","PASS","none","P2-explanation-driven","no","individual-semantic-content-review-pending","not-authorized","草稿と原題を精読して主知識・副知識の適切さを判定"
"R07-A-Q17-C3","R07-A-Q17","R07","A","DX-A05-005","粒子とガスの捕集","12.2.2","topic-link-provisional","末端液体捕集の内容物が図と異なる。","PASS","PASS","PASS","none","P1-broad-question-tag","no","individual-semantic-content-review-pending","not-authorized","草稿と原題を精読して主知識・副知識の適切さを判定"
"R07-A-Q17-C4","R07-A-Q17","R07","A","DX-A05-005","粒子とガスの捕集","12.2.2","topic-link-provisional","最初のろ過材と液体捕集の組合せが図と異なる。","PASS","PASS","PASS","none","P1-broad-question-tag","yes","individual-semantic-content-review-pending","not-authorized","草稿と原題を精読して主知識・副知識の適切さを判定"
"R07-A-Q17-C5","R07-A-Q17","R07","A","DX-A05-005","粒子とガスの捕集","12.2.2","topic-link-provisional","カラム種類と捕集部の順序が図の例と異なる。","PASS","PASS","PASS","none","P1-broad-question-tag","no","individual-semantic-content-review-pending","not-authorized","草稿と原題を精読して主知識・副知識の適切さを判定"
"R07-A-Q18-C1","R07-A-Q18","R07","A","DX-A05-006","排水・底質・土壌の採取","12.2.3","topic-link-provisional","一般にガラス製試料容器を用いる。","PASS","PASS","PASS","none","P1-broad-question-tag","no","individual-semantic-content-review-pending","not-authorized","草稿と原題を精読して主知識・副知識の適切さを判定"
"R07-A-Q18-C2","R07-A-Q18","R07","A","DX-A05-006","排水・底質・土壌の採取","12.2.3","topic-link-provisional","容器を現場試料水で洗浄すると対象物質の吸着・付着が問題になるため不適切。","PASS","PASS","PASS","none","P1-broad-question-tag","no","individual-semantic-content-review-pending","not-authorized","草稿と原題を精読して主知識・副知識の適切さを判定"
"R07-A-Q18-C3","R07-A-Q18","R07","A","DX-A05-006","排水・底質・土壌の採取","12.2.3","topic-link-provisional","容器内に所定の空間を残す操作条件。水質JISの具体規定と照合する。","PASS","PASS","PASS","none","P1-broad-question-tag","no","individual-semantic-content-review-pending","not-authorized","草稿と原題を精読して主知識・副知識の適切さを判定"
"R07-A-Q18-C4","R07-A-Q18","R07","A","DX-A05-006","排水・底質・土壌の採取","12.2.3","topic-link-provisional","採取後は密栓して汚染や損失を防ぐ。","PASS","PASS","PASS","none","P1-broad-question-tag","no","individual-semantic-content-review-pending","not-authorized","草稿と原題を精読して主知識・副知識の適切さを判定"
"R07-A-Q18-C5","R07-A-Q18","R07","A","DX-A05-006","排水・底質・土壌の採取","12.2.3","topic-link-provisional","ゴム・コルクは吸着などの影響があるため栓として避ける。","PASS","PASS","PASS","none","P1-broad-question-tag","no","individual-semantic-content-review-pending","not-authorized","草稿と原題を精読して主知識・副知識の適切さを判定"
"R07-A-Q19-C1","R07-A-Q19","R07","A","DX-A05-007","試料の前処理と抽出","12.3.1","rationale-based-provisional","抽出全量・分取・注入の換算式で算出した結果と異なる。","PASS","PASS","PASS","none","P2-explanation-driven","no","individual-semantic-content-review-pending","not-authorized","草稿と原題を精読して主知識・副知識の適切さを判定"
"R07-A-Q19-C2","R07-A-Q19","R07","A","DX-A05-014","検出下限・定量下限","12.5.2","topic-link-provisional","0.08×25×(40/100)×(1/20)=0.04pg。","PASS","PASS","PASS","none","P1-broad-question-tag","no","individual-semantic-content-review-pending","not-authorized","草稿と原題を精読して主知識・副知識の適切さを判定"
"R07-A-Q19-C3","R07-A-Q19","R07","A","DX-A05-007","試料の前処理と抽出","12.3.1","rationale-based-provisional","抽出から注入までの分取係数を掛けた結果と違う。","PASS","PASS","PASS","none","P2-explanation-driven","no","individual-semantic-content-review-pending","not-authorized","草稿と原題を精読して主知識・副知識の適切さを判定"
"R07-A-Q19-C4","R07-A-Q19","R07","A","DX-A05-014","検出下限・定量下限","12.5.2","rationale-based-provisional","注入量/検液量の比を逆にしない。結果は0.16ではない。","PASS","PASS","PASS","none","P2-explanation-driven","no","individual-semantic-content-review-pending","not-authorized","草稿と原題を精読して主知識・副知識の適切さを判定"
"R07-A-Q19-C5","R07-A-Q19","R07","A","DX-A05-014","検出下限・定量下限","12.5.2","topic-link-provisional","試料量25Lの換算をした上で計算すると0.25ではない。","PASS","PASS","PASS","none","P1-broad-question-tag","no","individual-semantic-content-review-pending","not-authorized","草稿と原題を精読して主知識・副知識の適切さを判定"
"R07-A-Q20-C1","R07-A-Q20","R07","A","DX-A05-007","試料の前処理と抽出","12.3.1","rationale-based-provisional","前処理工程には抽出と精製の2種類がある。","PASS","PASS","PASS","none","P2-explanation-driven","no","individual-semantic-content-review-pending","not-authorized","草稿と原題を精読して主知識・副知識の適切さを判定"
"R07-A-Q20-C2","R07-A-Q20","R07","A","DX-A05-007","試料の前処理と抽出","12.3.1","topic-link-provisional","試薬と器具類に分析妨害となるダイオキシン汚染がないか確認する。","PASS","PASS","PASS","none","P1-broad-question-tag","no","individual-semantic-content-review-pending","not-authorized","草稿と原題を精読して主知識・副知識の適切さを判定"
"R07-A-Q20-C3","R07-A-Q20","R07","A","DX-A05-007","試料の前処理と抽出","12.3.1","rationale-based-provisional","試料の状態に応じて内標準を加えたのち別々に抽出する。","PASS","PASS","PASS","none","P2-explanation-driven","no","individual-semantic-content-review-pending","not-authorized","草稿と原題を精読して主知識・副知識の適切さを判定"
"R07-A-Q20-C4","R07-A-Q20","R07","A","DX-A05-007","試料の前処理と抽出","12.3.1","rationale-based-provisional","ろ過材を加熱乾燥してから抽出することは対象成分の損失につながる。","PASS","PASS","PASS","none","P2-explanation-driven","no","individual-semantic-content-review-pending","not-authorized","草稿と原題を精読して主知識・副知識の適切さを判定"
"R07-A-Q20-C5","R07-A-Q20","R07","A","DX-A05-007","試料の前処理と抽出","12.3.1","rationale-based-provisional","吸着剤にソックスレー抽出等を用いることができる。","PASS","PASS","PASS","none","P2-explanation-driven","no","individual-semantic-content-review-pending","not-authorized","草稿と原題を精読して主知識・副知識の適切さを判定"
"R07-A-Q21-C1","R07-A-Q21","R07","A","DX-A05-011","HRGC/HRMS","12.4.2","topic-link-provisional","GCの注入方式と操作温度を規定する項目。詳細規格値は本文と照合する。","PASS","PASS","PASS","none","P1-broad-question-tag","no","individual-semantic-content-review-pending","not-authorized","草稿と原題を精読して主知識・副知識の適切さを判定"
"R07-A-Q21-C2","R07-A-Q21","R07","A","DX-A05-011","HRGC/HRMS","12.4.2","topic-link-provisional","構造異性体が共溶出し得るため複数カラムを用いる理由。","PASS","PASS","PASS","none","P1-broad-question-tag","no","individual-semantic-content-review-pending","not-authorized","草稿と原題を精読して主知識・副知識の適切さを判定"
"R07-A-Q21-C3","R07-A-Q21","R07","A","DX-A05-011","HRGC/HRMS","12.4.2","rationale-based-provisional","高分解能の磁場型二重収束質量分析計を用いる趣旨。","PASS","PASS","PASS","none","P2-explanation-driven","no","individual-semantic-content-review-pending","not-authorized","草稿と原題を精読して主知識・副知識の適切さを判定"
"R07-A-Q21-C4","R07-A-Q21","R07","A","DX-A05-011","HRGC/HRMS","12.4.2","topic-link-provisional","質量分解能10000以上と例外時の要件を問う。","PASS","PASS","PASS","none","P1-broad-question-tag","no","individual-semantic-content-review-pending","not-authorized","草稿と原題を精読して主知識・副知識の適切さを判定"
"R07-A-Q21-C5","R07-A-Q21","R07","A","DX-A05-011","HRGC/HRMS","12.4.2","rationale-based-provisional","ロックマス用の参照物質と検量線用の混合標準試料を混同している。","PASS","PASS","PASS","none","P2-explanation-driven","no","individual-semantic-content-review-pending","not-authorized","草稿と原題を精読して主知識・副知識の適切さを判定"
"R07-A-Q22-C1","R07-A-Q22","R07","A","DX-A05-012","同位体希釈定量","12.4.3","rationale-based-provisional","同定はピーク面積比・塩素同位体存在比・許容±15%（低濃度時±25%）の組合せ。","PASS","PASS","PASS","none","P2-explanation-driven","no","individual-semantic-content-review-pending","not-authorized","草稿と原題を精読して主知識・副知識の適切さを判定"
"R07-A-Q22-C2","R07-A-Q22","R07","A","DX-A05-012","同位体希釈定量","12.4.3","topic-link-provisional","ピーク高さや炭素同位体存在比の選択が合わない。","PASS","PASS","PASS","none","P1-broad-question-tag","no","individual-semantic-content-review-pending","not-authorized","草稿と原題を精読して主知識・副知識の適切さを判定"
"R07-A-Q22-C3","R07-A-Q22","R07","A","DX-A05-012","同位体希釈定量","12.4.3","rationale-based-provisional","ピーク面積と塩素同位体は合うが許容幅を狭くしている。","PASS","PASS","PASS","none","P2-explanation-driven","no","individual-semantic-content-review-pending","not-authorized","草稿と原題を精読して主知識・副知識の適切さを判定"
"R07-A-Q22-C4","R07-A-Q22","R07","A","DX-A05-011","HRGC/HRMS","12.4.2","topic-link-provisional","イオン比の比較に用いる量と低濃度時許容幅が合わない。","PASS","PASS","PASS","none","P1-broad-question-tag","yes","individual-semantic-content-review-pending","not-authorized","草稿と原題を精読して主知識・副知識の適切さを判定"
"R07-A-Q22-C5","R07-A-Q22","R07","A","DX-A05-012","同位体希釈定量","12.4.3","topic-link-provisional","炭素同位体存在比に基づく数値とするのは測定原理を取り違えている。","PASS","PASS","PASS","none","P1-broad-question-tag","no","individual-semantic-content-review-pending","not-authorized","草稿と原題を精読して主知識・副知識の適切さを判定"
"R07-A-Q23-C1","R07-A-Q23","R07","A","DX-A05-014","検出下限・定量下限","12.5.2","topic-link-provisional","補正計算では1.6にならない。","PASS","PASS","PASS","none","P1-broad-question-tag","no","individual-semantic-content-review-pending","not-authorized","草稿と原題を精読して主知識・副知識の適切さを判定"
"R07-A-Q23-C2","R07-A-Q23","R07","A","DX-A05-014","検出下限・定量下限","12.5.2","topic-link-provisional","補正計算では2.1にならない。","PASS","PASS","PASS","none","P1-broad-question-tag","no","individual-semantic-content-review-pending","not-authorized","草稿と原題を精読して主知識・副知識の適切さを判定"
"R07-A-Q23-C3","R07-A-Q23","R07","A","DX-A05-014","検出下限・定量下限","12.5.2","topic-link-provisional","10/4×(21−12)/(21−14)=約3.2。","PASS","PASS","PASS","none","P1-broad-question-tag","no","individual-semantic-content-review-pending","not-authorized","草稿と原題を精読して主知識・副知識の適切さを判定"
"R07-A-Q23-C4","R07-A-Q23","R07","A","DX-A05-014","検出下限・定量下限","12.5.2","topic-link-provisional","補正計算では6.4にならない。","PASS","PASS","PASS","none","P1-broad-question-tag","no","individual-semantic-content-review-pending","not-authorized","草稿と原題を精読して主知識・副知識の適切さを判定"
"R07-A-Q23-C5","R07-A-Q23","R07","A","DX-A05-014","検出下限・定量下限","12.5.2","topic-link-provisional","補正計算では12.8にならない。","PASS","PASS","PASS","none","P1-broad-question-tag","no","individual-semantic-content-review-pending","not-authorized","草稿と原題を精読して主知識・副知識の適切さを判定"
"R07-A-Q24-C1","R07-A-Q24","R07","A","DX-A05-015","未検出値の扱い","12.5.3","topic-link-provisional","排ガスは標準状態の単位、工業用水・排水は容量濃度単位を使う。","PASS","PASS","PASS","none","P1-broad-question-tag","no","individual-semantic-content-review-pending","not-authorized","草稿と原題を精読して主知識・副知識の適切さを判定"
"R07-A-Q24-C2","R07-A-Q24","R07","A","DX-A05-014","検出下限・定量下限","12.5.2","rationale-based-provisional","測定値と検出下限の丸めについて規格の数値処理を確認する。","PASS","PASS","PASS","none","P2-explanation-driven","yes","individual-semantic-content-review-pending","not-authorized","草稿と原題を精読して主知識・副知識の適切さを判定"
"R07-A-Q24-C3","R07-A-Q24","R07","A","DX-A05-014","検出下限・定量下限","12.5.2","rationale-based-provisional","検出下限・定量下限は有効数字の桁を揃える条件がある。","PASS","PASS","PASS","none","P2-explanation-driven","no","individual-semantic-content-review-pending","not-authorized","草稿と原題を精読して主知識・副知識の適切さを判定"
"R07-A-Q24-C5","R07-A-Q24","R07","A","DX-A05-015","未検出値の扱い","12.5.3","rationale-based-provisional","JISの報告で未検出値に検出下限の半分を一律代入するものではない。","PASS","PASS","PASS","none","P2-explanation-driven","no","individual-semantic-content-review-pending","not-authorized","草稿と原題を精読して主知識・副知識の適切さを判定"
"R07-A-Q25-C1","R07-A-Q25","R07","A","DX-A05-009","内標準物質の添加","12.3.3","rationale-based-provisional","内標準回収率は定められた範囲か確認する。","PASS","PASS","PASS","none","P2-explanation-driven","no","individual-semantic-content-review-pending","not-authorized","草稿と原題を精読して主知識・副知識の適切さを判定"
"R07-A-Q25-C2","R07-A-Q25","R07","A","DX-A05-014","検出下限・定量下限","12.5.2","rationale-based-provisional","検出下限の各塩素化物群の数値を組み合わせた記述が不適切。規格の正しい上限を要照合。","PASS","PASS","PASS","none","P2-explanation-driven","no","individual-semantic-content-review-pending","not-authorized","草稿と原題を精読して主知識・副知識の適切さを判定"
"R07-A-Q25-C3","R07-A-Q25","R07","A","DX-A05-014","検出下限・定量下限","12.5.2","rationale-based-provisional","検出下限・定量下限は条件が変わるため定期的に確認する。","PASS","PASS","PASS","none","P2-explanation-driven","no","individual-semantic-content-review-pending","not-authorized","草稿と原題を精読して主知識・副知識の適切さを判定"
"R07-A-Q25-C4","R07-A-Q25","R07","A","DX-A05-016","ブランク・回収率","12.6.1","rationale-based-provisional","操作ブランクやトラベルブランクは汚染混入を調べる。","PASS","PASS","PASS","none","P2-explanation-driven","no","individual-semantic-content-review-pending","not-authorized","草稿と原題を精読して主知識・副知識の適切さを判定"
"R07-A-Q25-C5","R07-A-Q25","R07","A","DX-A05-016","ブランク・回収率","12.6.1","rationale-based-provisional","二重測定結果を平均値の一定範囲内で管理する手順を問う。","PASS","PASS","PASS","none","P2-explanation-driven","no","individual-semantic-content-review-pending","not-authorized","草稿と原題を精読して主知識・副知識の適切さを判定"
