"choice_id","question_id","choice_number","marker_found","extraction_review","candidate_chapter","candidate_section","candidate_knowledge_ids","claim_review_status","correctness_review_status","publication_status"
"R03-G-Q01-C1","R03-G-Q01","1","yes","pending-semantic-review","G01","1.3","DX-G01-007 DX-G01-008 DX-G01-009 DX-G01-010","not-assessed","unverified","NO-CONTENT-REPUBLISHED"
"R03-G-Q01-C2","R03-G-Q01","2","yes","pending-semantic-review","G01","1.3","DX-G01-007 DX-G01-008 DX-G01-009 DX-G01-010","not-assessed","unverified","NO-CONTENT-REPUBLISHED"
"R03-G-Q01-C3","R03-G-Q01","3","yes","pending-semantic-review","G01","1.3","DX-G01-007 DX-G01-008 DX-G01-009 DX-G01-010","not-assessed","unverified","NO-CONTENT-REPUBLISHED"
"R03-G-Q01-C4","R03-G-Q01","4","yes","pending-semantic-review","G01","1.3","DX-G01-007 DX-G01-008 DX-G01-009 DX-G01-010","not-assessed","unverified","NO-CONTENT-REPUBLISHED"
"R03-G-Q01-C5","R03-G-Q01","5","yes","pending-semantic-review","G01","1.3","DX-G01-007 DX-G01-008 DX-G01-009 DX-G01-010","not-assessed","unverified","NO-CONTENT-REPUBLISHED"
"R03-G-Q02-C1","R03-G-Q02","1","yes","needs-visual-check","G01","1.5","DX-G01-015 DX-G01-016 DX-G01-017 DX-G01-018","not-assessed","unverified","NO-CONTENT-REPUBLISHED"
"R03-G-Q02-C2","R03-G-Q02","2","yes","needs-visual-check","G01","1.5","DX-G01-015 DX-G01-016 DX-G01-017 DX-G01-018","not-assessed","unverified","NO-CONTENT-REPUBLISHED"
"R03-G-Q02-C3","R03-G-Q02","3","yes","needs-visual-check","G01","1.5","DX-G01-015 DX-G01-016 DX-G01-017 DX-G01-018","not-assessed","unverified","NO-CONTENT-REPUBLISHED"
"R03-G-Q02-C4","R03-G-Q02","4","yes","needs-visual-check","G01","1.5","DX-G01-015 DX-G01-016 DX-G01-017 DX-G01-018","not-assessed","unverified","NO-CONTENT-REPUBLISHED"
"R03-G-Q02-C5","R03-G-Q02","5","yes","needs-visual-check","G01","1.5","DX-G01-015 DX-G01-016 DX-G01-017 DX-G01-018","not-assessed","unverified","NO-CONTENT-REPUBLISHED"
"R03-G-Q03-C1","R03-G-Q03","1","no","needs-visual-check","G01","1.5","DX-G01-015 DX-G01-016 DX-G01-017 DX-G01-018","not-assessed","unverified","NO-CONTENT-REPUBLISHED"
"R03-G-Q03-C2","R03-G-Q03","2","no","needs-visual-check","G01","1.5","DX-G01-015 DX-G01-016 DX-G01-017 DX-G01-018","not-assessed","unverified","NO-CONTENT-REPUBLISHED"
"R03-G-Q03-C3","R03-G-Q03","3","no","needs-visual-check","G01","1.5","DX-G01-015 DX-G01-016 DX-G01-017 DX-G01-018","not-assessed","unverified","NO-CONTENT-REPUBLISHED"
"R03-G-Q03-C4","R03-G-Q03","4","no","needs-visual-check","G01","1.5","DX-G01-015 DX-G01-016 DX-G01-017 DX-G01-018","not-assessed","unverified","NO-CONTENT-REPUBLISHED"
"R03-G-Q03-C5","R03-G-Q03","5","no","needs-visual-check","G01","1.5","DX-G01-015 DX-G01-016 DX-G01-017 DX-G01-018","not-assessed","unverified","NO-CONTENT-REPUBLISHED"
"R03-G-Q04-C1","R03-G-Q04","1","yes","needs-visual-check","G01","1.5","DX-G01-015 DX-G01-016 DX-G01-017 DX-G01-018","not-assessed","unverified","NO-CONTENT-REPUBLISHED"
"R03-G-Q04-C2","R03-G-Q04","2","yes","needs-visual-check","G01","1.5","DX-G01-015 DX-G01-016 DX-G01-017 DX-G01-018","not-assessed","unverified","NO-CONTENT-REPUBLISHED"
"R03-G-Q04-C3","R03-G-Q04","3","yes","needs-visual-check","G01","1.5","DX-G01-015 DX-G01-016 DX-G01-017 DX-G01-018","not-assessed","unverified","NO-CONTENT-REPUBLISHED"
"R03-G-Q04-C4","R03-G-Q04","4","yes","needs-visual-check","G01","1.5","DX-G01-015 DX-G01-016 DX-G01-017 DX-G01-018","not-assessed","unverified","NO-CONTENT-REPUBLISHED"
"R03-G-Q04-C5","R03-G-Q04","5","yes","needs-visual-check","G01","1.5","DX-G01-015 DX-G01-016 DX-G01-017 DX-G01-018","not-assessed","unverified","NO-CONTENT-REPUBLISHED"
"R03-G-Q05-C1","R03-G-Q05","1","yes","pending-semantic-review","G01","1.5","DX-G01-015 DX-G01-016 DX-G01-017 DX-G01-018","not-assessed","unverified","NO-CONTENT-REPUBLISHED"
"R03-G-Q05-C2","R03-G-Q05","2","yes","pending-semantic-review","G01","1.5","DX-G01-015 DX-G01-016 DX-G01-017 DX-G01-018","not-assessed","unverified","NO-CONTENT-REPUBLISHED"
"R03-G-Q05-C3","R03-G-Q05","3","yes","pending-semantic-review","G01","1.5","DX-G01-015 DX-G01-016 DX-G01-017 DX-G01-018","not-assessed","unverified","NO-CONTENT-REPUBLISHED"
"R03-G-Q05-C4","R03-G-Q05","4","yes","pending-semantic-review","G01","1.5","DX-G01-015 DX-G01-016 DX-G01-017 DX-G01-018","not-assessed","unverified","NO-CONTENT-REPUBLISHED"
"R03-G-Q05-C5","R03-G-Q05","5","yes","pending-semantic-review","G01","1.5","DX-G01-015 DX-G01-016 DX-G01-017 DX-G01-018","not-assessed","unverified","NO-CONTENT-REPUBLISHED"
"R03-G-Q06-C1","R03-G-Q06","1","yes","pending-semantic-review","G04","4.1","DX-G04-001 DX-G04-002 DX-G04-003","not-assessed","unverified","NO-CONTENT-REPUBLISHED"
"R03-G-Q06-C2","R03-G-Q06","2","yes","pending-semantic-review","G04","4.1","DX-G04-001 DX-G04-002 DX-G04-003","not-assessed","unverified","NO-CONTENT-REPUBLISHED"
"R03-G-Q06-C3","R03-G-Q06","3","yes","pending-semantic-review","G04","4.1","DX-G04-001 DX-G04-002 DX-G04-003","not-assessed","unverified","NO-CONTENT-REPUBLISHED"
"R03-G-Q06-C4","R03-G-Q06","4","yes","pending-semantic-review","G04","4.1","DX-G04-001 DX-G04-002 DX-G04-003","not-assessed","unverified","NO-CONTENT-REPUBLISHED"
"R03-G-Q06-C5","R03-G-Q06","5","yes","pending-semantic-review","G04","4.1","DX-G04-001 DX-G04-002 DX-G04-003","not-assessed","unverified","NO-CONTENT-REPUBLISHED"
"R03-G-Q07-C1","R03-G-Q07","1","yes","pending-semantic-review","G01","1.5","DX-G01-015 DX-G01-016 DX-G01-017 DX-G01-018","not-assessed","unverified","NO-CONTENT-REPUBLISHED"
"R03-G-Q07-C2","R03-G-Q07","2","yes","pending-semantic-review","G01","1.5","DX-G01-015 DX-G01-016 DX-G01-017 DX-G01-018","not-assessed","unverified","NO-CONTENT-REPUBLISHED"
"R03-G-Q07-C3","R03-G-Q07","3","yes","pending-semantic-review","G01","1.5","DX-G01-015 DX-G01-016 DX-G01-017 DX-G01-018","not-assessed","unverified","NO-CONTENT-REPUBLISHED"
"R03-G-Q07-C4","R03-G-Q07","4","yes","pending-semantic-review","G01","1.5","DX-G01-015 DX-G01-016 DX-G01-017 DX-G01-018","not-assessed","unverified","NO-CONTENT-REPUBLISHED"
"R03-G-Q07-C5","R03-G-Q07","5","yes","pending-semantic-review","G01","1.5","DX-G01-015 DX-G01-016 DX-G01-017 DX-G01-018","not-assessed","unverified","NO-CONTENT-REPUBLISHED"
"R03-G-Q08-C1","R03-G-Q08","1","yes","pending-semantic-review","G03","3.3","DX-G03-007 DX-G03-008","not-assessed","unverified","NO-CONTENT-REPUBLISHED"
"R03-G-Q08-C2","R03-G-Q08","2","yes","pending-semantic-review","G03","3.3","DX-G03-007 DX-G03-008","not-assessed","unverified","NO-CONTENT-REPUBLISHED"
"R03-G-Q08-C3","R03-G-Q08","3","yes","pending-semantic-review","G03","3.3","DX-G03-007 DX-G03-008","not-assessed","unverified","NO-CONTENT-REPUBLISHED"
"R03-G-Q08-C4","R03-G-Q08","4","yes","pending-semantic-review","G03","3.3","DX-G03-007 DX-G03-008","not-assessed","unverified","NO-CONTENT-REPUBLISHED"
"R03-G-Q08-C5","R03-G-Q08","5","yes","pending-semantic-review","G03","3.3","DX-G03-007 DX-G03-008","not-assessed","unverified","NO-CONTENT-REPUBLISHED"
"R03-G-Q09-C1","R03-G-Q09","1","yes","pending-semantic-review","G04","4.2","DX-G04-004 DX-G04-005 DX-G04-006","not-assessed","unverified","NO-CONTENT-REPUBLISHED"
"R03-G-Q09-C2","R03-G-Q09","2","yes","pending-semantic-review","G04","4.2","DX-G04-004 DX-G04-005 DX-G04-006","not-assessed","unverified","NO-CONTENT-REPUBLISHED"
"R03-G-Q09-C3","R03-G-Q09","3","yes","pending-semantic-review","G04","4.2","DX-G04-004 DX-G04-005 DX-G04-006","not-assessed","unverified","NO-CONTENT-REPUBLISHED"
"R03-G-Q09-C4","R03-G-Q09","4","yes","pending-semantic-review","G04","4.2","DX-G04-004 DX-G04-005 DX-G04-006","not-assessed","unverified","NO-CONTENT-REPUBLISHED"
"R03-G-Q09-C5","R03-G-Q09","5","yes","pending-semantic-review","G04","4.2","DX-G04-004 DX-G04-005 DX-G04-006","not-assessed","unverified","NO-CONTENT-REPUBLISHED"
"R03-G-Q10-C1","R03-G-Q10","1","yes","pending-semantic-review","G04","4.2","DX-G04-004 DX-G04-005 DX-G04-006","not-assessed","unverified","NO-CONTENT-REPUBLISHED"
"R03-G-Q10-C2","R03-G-Q10","2","yes","pending-semantic-review","G04","4.2","DX-G04-004 DX-G04-005 DX-G04-006","not-assessed","unverified","NO-CONTENT-REPUBLISHED"
"R03-G-Q10-C3","R03-G-Q10","3","yes","pending-semantic-review","G04","4.2","DX-G04-004 DX-G04-005 DX-G04-006","not-assessed","unverified","NO-CONTENT-REPUBLISHED"
"R03-G-Q10-C4","R03-G-Q10","4","yes","pending-semantic-review","G04","4.2","DX-G04-004 DX-G04-005 DX-G04-006","not-assessed","unverified","NO-CONTENT-REPUBLISHED"
"R03-G-Q10-C5","R03-G-Q10","5","yes","pending-semantic-review","G04","4.2","DX-G04-004 DX-G04-005 DX-G04-006","not-assessed","unverified","NO-CONTENT-REPUBLISHED"
"R03-G-Q11-C1","R03-G-Q11","1","yes","pending-semantic-review","G06","6.1","DX-G06-001 DX-G06-002 DX-G06-003","not-assessed","unverified","NO-CONTENT-REPUBLISHED"
"R03-G-Q11-C2","R03-G-Q11","2","yes","pending-semantic-review","G06","6.1","DX-G06-001 DX-G06-002 DX-G06-003","not-assessed","unverified","NO-CONTENT-REPUBLISHED"
"R03-G-Q11-C3","R03-G-Q11","3","yes","pending-semantic-review","G06","6.1","DX-G06-001 DX-G06-002 DX-G06-003","not-assessed","unverified","NO-CONTENT-REPUBLISHED"
"R03-G-Q11-C4","R03-G-Q11","4","yes","pending-semantic-review","G06","6.1","DX-G06-001 DX-G06-002 DX-G06-003","not-assessed","unverified","NO-CONTENT-REPUBLISHED"
"R03-G-Q11-C5","R03-G-Q11","5","yes","pending-semantic-review","G06","6.1","DX-G06-001 DX-G06-002 DX-G06-003","not-assessed","unverified","NO-CONTENT-REPUBLISHED"
"R03-G-Q12-C1","R03-G-Q12","1","yes","pending-semantic-review","G04","4.2","DX-G04-004 DX-G04-005 DX-G04-006","not-assessed","unverified","NO-CONTENT-REPUBLISHED"
"R03-G-Q12-C2","R03-G-Q12","2","yes","pending-semantic-review","G04","4.2","DX-G04-004 DX-G04-005 DX-G04-006","not-assessed","unverified","NO-CONTENT-REPUBLISHED"
"R03-G-Q12-C3","R03-G-Q12","3","yes","pending-semantic-review","G04","4.2","DX-G04-004 DX-G04-005 DX-G04-006","not-assessed","unverified","NO-CONTENT-REPUBLISHED"
"R03-G-Q12-C4","R03-G-Q12","4","yes","pending-semantic-review","G04","4.2","DX-G04-004 DX-G04-005 DX-G04-006","not-assessed","unverified","NO-CONTENT-REPUBLISHED"
"R03-G-Q12-C5","R03-G-Q12","5","yes","pending-semantic-review","G04","4.2","DX-G04-004 DX-G04-005 DX-G04-006","not-assessed","unverified","NO-CONTENT-REPUBLISHED"
"R03-G-Q13-C1","R03-G-Q13","1","yes","pending-semantic-review","G04","4.2","DX-G04-004 DX-G04-005 DX-G04-006","not-assessed","unverified","NO-CONTENT-REPUBLISHED"
"R03-G-Q13-C2","R03-G-Q13","2","yes","pending-semantic-review","G04","4.2","DX-G04-004 DX-G04-005 DX-G04-006","not-assessed","unverified","NO-CONTENT-REPUBLISHED"
"R03-G-Q13-C3","R03-G-Q13","3","yes","pending-semantic-review","G04","4.2","DX-G04-004 DX-G04-005 DX-G04-006","not-assessed","unverified","NO-CONTENT-REPUBLISHED"
"R03-G-Q13-C4","R03-G-Q13","4","yes","pending-semantic-review","G04","4.2","DX-G04-004 DX-G04-005 DX-G04-006","not-assessed","unverified","NO-CONTENT-REPUBLISHED"
"R03-G-Q13-C5","R03-G-Q13","5","yes","pending-semantic-review","G04","4.2","DX-G04-004 DX-G04-005 DX-G04-006","not-assessed","unverified","NO-CONTENT-REPUBLISHED"
"R03-G-Q14-C1","R03-G-Q14","1","yes","pending-semantic-review","G05","5.2","DX-G05-004 DX-G05-005","not-assessed","unverified","NO-CONTENT-REPUBLISHED"
"R03-G-Q14-C2","R03-G-Q14","2","yes","pending-semantic-review","G05","5.2","DX-G05-004 DX-G05-005","not-assessed","unverified","NO-CONTENT-REPUBLISHED"
"R03-G-Q14-C3","R03-G-Q14","3","yes","pending-semantic-review","G05","5.2","DX-G05-004 DX-G05-005","not-assessed","unverified","NO-CONTENT-REPUBLISHED"
"R03-G-Q14-C4","R03-G-Q14","4","yes","pending-semantic-review","G05","5.2","DX-G05-004 DX-G05-005","not-assessed","unverified","NO-CONTENT-REPUBLISHED"
"R03-G-Q14-C5","R03-G-Q14","5","yes","pending-semantic-review","G05","5.2","DX-G05-004 DX-G05-005","not-assessed","unverified","NO-CONTENT-REPUBLISHED"
"R03-G-Q15-C1","R03-G-Q15","1","yes","pending-semantic-review","G05","5.2","DX-G05-004 DX-G05-005","not-assessed","unverified","NO-CONTENT-REPUBLISHED"
"R03-G-Q15-C2","R03-G-Q15","2","yes","pending-semantic-review","G05","5.2","DX-G05-004 DX-G05-005","not-assessed","unverified","NO-CONTENT-REPUBLISHED"
"R03-G-Q15-C3","R03-G-Q15","3","yes","pending-semantic-review","G05","5.2","DX-G05-004 DX-G05-005","not-assessed","unverified","NO-CONTENT-REPUBLISHED"
"R03-G-Q15-C4","R03-G-Q15","4","yes","pending-semantic-review","G05","5.2","DX-G05-004 DX-G05-005","not-assessed","unverified","NO-CONTENT-REPUBLISHED"
"R03-G-Q15-C5","R03-G-Q15","5","yes","pending-semantic-review","G05","5.2","DX-G05-004 DX-G05-005","not-assessed","unverified","NO-CONTENT-REPUBLISHED"
"R03-A-Q01-C1","R03-A-Q01","1","yes","pending-semantic-review","A01","8.3","DX-A01-006 DX-A01-007 DX-A01-008 DX-A01-009","not-assessed","unverified","NO-CONTENT-REPUBLISHED"
"R03-A-Q01-C2","R03-A-Q01","2","yes","pending-semantic-review","A01","8.3","DX-A01-006 DX-A01-007 DX-A01-008 DX-A01-009","not-assessed","unverified","NO-CONTENT-REPUBLISHED"
"R03-A-Q01-C3","R03-A-Q01","3","yes","pending-semantic-review","A01","8.3","DX-A01-006 DX-A01-007 DX-A01-008 DX-A01-009","not-assessed","unverified","NO-CONTENT-REPUBLISHED"
"R03-A-Q01-C4","R03-A-Q01","4","yes","pending-semantic-review","A01","8.3","DX-A01-006 DX-A01-007 DX-A01-008 DX-A01-009","not-assessed","unverified","NO-CONTENT-REPUBLISHED"
"R03-A-Q01-C5","R03-A-Q01","5","yes","pending-semantic-review","A01","8.3","DX-A01-006 DX-A01-007 DX-A01-008 DX-A01-009","not-assessed","unverified","NO-CONTENT-REPUBLISHED"
"R03-A-Q02-C1","R03-A-Q02","1","yes","pending-semantic-review","A01","8.3","DX-A01-006 DX-A01-007 DX-A01-008 DX-A01-009","not-assessed","unverified","NO-CONTENT-REPUBLISHED"
"R03-A-Q02-C2","R03-A-Q02","2","yes","pending-semantic-review","A01","8.3","DX-A01-006 DX-A01-007 DX-A01-008 DX-A01-009","not-assessed","unverified","NO-CONTENT-REPUBLISHED"
"R03-A-Q02-C3","R03-A-Q02","3","yes","pending-semantic-review","A01","8.3","DX-A01-006 DX-A01-007 DX-A01-008 DX-A01-009","not-assessed","unverified","NO-CONTENT-REPUBLISHED"
"R03-A-Q02-C4","R03-A-Q02","4","yes","pending-semantic-review","A01","8.3","DX-A01-006 DX-A01-007 DX-A01-008 DX-A01-009","not-assessed","unverified","NO-CONTENT-REPUBLISHED"
"R03-A-Q02-C5","R03-A-Q02","5","yes","pending-semantic-review","A01","8.3","DX-A01-006 DX-A01-007 DX-A01-008 DX-A01-009","not-assessed","unverified","NO-CONTENT-REPUBLISHED"
"R03-A-Q03-C1","R03-A-Q03","1","no","needs-visual-check","A04","11.1","DX-A04-001 DX-A04-002 DX-A04-003","not-assessed","unverified","NO-CONTENT-REPUBLISHED"
"R03-A-Q03-C2","R03-A-Q03","2","no","needs-visual-check","A04","11.1","DX-A04-001 DX-A04-002 DX-A04-003","not-assessed","unverified","NO-CONTENT-REPUBLISHED"
"R03-A-Q03-C3","R03-A-Q03","3","no","needs-visual-check","A04","11.1","DX-A04-001 DX-A04-002 DX-A04-003","not-assessed","unverified","NO-CONTENT-REPUBLISHED"
"R03-A-Q03-C4","R03-A-Q03","4","no","needs-visual-check","A04","11.1","DX-A04-001 DX-A04-002 DX-A04-003","not-assessed","unverified","NO-CONTENT-REPUBLISHED"
"R03-A-Q03-C5","R03-A-Q03","5","no","needs-visual-check","A04","11.1","DX-A04-001 DX-A04-002 DX-A04-003","not-assessed","unverified","NO-CONTENT-REPUBLISHED"
"R03-A-Q04-C1","R03-A-Q04","1","yes","needs-visual-check","A01","8.3","DX-A01-006 DX-A01-007 DX-A01-008 DX-A01-009","not-assessed","unverified","NO-CONTENT-REPUBLISHED"
"R03-A-Q04-C2","R03-A-Q04","2","yes","needs-visual-check","A01","8.3","DX-A01-006 DX-A01-007 DX-A01-008 DX-A01-009","not-assessed","unverified","NO-CONTENT-REPUBLISHED"
"R03-A-Q04-C3","R03-A-Q04","3","yes","needs-visual-check","A01","8.3","DX-A01-006 DX-A01-007 DX-A01-008 DX-A01-009","not-assessed","unverified","NO-CONTENT-REPUBLISHED"
"R03-A-Q04-C4","R03-A-Q04","4","yes","needs-visual-check","A01","8.3","DX-A01-006 DX-A01-007 DX-A01-008 DX-A01-009","not-assessed","unverified","NO-CONTENT-REPUBLISHED"
"R03-A-Q04-C5","R03-A-Q04","5","yes","needs-visual-check","A01","8.3","DX-A01-006 DX-A01-007 DX-A01-008 DX-A01-009","not-assessed","unverified","NO-CONTENT-REPUBLISHED"
"R03-A-Q05-C1","R03-A-Q05","1","yes","pending-semantic-review","A05","12.3","DX-A05-007 DX-A05-008 DX-A05-009","not-assessed","unverified","NO-CONTENT-REPUBLISHED"
"R03-A-Q05-C2","R03-A-Q05","2","yes","pending-semantic-review","A05","12.3","DX-A05-007 DX-A05-008 DX-A05-009","not-assessed","unverified","NO-CONTENT-REPUBLISHED"
"R03-A-Q05-C3","R03-A-Q05","3","yes","pending-semantic-review","A05","12.3","DX-A05-007 DX-A05-008 DX-A05-009","not-assessed","unverified","NO-CONTENT-REPUBLISHED"
"R03-A-Q05-C4","R03-A-Q05","4","yes","pending-semantic-review","A05","12.3","DX-A05-007 DX-A05-008 DX-A05-009","not-assessed","unverified","NO-CONTENT-REPUBLISHED"
"R03-A-Q05-C5","R03-A-Q05","5","yes","pending-semantic-review","A05","12.3","DX-A05-007 DX-A05-008 DX-A05-009","not-assessed","unverified","NO-CONTENT-REPUBLISHED"
"R03-A-Q06-C1","R03-A-Q06","1","yes","needs-visual-check","A01","8.3","DX-A01-006 DX-A01-007 DX-A01-008 DX-A01-009","not-assessed","unverified","NO-CONTENT-REPUBLISHED"
"R03-A-Q06-C2","R03-A-Q06","2","yes","needs-visual-check","A01","8.3","DX-A01-006 DX-A01-007 DX-A01-008 DX-A01-009","not-assessed","unverified","NO-CONTENT-REPUBLISHED"
"R03-A-Q06-C3","R03-A-Q06","3","yes","needs-visual-check","A01","8.3","DX-A01-006 DX-A01-007 DX-A01-008 DX-A01-009","not-assessed","unverified","NO-CONTENT-REPUBLISHED"
"R03-A-Q06-C4","R03-A-Q06","4","yes","needs-visual-check","A01","8.3","DX-A01-006 DX-A01-007 DX-A01-008 DX-A01-009","not-assessed","unverified","NO-CONTENT-REPUBLISHED"
"R03-A-Q06-C5","R03-A-Q06","5","yes","needs-visual-check","A01","8.3","DX-A01-006 DX-A01-007 DX-A01-008 DX-A01-009","not-assessed","unverified","NO-CONTENT-REPUBLISHED"
"R03-A-Q07-C1","R03-A-Q07","1","yes","pending-semantic-review","A01","8.3","DX-A01-006 DX-A01-007 DX-A01-008 DX-A01-009","not-assessed","unverified","NO-CONTENT-REPUBLISHED"
"R03-A-Q07-C2","R03-A-Q07","2","yes","pending-semantic-review","A01","8.3","DX-A01-006 DX-A01-007 DX-A01-008 DX-A01-009","not-assessed","unverified","NO-CONTENT-REPUBLISHED"
"R03-A-Q07-C3","R03-A-Q07","3","yes","pending-semantic-review","A01","8.3","DX-A01-006 DX-A01-007 DX-A01-008 DX-A01-009","not-assessed","unverified","NO-CONTENT-REPUBLISHED"
"R03-A-Q07-C4","R03-A-Q07","4","yes","pending-semantic-review","A01","8.3","DX-A01-006 DX-A01-007 DX-A01-008 DX-A01-009","not-assessed","unverified","NO-CONTENT-REPUBLISHED"
"R03-A-Q07-C5","R03-A-Q07","5","yes","pending-semantic-review","A01","8.3","DX-A01-006 DX-A01-007 DX-A01-008 DX-A01-009","not-assessed","unverified","NO-CONTENT-REPUBLISHED"
"R03-A-Q08-C1","R03-A-Q08","1","yes","pending-semantic-review","A02","9.1","DX-A02-001 DX-A02-002 DX-A02-003 DX-A02-004","not-assessed","unverified","NO-CONTENT-REPUBLISHED"
"R03-A-Q08-C2","R03-A-Q08","2","yes","pending-semantic-review","A02","9.1","DX-A02-001 DX-A02-002 DX-A02-003 DX-A02-004","not-assessed","unverified","NO-CONTENT-REPUBLISHED"
"R03-A-Q08-C3","R03-A-Q08","3","yes","pending-semantic-review","A02","9.1","DX-A02-001 DX-A02-002 DX-A02-003 DX-A02-004","not-assessed","unverified","NO-CONTENT-REPUBLISHED"
"R03-A-Q08-C4","R03-A-Q08","4","yes","pending-semantic-review","A02","9.1","DX-A02-001 DX-A02-002 DX-A02-003 DX-A02-004","not-assessed","unverified","NO-CONTENT-REPUBLISHED"
"R03-A-Q08-C5","R03-A-Q08","5","yes","pending-semantic-review","A02","9.1","DX-A02-001 DX-A02-002 DX-A02-003 DX-A02-004","not-assessed","unverified","NO-CONTENT-REPUBLISHED"
"R03-A-Q09-C1","R03-A-Q09","1","yes","pending-semantic-review","A02","9.1","DX-A02-001 DX-A02-002 DX-A02-003 DX-A02-004","not-assessed","unverified","NO-CONTENT-REPUBLISHED"
"R03-A-Q09-C2","R03-A-Q09","2","yes","pending-semantic-review","A02","9.1","DX-A02-001 DX-A02-002 DX-A02-003 DX-A02-004","not-assessed","unverified","NO-CONTENT-REPUBLISHED"
"R03-A-Q09-C3","R03-A-Q09","3","yes","pending-semantic-review","A02","9.1","DX-A02-001 DX-A02-002 DX-A02-003 DX-A02-004","not-assessed","unverified","NO-CONTENT-REPUBLISHED"
"R03-A-Q09-C4","R03-A-Q09","4","yes","pending-semantic-review","A02","9.1","DX-A02-001 DX-A02-002 DX-A02-003 DX-A02-004","not-assessed","unverified","NO-CONTENT-REPUBLISHED"
"R03-A-Q09-C5","R03-A-Q09","5","yes","pending-semantic-review","A02","9.1","DX-A02-001 DX-A02-002 DX-A02-003 DX-A02-004","not-assessed","unverified","NO-CONTENT-REPUBLISHED"
"R03-A-Q10-C1","R03-A-Q10","1","yes","needs-visual-check","A02","9.1","DX-A02-001 DX-A02-002 DX-A02-003 DX-A02-004","not-assessed","unverified","NO-CONTENT-REPUBLISHED"
"R03-A-Q10-C2","R03-A-Q10","2","yes","needs-visual-check","A02","9.1","DX-A02-001 DX-A02-002 DX-A02-003 DX-A02-004","not-assessed","unverified","NO-CONTENT-REPUBLISHED"
"R03-A-Q10-C3","R03-A-Q10","3","yes","needs-visual-check","A02","9.1","DX-A02-001 DX-A02-002 DX-A02-003 DX-A02-004","not-assessed","unverified","NO-CONTENT-REPUBLISHED"
"R03-A-Q10-C4","R03-A-Q10","4","yes","needs-visual-check","A02","9.1","DX-A02-001 DX-A02-002 DX-A02-003 DX-A02-004","not-assessed","unverified","NO-CONTENT-REPUBLISHED"
"R03-A-Q10-C5","R03-A-Q10","5","yes","needs-visual-check","A02","9.1","DX-A02-001 DX-A02-002 DX-A02-003 DX-A02-004","not-assessed","unverified","NO-CONTENT-REPUBLISHED"
"R03-A-Q11-C1","R03-A-Q11","1","yes","pending-semantic-review","A02","9.1","DX-A02-001 DX-A02-002 DX-A02-003 DX-A02-004","not-assessed","unverified","NO-CONTENT-REPUBLISHED"
"R03-A-Q11-C2","R03-A-Q11","2","yes","pending-semantic-review","A02","9.1","DX-A02-001 DX-A02-002 DX-A02-003 DX-A02-004","not-assessed","unverified","NO-CONTENT-REPUBLISHED"
"R03-A-Q11-C3","R03-A-Q11","3","yes","pending-semantic-review","A02","9.1","DX-A02-001 DX-A02-002 DX-A02-003 DX-A02-004","not-assessed","unverified","NO-CONTENT-REPUBLISHED"
"R03-A-Q11-C4","R03-A-Q11","4","yes","pending-semantic-review","A02","9.1","DX-A02-001 DX-A02-002 DX-A02-003 DX-A02-004","not-assessed","unverified","NO-CONTENT-REPUBLISHED"
"R03-A-Q11-C5","R03-A-Q11","5","yes","pending-semantic-review","A02","9.1","DX-A02-001 DX-A02-002 DX-A02-003 DX-A02-004","not-assessed","unverified","NO-CONTENT-REPUBLISHED"
"R03-A-Q12-C1","R03-A-Q12","1","yes","pending-semantic-review","A03","10.2","DX-A03-004 DX-A03-005 DX-A03-006","not-assessed","unverified","NO-CONTENT-REPUBLISHED"
"R03-A-Q12-C2","R03-A-Q12","2","yes","pending-semantic-review","A03","10.2","DX-A03-004 DX-A03-005 DX-A03-006","not-assessed","unverified","NO-CONTENT-REPUBLISHED"
"R03-A-Q12-C3","R03-A-Q12","3","yes","pending-semantic-review","A03","10.2","DX-A03-004 DX-A03-005 DX-A03-006","not-assessed","unverified","NO-CONTENT-REPUBLISHED"
"R03-A-Q12-C4","R03-A-Q12","4","yes","pending-semantic-review","A03","10.2","DX-A03-004 DX-A03-005 DX-A03-006","not-assessed","unverified","NO-CONTENT-REPUBLISHED"
"R03-A-Q12-C5","R03-A-Q12","5","yes","pending-semantic-review","A03","10.2","DX-A03-004 DX-A03-005 DX-A03-006","not-assessed","unverified","NO-CONTENT-REPUBLISHED"
"R03-A-Q13-C1","R03-A-Q13","1","yes","pending-semantic-review","A03","10.2","DX-A03-004 DX-A03-005 DX-A03-006","not-assessed","unverified","NO-CONTENT-REPUBLISHED"
"R03-A-Q13-C2","R03-A-Q13","2","yes","pending-semantic-review","A03","10.2","DX-A03-004 DX-A03-005 DX-A03-006","not-assessed","unverified","NO-CONTENT-REPUBLISHED"
"R03-A-Q13-C3","R03-A-Q13","3","yes","pending-semantic-review","A03","10.2","DX-A03-004 DX-A03-005 DX-A03-006","not-assessed","unverified","NO-CONTENT-REPUBLISHED"
"R03-A-Q13-C4","R03-A-Q13","4","yes","pending-semantic-review","A03","10.2","DX-A03-004 DX-A03-005 DX-A03-006","not-assessed","unverified","NO-CONTENT-REPUBLISHED"
"R03-A-Q13-C5","R03-A-Q13","5","yes","pending-semantic-review","A03","10.2","DX-A03-004 DX-A03-005 DX-A03-006","not-assessed","unverified","NO-CONTENT-REPUBLISHED"
"R03-A-Q14-C1","R03-A-Q14","1","yes","pending-semantic-review","A03","10.2","DX-A03-004 DX-A03-005 DX-A03-006","not-assessed","unverified","NO-CONTENT-REPUBLISHED"
"R03-A-Q14-C2","R03-A-Q14","2","yes","pending-semantic-review","A03","10.2","DX-A03-004 DX-A03-005 DX-A03-006","not-assessed","unverified","NO-CONTENT-REPUBLISHED"
"R03-A-Q14-C3","R03-A-Q14","3","yes","pending-semantic-review","A03","10.2","DX-A03-004 DX-A03-005 DX-A03-006","not-assessed","unverified","NO-CONTENT-REPUBLISHED"
"R03-A-Q14-C4","R03-A-Q14","4","yes","pending-semantic-review","A03","10.2","DX-A03-004 DX-A03-005 DX-A03-006","not-assessed","unverified","NO-CONTENT-REPUBLISHED"
"R03-A-Q14-C5","R03-A-Q14","5","yes","pending-semantic-review","A03","10.2","DX-A03-004 DX-A03-005 DX-A03-006","not-assessed","unverified","NO-CONTENT-REPUBLISHED"
"R03-A-Q15-C1","R03-A-Q15","1","no","needs-visual-check","A04","11.1","DX-A04-001 DX-A04-002 DX-A04-003","not-assessed","unverified","NO-CONTENT-REPUBLISHED"
"R03-A-Q15-C2","R03-A-Q15","2","no","needs-visual-check","A04","11.1","DX-A04-001 DX-A04-002 DX-A04-003","not-assessed","unverified","NO-CONTENT-REPUBLISHED"
"R03-A-Q15-C3","R03-A-Q15","3","no","needs-visual-check","A04","11.1","DX-A04-001 DX-A04-002 DX-A04-003","not-assessed","unverified","NO-CONTENT-REPUBLISHED"
"R03-A-Q15-C4","R03-A-Q15","4","no","needs-visual-check","A04","11.1","DX-A04-001 DX-A04-002 DX-A04-003","not-assessed","unverified","NO-CONTENT-REPUBLISHED"
"R03-A-Q15-C5","R03-A-Q15","5","no","needs-visual-check","A04","11.1","DX-A04-001 DX-A04-002 DX-A04-003","not-assessed","unverified","NO-CONTENT-REPUBLISHED"
"R03-A-Q16-C1","R03-A-Q16","1","yes","needs-visual-check","A04","11.1","DX-A04-001 DX-A04-002 DX-A04-003","not-assessed","unverified","NO-CONTENT-REPUBLISHED"
"R03-A-Q16-C2","R03-A-Q16","2","yes","needs-visual-check","A04","11.1","DX-A04-001 DX-A04-002 DX-A04-003","not-assessed","unverified","NO-CONTENT-REPUBLISHED"
"R03-A-Q16-C3","R03-A-Q16","3","yes","needs-visual-check","A04","11.1","DX-A04-001 DX-A04-002 DX-A04-003","not-assessed","unverified","NO-CONTENT-REPUBLISHED"
"R03-A-Q16-C4","R03-A-Q16","4","yes","needs-visual-check","A04","11.1","DX-A04-001 DX-A04-002 DX-A04-003","not-assessed","unverified","NO-CONTENT-REPUBLISHED"
"R03-A-Q16-C5","R03-A-Q16","5","yes","needs-visual-check","A04","11.1","DX-A04-001 DX-A04-002 DX-A04-003","not-assessed","unverified","NO-CONTENT-REPUBLISHED"
"R03-A-Q17-C1","R03-A-Q17","1","yes","needs-visual-check","A05","12.3","DX-A05-007 DX-A05-008 DX-A05-009","not-assessed","unverified","NO-CONTENT-REPUBLISHED"
"R03-A-Q17-C2","R03-A-Q17","2","yes","needs-visual-check","A05","12.3","DX-A05-007 DX-A05-008 DX-A05-009","not-assessed","unverified","NO-CONTENT-REPUBLISHED"
"R03-A-Q17-C3","R03-A-Q17","3","yes","needs-visual-check","A05","12.3","DX-A05-007 DX-A05-008 DX-A05-009","not-assessed","unverified","NO-CONTENT-REPUBLISHED"
"R03-A-Q17-C4","R03-A-Q17","4","yes","needs-visual-check","A05","12.3","DX-A05-007 DX-A05-008 DX-A05-009","not-assessed","unverified","NO-CONTENT-REPUBLISHED"
"R03-A-Q17-C5","R03-A-Q17","5","yes","needs-visual-check","A05","12.3","DX-A05-007 DX-A05-008 DX-A05-009","not-assessed","unverified","NO-CONTENT-REPUBLISHED"
"R03-A-Q18-C1","R03-A-Q18","1","yes","pending-semantic-review","A05","12.3","DX-A05-007 DX-A05-008 DX-A05-009","not-assessed","unverified","NO-CONTENT-REPUBLISHED"
"R03-A-Q18-C2","R03-A-Q18","2","yes","pending-semantic-review","A05","12.3","DX-A05-007 DX-A05-008 DX-A05-009","not-assessed","unverified","NO-CONTENT-REPUBLISHED"
"R03-A-Q18-C3","R03-A-Q18","3","yes","pending-semantic-review","A05","12.3","DX-A05-007 DX-A05-008 DX-A05-009","not-assessed","unverified","NO-CONTENT-REPUBLISHED"
"R03-A-Q18-C4","R03-A-Q18","4","yes","pending-semantic-review","A05","12.3","DX-A05-007 DX-A05-008 DX-A05-009","not-assessed","unverified","NO-CONTENT-REPUBLISHED"
"R03-A-Q18-C5","R03-A-Q18","5","yes","pending-semantic-review","A05","12.3","DX-A05-007 DX-A05-008 DX-A05-009","not-assessed","unverified","NO-CONTENT-REPUBLISHED"
"R03-A-Q19-C1","R03-A-Q19","1","yes","pending-semantic-review","A05","12.3","DX-A05-007 DX-A05-008 DX-A05-009","not-assessed","unverified","NO-CONTENT-REPUBLISHED"
"R03-A-Q19-C2","R03-A-Q19","2","yes","pending-semantic-review","A05","12.3","DX-A05-007 DX-A05-008 DX-A05-009","not-assessed","unverified","NO-CONTENT-REPUBLISHED"
"R03-A-Q19-C3","R03-A-Q19","3","yes","pending-semantic-review","A05","12.3","DX-A05-007 DX-A05-008 DX-A05-009","not-assessed","unverified","NO-CONTENT-REPUBLISHED"
"R03-A-Q19-C4","R03-A-Q19","4","yes","pending-semantic-review","A05","12.3","DX-A05-007 DX-A05-008 DX-A05-009","not-assessed","unverified","NO-CONTENT-REPUBLISHED"
"R03-A-Q19-C5","R03-A-Q19","5","yes","pending-semantic-review","A05","12.3","DX-A05-007 DX-A05-008 DX-A05-009","not-assessed","unverified","NO-CONTENT-REPUBLISHED"
"R03-A-Q20-C1","R03-A-Q20","1","yes","pending-semantic-review","A05","12.3","DX-A05-007 DX-A05-008 DX-A05-009","not-assessed","unverified","NO-CONTENT-REPUBLISHED"
"R03-A-Q20-C2","R03-A-Q20","2","yes","pending-semantic-review","A05","12.3","DX-A05-007 DX-A05-008 DX-A05-009","not-assessed","unverified","NO-CONTENT-REPUBLISHED"
"R03-A-Q20-C3","R03-A-Q20","3","yes","pending-semantic-review","A05","12.3","DX-A05-007 DX-A05-008 DX-A05-009","not-assessed","unverified","NO-CONTENT-REPUBLISHED"
"R03-A-Q20-C4","R03-A-Q20","4","yes","pending-semantic-review","A05","12.3","DX-A05-007 DX-A05-008 DX-A05-009","not-assessed","unverified","NO-CONTENT-REPUBLISHED"
"R03-A-Q20-C5","R03-A-Q20","5","yes","pending-semantic-review","A05","12.3","DX-A05-007 DX-A05-008 DX-A05-009","not-assessed","unverified","NO-CONTENT-REPUBLISHED"
"R03-A-Q21-C1","R03-A-Q21","1","yes","pending-semantic-review","A05","12.3","DX-A05-007 DX-A05-008 DX-A05-009","not-assessed","unverified","NO-CONTENT-REPUBLISHED"
"R03-A-Q21-C2","R03-A-Q21","2","yes","pending-semantic-review","A05","12.3","DX-A05-007 DX-A05-008 DX-A05-009","not-assessed","unverified","NO-CONTENT-REPUBLISHED"
"R03-A-Q21-C3","R03-A-Q21","3","yes","pending-semantic-review","A05","12.3","DX-A05-007 DX-A05-008 DX-A05-009","not-assessed","unverified","NO-CONTENT-REPUBLISHED"
"R03-A-Q21-C4","R03-A-Q21","4","yes","pending-semantic-review","A05","12.3","DX-A05-007 DX-A05-008 DX-A05-009","not-assessed","unverified","NO-CONTENT-REPUBLISHED"
"R03-A-Q21-C5","R03-A-Q21","5","yes","pending-semantic-review","A05","12.3","DX-A05-007 DX-A05-008 DX-A05-009","not-assessed","unverified","NO-CONTENT-REPUBLISHED"
"R03-A-Q22-C1","R03-A-Q22","1","yes","pending-semantic-review","A05","12.3","DX-A05-007 DX-A05-008 DX-A05-009","not-assessed","unverified","NO-CONTENT-REPUBLISHED"
"R03-A-Q22-C2","R03-A-Q22","2","yes","pending-semantic-review","A05","12.3","DX-A05-007 DX-A05-008 DX-A05-009","not-assessed","unverified","NO-CONTENT-REPUBLISHED"
"R03-A-Q22-C3","R03-A-Q22","3","yes","pending-semantic-review","A05","12.3","DX-A05-007 DX-A05-008 DX-A05-009","not-assessed","unverified","NO-CONTENT-REPUBLISHED"
"R03-A-Q22-C4","R03-A-Q22","4","yes","pending-semantic-review","A05","12.3","DX-A05-007 DX-A05-008 DX-A05-009","not-assessed","unverified","NO-CONTENT-REPUBLISHED"
"R03-A-Q22-C5","R03-A-Q22","5","yes","pending-semantic-review","A05","12.3","DX-A05-007 DX-A05-008 DX-A05-009","not-assessed","unverified","NO-CONTENT-REPUBLISHED"
"R03-A-Q23-C1","R03-A-Q23","1","yes","pending-semantic-review","A05","12.3","DX-A05-007 DX-A05-008 DX-A05-009","not-assessed","unverified","NO-CONTENT-REPUBLISHED"
"R03-A-Q23-C2","R03-A-Q23","2","yes","pending-semantic-review","A05","12.3","DX-A05-007 DX-A05-008 DX-A05-009","not-assessed","unverified","NO-CONTENT-REPUBLISHED"
"R03-A-Q23-C3","R03-A-Q23","3","yes","pending-semantic-review","A05","12.3","DX-A05-007 DX-A05-008 DX-A05-009","not-assessed","unverified","NO-CONTENT-REPUBLISHED"
"R03-A-Q23-C4","R03-A-Q23","4","yes","pending-semantic-review","A05","12.3","DX-A05-007 DX-A05-008 DX-A05-009","not-assessed","unverified","NO-CONTENT-REPUBLISHED"
"R03-A-Q23-C5","R03-A-Q23","5","yes","pending-semantic-review","A05","12.3","DX-A05-007 DX-A05-008 DX-A05-009","not-assessed","unverified","NO-CONTENT-REPUBLISHED"
"R03-A-Q24-C1","R03-A-Q24","1","yes","pending-semantic-review","A05","12.3","DX-A05-007 DX-A05-008 DX-A05-009","not-assessed","unverified","NO-CONTENT-REPUBLISHED"
"R03-A-Q24-C2","R03-A-Q24","2","yes","pending-semantic-review","A05","12.3","DX-A05-007 DX-A05-008 DX-A05-009","not-assessed","unverified","NO-CONTENT-REPUBLISHED"
"R03-A-Q24-C3","R03-A-Q24","3","yes","pending-semantic-review","A05","12.3","DX-A05-007 DX-A05-008 DX-A05-009","not-assessed","unverified","NO-CONTENT-REPUBLISHED"
"R03-A-Q24-C4","R03-A-Q24","4","yes","pending-semantic-review","A05","12.3","DX-A05-007 DX-A05-008 DX-A05-009","not-assessed","unverified","NO-CONTENT-REPUBLISHED"
"R03-A-Q24-C5","R03-A-Q24","5","yes","pending-semantic-review","A05","12.3","DX-A05-007 DX-A05-008 DX-A05-009","not-assessed","unverified","NO-CONTENT-REPUBLISHED"
"R03-A-Q25-C1","R03-A-Q25","1","yes","needs-visual-check","A05","12.3","DX-A05-007 DX-A05-008 DX-A05-009","not-assessed","unverified","NO-CONTENT-REPUBLISHED"
"R03-A-Q25-C2","R03-A-Q25","2","yes","needs-visual-check","A05","12.3","DX-A05-007 DX-A05-008 DX-A05-009","not-assessed","unverified","NO-CONTENT-REPUBLISHED"
"R03-A-Q25-C3","R03-A-Q25","3","yes","needs-visual-check","A05","12.3","DX-A05-007 DX-A05-008 DX-A05-009","not-assessed","unverified","NO-CONTENT-REPUBLISHED"
"R03-A-Q25-C4","R03-A-Q25","4","yes","needs-visual-check","A05","12.3","DX-A05-007 DX-A05-008 DX-A05-009","not-assessed","unverified","NO-CONTENT-REPUBLISHED"
"R03-A-Q25-C5","R03-A-Q25","5","yes","needs-visual-check","A05","12.3","DX-A05-007 DX-A05-008 DX-A05-009","not-assessed","unverified","NO-CONTENT-REPUBLISHED"
"R04-G-Q01-C1","R04-G-Q01","1","yes","pending-semantic-review","G01","1.3","DX-G01-007 DX-G01-008 DX-G01-009 DX-G01-010","not-assessed","unverified","NO-CONTENT-REPUBLISHED"
"R04-G-Q01-C2","R04-G-Q01","2","yes","pending-semantic-review","G01","1.3","DX-G01-007 DX-G01-008 DX-G01-009 DX-G01-010","not-assessed","unverified","NO-CONTENT-REPUBLISHED"
"R04-G-Q01-C3","R04-G-Q01","3","yes","pending-semantic-review","G01","1.3","DX-G01-007 DX-G01-008 DX-G01-009 DX-G01-010","not-assessed","unverified","NO-CONTENT-REPUBLISHED"
"R04-G-Q01-C4","R04-G-Q01","4","yes","pending-semantic-review","G01","1.3","DX-G01-007 DX-G01-008 DX-G01-009 DX-G01-010","not-assessed","unverified","NO-CONTENT-REPUBLISHED"
"R04-G-Q01-C5","R04-G-Q01","5","yes","pending-semantic-review","G01","1.3","DX-G01-007 DX-G01-008 DX-G01-009 DX-G01-010","not-assessed","unverified","NO-CONTENT-REPUBLISHED"
"R04-G-Q02-C1","R04-G-Q02","1","yes","needs-visual-check","G01","1.5","DX-G01-015 DX-G01-016 DX-G01-017 DX-G01-018","not-assessed","unverified","NO-CONTENT-REPUBLISHED"
"R04-G-Q02-C2","R04-G-Q02","2","yes","needs-visual-check","G01","1.5","DX-G01-015 DX-G01-016 DX-G01-017 DX-G01-018","not-assessed","unverified","NO-CONTENT-REPUBLISHED"
"R04-G-Q02-C3","R04-G-Q02","3","yes","needs-visual-check","G01","1.5","DX-G01-015 DX-G01-016 DX-G01-017 DX-G01-018","not-assessed","unverified","NO-CONTENT-REPUBLISHED"
"R04-G-Q02-C4","R04-G-Q02","4","yes","needs-visual-check","G01","1.5","DX-G01-015 DX-G01-016 DX-G01-017 DX-G01-018","not-assessed","unverified","NO-CONTENT-REPUBLISHED"
"R04-G-Q02-C5","R04-G-Q02","5","yes","needs-visual-check","G01","1.5","DX-G01-015 DX-G01-016 DX-G01-017 DX-G01-018","not-assessed","unverified","NO-CONTENT-REPUBLISHED"
"R04-G-Q03-C1","R04-G-Q03","1","yes","pending-semantic-review","G01","1.5","DX-G01-015 DX-G01-016 DX-G01-017 DX-G01-018","not-assessed","unverified","NO-CONTENT-REPUBLISHED"
"R04-G-Q03-C2","R04-G-Q03","2","yes","pending-semantic-review","G01","1.5","DX-G01-015 DX-G01-016 DX-G01-017 DX-G01-018","not-assessed","unverified","NO-CONTENT-REPUBLISHED"
"R04-G-Q03-C3","R04-G-Q03","3","yes","pending-semantic-review","G01","1.5","DX-G01-015 DX-G01-016 DX-G01-017 DX-G01-018","not-assessed","unverified","NO-CONTENT-REPUBLISHED"
"R04-G-Q03-C4","R04-G-Q03","4","yes","pending-semantic-review","G01","1.5","DX-G01-015 DX-G01-016 DX-G01-017 DX-G01-018","not-assessed","unverified","NO-CONTENT-REPUBLISHED"
"R04-G-Q03-C5","R04-G-Q03","5","yes","pending-semantic-review","G01","1.5","DX-G01-015 DX-G01-016 DX-G01-017 DX-G01-018","not-assessed","unverified","NO-CONTENT-REPUBLISHED"
"R04-G-Q04-C1","R04-G-Q04","1","yes","pending-semantic-review","G01","1.5","DX-G01-015 DX-G01-016 DX-G01-017 DX-G01-018","not-assessed","unverified","NO-CONTENT-REPUBLISHED"
"R04-G-Q04-C2","R04-G-Q04","2","yes","pending-semantic-review","G01","1.5","DX-G01-015 DX-G01-016 DX-G01-017 DX-G01-018","not-assessed","unverified","NO-CONTENT-REPUBLISHED"
"R04-G-Q04-C3","R04-G-Q04","3","yes","pending-semantic-review","G01","1.5","DX-G01-015 DX-G01-016 DX-G01-017 DX-G01-018","not-assessed","unverified","NO-CONTENT-REPUBLISHED"
"R04-G-Q04-C4","R04-G-Q04","4","yes","pending-semantic-review","G01","1.5","DX-G01-015 DX-G01-016 DX-G01-017 DX-G01-018","not-assessed","unverified","NO-CONTENT-REPUBLISHED"
"R04-G-Q04-C5","R04-G-Q04","5","yes","pending-semantic-review","G01","1.5","DX-G01-015 DX-G01-016 DX-G01-017 DX-G01-018","not-assessed","unverified","NO-CONTENT-REPUBLISHED"
"R04-G-Q05-C1","R04-G-Q05","1","yes","pending-semantic-review","G01","1.5","DX-G01-015 DX-G01-016 DX-G01-017 DX-G01-018","not-assessed","unverified","NO-CONTENT-REPUBLISHED"
"R04-G-Q05-C2","R04-G-Q05","2","yes","pending-semantic-review","G01","1.5","DX-G01-015 DX-G01-016 DX-G01-017 DX-G01-018","not-assessed","unverified","NO-CONTENT-REPUBLISHED"
"R04-G-Q05-C3","R04-G-Q05","3","yes","pending-semantic-review","G01","1.5","DX-G01-015 DX-G01-016 DX-G01-017 DX-G01-018","not-assessed","unverified","NO-CONTENT-REPUBLISHED"
"R04-G-Q05-C4","R04-G-Q05","4","yes","pending-semantic-review","G01","1.5","DX-G01-015 DX-G01-016 DX-G01-017 DX-G01-018","not-assessed","unverified","NO-CONTENT-REPUBLISHED"
"R04-G-Q05-C5","R04-G-Q05","5","yes","pending-semantic-review","G01","1.5","DX-G01-015 DX-G01-016 DX-G01-017 DX-G01-018","not-assessed","unverified","NO-CONTENT-REPUBLISHED"
"R04-G-Q06-C1","R04-G-Q06","1","yes","pending-semantic-review","G04","4.1","DX-G04-001 DX-G04-002 DX-G04-003","not-assessed","unverified","NO-CONTENT-REPUBLISHED"
"R04-G-Q06-C2","R04-G-Q06","2","yes","pending-semantic-review","G04","4.1","DX-G04-001 DX-G04-002 DX-G04-003","not-assessed","unverified","NO-CONTENT-REPUBLISHED"
"R04-G-Q06-C3","R04-G-Q06","3","yes","pending-semantic-review","G04","4.1","DX-G04-001 DX-G04-002 DX-G04-003","not-assessed","unverified","NO-CONTENT-REPUBLISHED"
"R04-G-Q06-C4","R04-G-Q06","4","yes","pending-semantic-review","G04","4.1","DX-G04-001 DX-G04-002 DX-G04-003","not-assessed","unverified","NO-CONTENT-REPUBLISHED"
"R04-G-Q06-C5","R04-G-Q06","5","yes","pending-semantic-review","G04","4.1","DX-G04-001 DX-G04-002 DX-G04-003","not-assessed","unverified","NO-CONTENT-REPUBLISHED"
"R04-G-Q07-C1","R04-G-Q07","1","yes","pending-semantic-review","G02","2.1","DX-G02-001 DX-G02-002","not-assessed","unverified","NO-CONTENT-REPUBLISHED"
"R04-G-Q07-C2","R04-G-Q07","2","yes","pending-semantic-review","G02","2.1","DX-G02-001 DX-G02-002","not-assessed","unverified","NO-CONTENT-REPUBLISHED"
"R04-G-Q07-C3","R04-G-Q07","3","yes","pending-semantic-review","G02","2.1","DX-G02-001 DX-G02-002","not-assessed","unverified","NO-CONTENT-REPUBLISHED"
"R04-G-Q07-C4","R04-G-Q07","4","yes","pending-semantic-review","G02","2.1","DX-G02-001 DX-G02-002","not-assessed","unverified","NO-CONTENT-REPUBLISHED"
"R04-G-Q07-C5","R04-G-Q07","5","yes","pending-semantic-review","G02","2.1","DX-G02-001 DX-G02-002","not-assessed","unverified","NO-CONTENT-REPUBLISHED"
"R04-G-Q08-C1","R04-G-Q08","1","yes","needs-visual-check","G02","2.1","DX-G02-001 DX-G02-002","not-assessed","unverified","NO-CONTENT-REPUBLISHED"
"R04-G-Q08-C2","R04-G-Q08","2","yes","needs-visual-check","G02","2.1","DX-G02-001 DX-G02-002","not-assessed","unverified","NO-CONTENT-REPUBLISHED"
"R04-G-Q08-C3","R04-G-Q08","3","yes","needs-visual-check","G02","2.1","DX-G02-001 DX-G02-002","not-assessed","unverified","NO-CONTENT-REPUBLISHED"
"R04-G-Q08-C4","R04-G-Q08","4","yes","needs-visual-check","G02","2.1","DX-G02-001 DX-G02-002","not-assessed","unverified","NO-CONTENT-REPUBLISHED"
"R04-G-Q08-C5","R04-G-Q08","5","yes","needs-visual-check","G02","2.1","DX-G02-001 DX-G02-002","not-assessed","unverified","NO-CONTENT-REPUBLISHED"
"R04-G-Q09-C1","R04-G-Q09","1","yes","pending-semantic-review","G03","3.3","DX-G03-007 DX-G03-008","not-assessed","unverified","NO-CONTENT-REPUBLISHED"
"R04-G-Q09-C2","R04-G-Q09","2","yes","pending-semantic-review","G03","3.3","DX-G03-007 DX-G03-008","not-assessed","unverified","NO-CONTENT-REPUBLISHED"
"R04-G-Q09-C3","R04-G-Q09","3","yes","pending-semantic-review","G03","3.3","DX-G03-007 DX-G03-008","not-assessed","unverified","NO-CONTENT-REPUBLISHED"
"R04-G-Q09-C4","R04-G-Q09","4","yes","pending-semantic-review","G03","3.3","DX-G03-007 DX-G03-008","not-assessed","unverified","NO-CONTENT-REPUBLISHED"
"R04-G-Q09-C5","R04-G-Q09","5","yes","pending-semantic-review","G03","3.3","DX-G03-007 DX-G03-008","not-assessed","unverified","NO-CONTENT-REPUBLISHED"
"R04-G-Q10-C1","R04-G-Q10","1","yes","pending-semantic-review","G04","4.2","DX-G04-004 DX-G04-005 DX-G04-006","not-assessed","unverified","NO-CONTENT-REPUBLISHED"
"R04-G-Q10-C2","R04-G-Q10","2","yes","pending-semantic-review","G04","4.2","DX-G04-004 DX-G04-005 DX-G04-006","not-assessed","unverified","NO-CONTENT-REPUBLISHED"
"R04-G-Q10-C3","R04-G-Q10","3","yes","pending-semantic-review","G04","4.2","DX-G04-004 DX-G04-005 DX-G04-006","not-assessed","unverified","NO-CONTENT-REPUBLISHED"
"R04-G-Q10-C4","R04-G-Q10","4","yes","pending-semantic-review","G04","4.2","DX-G04-004 DX-G04-005 DX-G04-006","not-assessed","unverified","NO-CONTENT-REPUBLISHED"
"R04-G-Q10-C5","R04-G-Q10","5","yes","pending-semantic-review","G04","4.2","DX-G04-004 DX-G04-005 DX-G04-006","not-assessed","unverified","NO-CONTENT-REPUBLISHED"
"R04-G-Q11-C1","R04-G-Q11","1","yes","pending-semantic-review","G02","2.1","DX-G02-001 DX-G02-002","not-assessed","unverified","NO-CONTENT-REPUBLISHED"
"R04-G-Q11-C2","R04-G-Q11","2","yes","pending-semantic-review","G02","2.1","DX-G02-001 DX-G02-002","not-assessed","unverified","NO-CONTENT-REPUBLISHED"
"R04-G-Q11-C3","R04-G-Q11","3","yes","pending-semantic-review","G02","2.1","DX-G02-001 DX-G02-002","not-assessed","unverified","NO-CONTENT-REPUBLISHED"
"R04-G-Q11-C4","R04-G-Q11","4","yes","pending-semantic-review","G02","2.1","DX-G02-001 DX-G02-002","not-assessed","unverified","NO-CONTENT-REPUBLISHED"
"R04-G-Q11-C5","R04-G-Q11","5","yes","pending-semantic-review","G02","2.1","DX-G02-001 DX-G02-002","not-assessed","unverified","NO-CONTENT-REPUBLISHED"
"R04-G-Q12-C1","R04-G-Q12","1","yes","pending-semantic-review","G04","4.2","DX-G04-004 DX-G04-005 DX-G04-006","not-assessed","unverified","NO-CONTENT-REPUBLISHED"
"R04-G-Q12-C2","R04-G-Q12","2","yes","pending-semantic-review","G04","4.2","DX-G04-004 DX-G04-005 DX-G04-006","not-assessed","unverified","NO-CONTENT-REPUBLISHED"
"R04-G-Q12-C3","R04-G-Q12","3","yes","pending-semantic-review","G04","4.2","DX-G04-004 DX-G04-005 DX-G04-006","not-assessed","unverified","NO-CONTENT-REPUBLISHED"
"R04-G-Q12-C4","R04-G-Q12","4","yes","pending-semantic-review","G04","4.2","DX-G04-004 DX-G04-005 DX-G04-006","not-assessed","unverified","NO-CONTENT-REPUBLISHED"
"R04-G-Q12-C5","R04-G-Q12","5","yes","pending-semantic-review","G04","4.2","DX-G04-004 DX-G04-005 DX-G04-006","not-assessed","unverified","NO-CONTENT-REPUBLISHED"
"R04-G-Q13-C1","R04-G-Q13","1","yes","pending-semantic-review","G05","5.2","DX-G05-004 DX-G05-005","not-assessed","unverified","NO-CONTENT-REPUBLISHED"
"R04-G-Q13-C2","R04-G-Q13","2","yes","pending-semantic-review","G05","5.2","DX-G05-004 DX-G05-005","not-assessed","unverified","NO-CONTENT-REPUBLISHED"
"R04-G-Q13-C3","R04-G-Q13","3","yes","pending-semantic-review","G05","5.2","DX-G05-004 DX-G05-005","not-assessed","unverified","NO-CONTENT-REPUBLISHED"
"R04-G-Q13-C4","R04-G-Q13","4","yes","pending-semantic-review","G05","5.2","DX-G05-004 DX-G05-005","not-assessed","unverified","NO-CONTENT-REPUBLISHED"
"R04-G-Q13-C5","R04-G-Q13","5","yes","pending-semantic-review","G05","5.2","DX-G05-004 DX-G05-005","not-assessed","unverified","NO-CONTENT-REPUBLISHED"
"R04-G-Q14-C1","R04-G-Q14","1","yes","pending-semantic-review","G04","4.1","DX-G04-001 DX-G04-002 DX-G04-003","not-assessed","unverified","NO-CONTENT-REPUBLISHED"
"R04-G-Q14-C2","R04-G-Q14","2","yes","pending-semantic-review","G04","4.1","DX-G04-001 DX-G04-002 DX-G04-003","not-assessed","unverified","NO-CONTENT-REPUBLISHED"
"R04-G-Q14-C3","R04-G-Q14","3","yes","pending-semantic-review","G04","4.1","DX-G04-001 DX-G04-002 DX-G04-003","not-assessed","unverified","NO-CONTENT-REPUBLISHED"
"R04-G-Q14-C4","R04-G-Q14","4","yes","pending-semantic-review","G04","4.1","DX-G04-001 DX-G04-002 DX-G04-003","not-assessed","unverified","NO-CONTENT-REPUBLISHED"
"R04-G-Q14-C5","R04-G-Q14","5","yes","pending-semantic-review","G04","4.1","DX-G04-001 DX-G04-002 DX-G04-003","not-assessed","unverified","NO-CONTENT-REPUBLISHED"
"R04-G-Q15-C1","R04-G-Q15","1","yes","pending-semantic-review","G06","6.1","DX-G06-001 DX-G06-002 DX-G06-003","not-assessed","unverified","NO-CONTENT-REPUBLISHED"
"R04-G-Q15-C2","R04-G-Q15","2","yes","pending-semantic-review","G06","6.1","DX-G06-001 DX-G06-002 DX-G06-003","not-assessed","unverified","NO-CONTENT-REPUBLISHED"
"R04-G-Q15-C3","R04-G-Q15","3","yes","pending-semantic-review","G06","6.1","DX-G06-001 DX-G06-002 DX-G06-003","not-assessed","unverified","NO-CONTENT-REPUBLISHED"
"R04-G-Q15-C4","R04-G-Q15","4","yes","pending-semantic-review","G06","6.1","DX-G06-001 DX-G06-002 DX-G06-003","not-assessed","unverified","NO-CONTENT-REPUBLISHED"
"R04-G-Q15-C5","R04-G-Q15","5","yes","pending-semantic-review","G06","6.1","DX-G06-001 DX-G06-002 DX-G06-003","not-assessed","unverified","NO-CONTENT-REPUBLISHED"
"R04-A-Q01-C1","R04-A-Q01","1","yes","pending-semantic-review","A01","8.3","DX-A01-006 DX-A01-007 DX-A01-008 DX-A01-009","not-assessed","unverified","NO-CONTENT-REPUBLISHED"
"R04-A-Q01-C2","R04-A-Q01","2","yes","pending-semantic-review","A01","8.3","DX-A01-006 DX-A01-007 DX-A01-008 DX-A01-009","not-assessed","unverified","NO-CONTENT-REPUBLISHED"
"R04-A-Q01-C3","R04-A-Q01","3","yes","pending-semantic-review","A01","8.3","DX-A01-006 DX-A01-007 DX-A01-008 DX-A01-009","not-assessed","unverified","NO-CONTENT-REPUBLISHED"
"R04-A-Q01-C4","R04-A-Q01","4","yes","pending-semantic-review","A01","8.3","DX-A01-006 DX-A01-007 DX-A01-008 DX-A01-009","not-assessed","unverified","NO-CONTENT-REPUBLISHED"
"R04-A-Q01-C5","R04-A-Q01","5","yes","pending-semantic-review","A01","8.3","DX-A01-006 DX-A01-007 DX-A01-008 DX-A01-009","not-assessed","unverified","NO-CONTENT-REPUBLISHED"
"R04-A-Q02-C1","R04-A-Q02","1","yes","pending-semantic-review","A01","8.3","DX-A01-006 DX-A01-007 DX-A01-008 DX-A01-009","not-assessed","unverified","NO-CONTENT-REPUBLISHED"
"R04-A-Q02-C2","R04-A-Q02","2","yes","pending-semantic-review","A01","8.3","DX-A01-006 DX-A01-007 DX-A01-008 DX-A01-009","not-assessed","unverified","NO-CONTENT-REPUBLISHED"
"R04-A-Q02-C3","R04-A-Q02","3","yes","pending-semantic-review","A01","8.3","DX-A01-006 DX-A01-007 DX-A01-008 DX-A01-009","not-assessed","unverified","NO-CONTENT-REPUBLISHED"
"R04-A-Q02-C4","R04-A-Q02","4","yes","pending-semantic-review","A01","8.3","DX-A01-006 DX-A01-007 DX-A01-008 DX-A01-009","not-assessed","unverified","NO-CONTENT-REPUBLISHED"
"R04-A-Q02-C5","R04-A-Q02","5","yes","pending-semantic-review","A01","8.3","DX-A01-006 DX-A01-007 DX-A01-008 DX-A01-009","not-assessed","unverified","NO-CONTENT-REPUBLISHED"
"R04-A-Q03-C1","R04-A-Q03","1","yes","pending-semantic-review","A01","8.3","DX-A01-006 DX-A01-007 DX-A01-008 DX-A01-009","not-assessed","unverified","NO-CONTENT-REPUBLISHED"
"R04-A-Q03-C2","R04-A-Q03","2","yes","pending-semantic-review","A01","8.3","DX-A01-006 DX-A01-007 DX-A01-008 DX-A01-009","not-assessed","unverified","NO-CONTENT-REPUBLISHED"
"R04-A-Q03-C3","R04-A-Q03","3","yes","pending-semantic-review","A01","8.3","DX-A01-006 DX-A01-007 DX-A01-008 DX-A01-009","not-assessed","unverified","NO-CONTENT-REPUBLISHED"
"R04-A-Q03-C4","R04-A-Q03","4","yes","pending-semantic-review","A01","8.3","DX-A01-006 DX-A01-007 DX-A01-008 DX-A01-009","not-assessed","unverified","NO-CONTENT-REPUBLISHED"
"R04-A-Q03-C5","R04-A-Q03","5","yes","pending-semantic-review","A01","8.3","DX-A01-006 DX-A01-007 DX-A01-008 DX-A01-009","not-assessed","unverified","NO-CONTENT-REPUBLISHED"
"R04-A-Q04-C1","R04-A-Q04","1","yes","pending-semantic-review","A01","8.3","DX-A01-006 DX-A01-007 DX-A01-008 DX-A01-009","not-assessed","unverified","NO-CONTENT-REPUBLISHED"
"R04-A-Q04-C2","R04-A-Q04","2","yes","pending-semantic-review","A01","8.3","DX-A01-006 DX-A01-007 DX-A01-008 DX-A01-009","not-assessed","unverified","NO-CONTENT-REPUBLISHED"
"R04-A-Q04-C3","R04-A-Q04","3","yes","pending-semantic-review","A01","8.3","DX-A01-006 DX-A01-007 DX-A01-008 DX-A01-009","not-assessed","unverified","NO-CONTENT-REPUBLISHED"
"R04-A-Q04-C4","R04-A-Q04","4","yes","pending-semantic-review","A01","8.3","DX-A01-006 DX-A01-007 DX-A01-008 DX-A01-009","not-assessed","unverified","NO-CONTENT-REPUBLISHED"
"R04-A-Q04-C5","R04-A-Q04","5","yes","pending-semantic-review","A01","8.3","DX-A01-006 DX-A01-007 DX-A01-008 DX-A01-009","not-assessed","unverified","NO-CONTENT-REPUBLISHED"
"R04-A-Q05-C1","R04-A-Q05","1","yes","pending-semantic-review","A01","8.3","DX-A01-006 DX-A01-007 DX-A01-008 DX-A01-009","not-assessed","unverified","NO-CONTENT-REPUBLISHED"
"R04-A-Q05-C2","R04-A-Q05","2","yes","pending-semantic-review","A01","8.3","DX-A01-006 DX-A01-007 DX-A01-008 DX-A01-009","not-assessed","unverified","NO-CONTENT-REPUBLISHED"
"R04-A-Q05-C3","R04-A-Q05","3","yes","pending-semantic-review","A01","8.3","DX-A01-006 DX-A01-007 DX-A01-008 DX-A01-009","not-assessed","unverified","NO-CONTENT-REPUBLISHED"
"R04-A-Q05-C4","R04-A-Q05","4","yes","pending-semantic-review","A01","8.3","DX-A01-006 DX-A01-007 DX-A01-008 DX-A01-009","not-assessed","unverified","NO-CONTENT-REPUBLISHED"
"R04-A-Q05-C5","R04-A-Q05","5","yes","pending-semantic-review","A01","8.3","DX-A01-006 DX-A01-007 DX-A01-008 DX-A01-009","not-assessed","unverified","NO-CONTENT-REPUBLISHED"
"R04-A-Q06-C1","R04-A-Q06","1","yes","pending-semantic-review","A01","8.3","DX-A01-006 DX-A01-007 DX-A01-008 DX-A01-009","not-assessed","unverified","NO-CONTENT-REPUBLISHED"
"R04-A-Q06-C2","R04-A-Q06","2","yes","pending-semantic-review","A01","8.3","DX-A01-006 DX-A01-007 DX-A01-008 DX-A01-009","not-assessed","unverified","NO-CONTENT-REPUBLISHED"
"R04-A-Q06-C3","R04-A-Q06","3","yes","pending-semantic-review","A01","8.3","DX-A01-006 DX-A01-007 DX-A01-008 DX-A01-009","not-assessed","unverified","NO-CONTENT-REPUBLISHED"
"R04-A-Q06-C4","R04-A-Q06","4","yes","pending-semantic-review","A01","8.3","DX-A01-006 DX-A01-007 DX-A01-008 DX-A01-009","not-assessed","unverified","NO-CONTENT-REPUBLISHED"
"R04-A-Q06-C5","R04-A-Q06","5","yes","pending-semantic-review","A01","8.3","DX-A01-006 DX-A01-007 DX-A01-008 DX-A01-009","not-assessed","unverified","NO-CONTENT-REPUBLISHED"
"R04-A-Q07-C1","R04-A-Q07","1","yes","needs-visual-check","A01","8.3","DX-A01-006 DX-A01-007 DX-A01-008 DX-A01-009","not-assessed","unverified","NO-CONTENT-REPUBLISHED"
"R04-A-Q07-C2","R04-A-Q07","2","yes","needs-visual-check","A01","8.3","DX-A01-006 DX-A01-007 DX-A01-008 DX-A01-009","not-assessed","unverified","NO-CONTENT-REPUBLISHED"
"R04-A-Q07-C3","R04-A-Q07","3","yes","needs-visual-check","A01","8.3","DX-A01-006 DX-A01-007 DX-A01-008 DX-A01-009","not-assessed","unverified","NO-CONTENT-REPUBLISHED"
"R04-A-Q07-C4","R04-A-Q07","4","yes","needs-visual-check","A01","8.3","DX-A01-006 DX-A01-007 DX-A01-008 DX-A01-009","not-assessed","unverified","NO-CONTENT-REPUBLISHED"
"R04-A-Q07-C5","R04-A-Q07","5","yes","needs-visual-check","A01","8.3","DX-A01-006 DX-A01-007 DX-A01-008 DX-A01-009","not-assessed","unverified","NO-CONTENT-REPUBLISHED"
"R04-A-Q08-C1","R04-A-Q08","1","yes","pending-semantic-review","A02","9.1","DX-A02-001 DX-A02-002 DX-A02-003 DX-A02-004","not-assessed","unverified","NO-CONTENT-REPUBLISHED"
"R04-A-Q08-C2","R04-A-Q08","2","yes","pending-semantic-review","A02","9.1","DX-A02-001 DX-A02-002 DX-A02-003 DX-A02-004","not-assessed","unverified","NO-CONTENT-REPUBLISHED"
"R04-A-Q08-C3","R04-A-Q08","3","yes","pending-semantic-review","A02","9.1","DX-A02-001 DX-A02-002 DX-A02-003 DX-A02-004","not-assessed","unverified","NO-CONTENT-REPUBLISHED"
"R04-A-Q08-C4","R04-A-Q08","4","yes","pending-semantic-review","A02","9.1","DX-A02-001 DX-A02-002 DX-A02-003 DX-A02-004","not-assessed","unverified","NO-CONTENT-REPUBLISHED"
"R04-A-Q08-C5","R04-A-Q08","5","yes","pending-semantic-review","A02","9.1","DX-A02-001 DX-A02-002 DX-A02-003 DX-A02-004","not-assessed","unverified","NO-CONTENT-REPUBLISHED"
"R04-A-Q09-C1","R04-A-Q09","1","yes","pending-semantic-review","A02","9.1","DX-A02-001 DX-A02-002 DX-A02-003 DX-A02-004","not-assessed","unverified","NO-CONTENT-REPUBLISHED"
"R04-A-Q09-C2","R04-A-Q09","2","yes","pending-semantic-review","A02","9.1","DX-A02-001 DX-A02-002 DX-A02-003 DX-A02-004","not-assessed","unverified","NO-CONTENT-REPUBLISHED"
"R04-A-Q09-C3","R04-A-Q09","3","yes","pending-semantic-review","A02","9.1","DX-A02-001 DX-A02-002 DX-A02-003 DX-A02-004","not-assessed","unverified","NO-CONTENT-REPUBLISHED"
"R04-A-Q09-C4","R04-A-Q09","4","yes","pending-semantic-review","A02","9.1","DX-A02-001 DX-A02-002 DX-A02-003 DX-A02-004","not-assessed","unverified","NO-CONTENT-REPUBLISHED"
"R04-A-Q09-C5","R04-A-Q09","5","yes","pending-semantic-review","A02","9.1","DX-A02-001 DX-A02-002 DX-A02-003 DX-A02-004","not-assessed","unverified","NO-CONTENT-REPUBLISHED"
"R04-A-Q10-C1","R04-A-Q10","1","yes","pending-semantic-review","A02","9.1","DX-A02-001 DX-A02-002 DX-A02-003 DX-A02-004","not-assessed","unverified","NO-CONTENT-REPUBLISHED"
"R04-A-Q10-C2","R04-A-Q10","2","yes","pending-semantic-review","A02","9.1","DX-A02-001 DX-A02-002 DX-A02-003 DX-A02-004","not-assessed","unverified","NO-CONTENT-REPUBLISHED"
"R04-A-Q10-C3","R04-A-Q10","3","yes","pending-semantic-review","A02","9.1","DX-A02-001 DX-A02-002 DX-A02-003 DX-A02-004","not-assessed","unverified","NO-CONTENT-REPUBLISHED"
"R04-A-Q10-C4","R04-A-Q10","4","yes","pending-semantic-review","A02","9.1","DX-A02-001 DX-A02-002 DX-A02-003 DX-A02-004","not-assessed","unverified","NO-CONTENT-REPUBLISHED"
"R04-A-Q10-C5","R04-A-Q10","5","yes","pending-semantic-review","A02","9.1","DX-A02-001 DX-A02-002 DX-A02-003 DX-A02-004","not-assessed","unverified","NO-CONTENT-REPUBLISHED"
"R04-A-Q11-C1","R04-A-Q11","1","yes","pending-semantic-review","A02","9.1","DX-A02-001 DX-A02-002 DX-A02-003 DX-A02-004","not-assessed","unverified","NO-CONTENT-REPUBLISHED"
"R04-A-Q11-C2","R04-A-Q11","2","yes","pending-semantic-review","A02","9.1","DX-A02-001 DX-A02-002 DX-A02-003 DX-A02-004","not-assessed","unverified","NO-CONTENT-REPUBLISHED"
"R04-A-Q11-C3","R04-A-Q11","3","yes","pending-semantic-review","A02","9.1","DX-A02-001 DX-A02-002 DX-A02-003 DX-A02-004","not-assessed","unverified","NO-CONTENT-REPUBLISHED"
"R04-A-Q11-C4","R04-A-Q11","4","yes","pending-semantic-review","A02","9.1","DX-A02-001 DX-A02-002 DX-A02-003 DX-A02-004","not-assessed","unverified","NO-CONTENT-REPUBLISHED"
"R04-A-Q11-C5","R04-A-Q11","5","yes","pending-semantic-review","A02","9.1","DX-A02-001 DX-A02-002 DX-A02-003 DX-A02-004","not-assessed","unverified","NO-CONTENT-REPUBLISHED"
"R04-A-Q12-C1","R04-A-Q12","1","yes","pending-semantic-review","A02","9.1","DX-A02-001 DX-A02-002 DX-A02-003 DX-A02-004","not-assessed","unverified","NO-CONTENT-REPUBLISHED"
"R04-A-Q12-C2","R04-A-Q12","2","yes","pending-semantic-review","A02","9.1","DX-A02-001 DX-A02-002 DX-A02-003 DX-A02-004","not-assessed","unverified","NO-CONTENT-REPUBLISHED"
"R04-A-Q12-C3","R04-A-Q12","3","yes","pending-semantic-review","A02","9.1","DX-A02-001 DX-A02-002 DX-A02-003 DX-A02-004","not-assessed","unverified","NO-CONTENT-REPUBLISHED"
"R04-A-Q12-C4","R04-A-Q12","4","yes","pending-semantic-review","A02","9.1","DX-A02-001 DX-A02-002 DX-A02-003 DX-A02-004","not-assessed","unverified","NO-CONTENT-REPUBLISHED"
"R04-A-Q12-C5","R04-A-Q12","5","yes","pending-semantic-review","A02","9.1","DX-A02-001 DX-A02-002 DX-A02-003 DX-A02-004","not-assessed","unverified","NO-CONTENT-REPUBLISHED"
"R04-A-Q13-C1","R04-A-Q13","1","yes","pending-semantic-review","A03","10.1","DX-A03-001 DX-A03-002 DX-A03-003","not-assessed","unverified","NO-CONTENT-REPUBLISHED"
"R04-A-Q13-C2","R04-A-Q13","2","yes","pending-semantic-review","A03","10.1","DX-A03-001 DX-A03-002 DX-A03-003","not-assessed","unverified","NO-CONTENT-REPUBLISHED"
"R04-A-Q13-C3","R04-A-Q13","3","yes","pending-semantic-review","A03","10.1","DX-A03-001 DX-A03-002 DX-A03-003","not-assessed","unverified","NO-CONTENT-REPUBLISHED"
"R04-A-Q13-C4","R04-A-Q13","4","yes","pending-semantic-review","A03","10.1","DX-A03-001 DX-A03-002 DX-A03-003","not-assessed","unverified","NO-CONTENT-REPUBLISHED"
"R04-A-Q13-C5","R04-A-Q13","5","yes","pending-semantic-review","A03","10.1","DX-A03-001 DX-A03-002 DX-A03-003","not-assessed","unverified","NO-CONTENT-REPUBLISHED"
"R04-A-Q14-C1","R04-A-Q14","1","yes","pending-semantic-review","A03","10.2","DX-A03-004 DX-A03-005 DX-A03-006","not-assessed","unverified","NO-CONTENT-REPUBLISHED"
"R04-A-Q14-C2","R04-A-Q14","2","yes","pending-semantic-review","A03","10.2","DX-A03-004 DX-A03-005 DX-A03-006","not-assessed","unverified","NO-CONTENT-REPUBLISHED"
"R04-A-Q14-C3","R04-A-Q14","3","yes","pending-semantic-review","A03","10.2","DX-A03-004 DX-A03-005 DX-A03-006","not-assessed","unverified","NO-CONTENT-REPUBLISHED"
"R04-A-Q14-C4","R04-A-Q14","4","yes","pending-semantic-review","A03","10.2","DX-A03-004 DX-A03-005 DX-A03-006","not-assessed","unverified","NO-CONTENT-REPUBLISHED"
"R04-A-Q14-C5","R04-A-Q14","5","yes","pending-semantic-review","A03","10.2","DX-A03-004 DX-A03-005 DX-A03-006","not-assessed","unverified","NO-CONTENT-REPUBLISHED"
"R04-A-Q15-C1","R04-A-Q15","1","yes","needs-visual-check","A04","11.1","DX-A04-001 DX-A04-002 DX-A04-003","not-assessed","unverified","NO-CONTENT-REPUBLISHED"
"R04-A-Q15-C2","R04-A-Q15","2","yes","needs-visual-check","A04","11.1","DX-A04-001 DX-A04-002 DX-A04-003","not-assessed","unverified","NO-CONTENT-REPUBLISHED"
"R04-A-Q15-C3","R04-A-Q15","3","yes","needs-visual-check","A04","11.1","DX-A04-001 DX-A04-002 DX-A04-003","not-assessed","unverified","NO-CONTENT-REPUBLISHED"
"R04-A-Q15-C4","R04-A-Q15","4","yes","needs-visual-check","A04","11.1","DX-A04-001 DX-A04-002 DX-A04-003","not-assessed","unverified","NO-CONTENT-REPUBLISHED"
"R04-A-Q15-C5","R04-A-Q15","5","yes","needs-visual-check","A04","11.1","DX-A04-001 DX-A04-002 DX-A04-003","not-assessed","unverified","NO-CONTENT-REPUBLISHED"
"R04-A-Q16-C1","R04-A-Q16","1","no","needs-visual-check","A04","11.1","DX-A04-001 DX-A04-002 DX-A04-003","not-assessed","unverified","NO-CONTENT-REPUBLISHED"
"R04-A-Q16-C2","R04-A-Q16","2","no","needs-visual-check","A04","11.1","DX-A04-001 DX-A04-002 DX-A04-003","not-assessed","unverified","NO-CONTENT-REPUBLISHED"
"R04-A-Q16-C3","R04-A-Q16","3","no","needs-visual-check","A04","11.1","DX-A04-001 DX-A04-002 DX-A04-003","not-assessed","unverified","NO-CONTENT-REPUBLISHED"
"R04-A-Q16-C4","R04-A-Q16","4","no","needs-visual-check","A04","11.1","DX-A04-001 DX-A04-002 DX-A04-003","not-assessed","unverified","NO-CONTENT-REPUBLISHED"
"R04-A-Q16-C5","R04-A-Q16","5","no","needs-visual-check","A04","11.1","DX-A04-001 DX-A04-002 DX-A04-003","not-assessed","unverified","NO-CONTENT-REPUBLISHED"
"R04-A-Q17-C1","R04-A-Q17","1","yes","needs-visual-check","A05","12.3","DX-A05-007 DX-A05-008 DX-A05-009","not-assessed","unverified","NO-CONTENT-REPUBLISHED"
"R04-A-Q17-C2","R04-A-Q17","2","yes","needs-visual-check","A05","12.3","DX-A05-007 DX-A05-008 DX-A05-009","not-assessed","unverified","NO-CONTENT-REPUBLISHED"
"R04-A-Q17-C3","R04-A-Q17","3","yes","needs-visual-check","A05","12.3","DX-A05-007 DX-A05-008 DX-A05-009","not-assessed","unverified","NO-CONTENT-REPUBLISHED"
"R04-A-Q17-C4","R04-A-Q17","4","yes","needs-visual-check","A05","12.3","DX-A05-007 DX-A05-008 DX-A05-009","not-assessed","unverified","NO-CONTENT-REPUBLISHED"
"R04-A-Q17-C5","R04-A-Q17","5","yes","needs-visual-check","A05","12.3","DX-A05-007 DX-A05-008 DX-A05-009","not-assessed","unverified","NO-CONTENT-REPUBLISHED"
"R04-A-Q18-C1","R04-A-Q18","1","yes","pending-semantic-review","A05","12.3","DX-A05-007 DX-A05-008 DX-A05-009","not-assessed","unverified","NO-CONTENT-REPUBLISHED"
"R04-A-Q18-C2","R04-A-Q18","2","yes","pending-semantic-review","A05","12.3","DX-A05-007 DX-A05-008 DX-A05-009","not-assessed","unverified","NO-CONTENT-REPUBLISHED"
"R04-A-Q18-C3","R04-A-Q18","3","yes","pending-semantic-review","A05","12.3","DX-A05-007 DX-A05-008 DX-A05-009","not-assessed","unverified","NO-CONTENT-REPUBLISHED"
"R04-A-Q18-C4","R04-A-Q18","4","yes","pending-semantic-review","A05","12.3","DX-A05-007 DX-A05-008 DX-A05-009","not-assessed","unverified","NO-CONTENT-REPUBLISHED"
"R04-A-Q18-C5","R04-A-Q18","5","yes","pending-semantic-review","A05","12.3","DX-A05-007 DX-A05-008 DX-A05-009","not-assessed","unverified","NO-CONTENT-REPUBLISHED"
"R04-A-Q19-C1","R04-A-Q19","1","yes","needs-visual-check","A05","12.3","DX-A05-007 DX-A05-008 DX-A05-009","not-assessed","unverified","NO-CONTENT-REPUBLISHED"
"R04-A-Q19-C2","R04-A-Q19","2","yes","needs-visual-check","A05","12.3","DX-A05-007 DX-A05-008 DX-A05-009","not-assessed","unverified","NO-CONTENT-REPUBLISHED"
"R04-A-Q19-C3","R04-A-Q19","3","yes","needs-visual-check","A05","12.3","DX-A05-007 DX-A05-008 DX-A05-009","not-assessed","unverified","NO-CONTENT-REPUBLISHED"
"R04-A-Q19-C4","R04-A-Q19","4","yes","needs-visual-check","A05","12.3","DX-A05-007 DX-A05-008 DX-A05-009","not-assessed","unverified","NO-CONTENT-REPUBLISHED"
"R04-A-Q19-C5","R04-A-Q19","5","yes","needs-visual-check","A05","12.3","DX-A05-007 DX-A05-008 DX-A05-009","not-assessed","unverified","NO-CONTENT-REPUBLISHED"
"R04-A-Q20-C1","R04-A-Q20","1","no","needs-visual-check","A05","12.3","DX-A05-007 DX-A05-008 DX-A05-009","not-assessed","unverified","NO-CONTENT-REPUBLISHED"
"R04-A-Q20-C2","R04-A-Q20","2","no","needs-visual-check","A05","12.3","DX-A05-007 DX-A05-008 DX-A05-009","not-assessed","unverified","NO-CONTENT-REPUBLISHED"
"R04-A-Q20-C3","R04-A-Q20","3","no","needs-visual-check","A05","12.3","DX-A05-007 DX-A05-008 DX-A05-009","not-assessed","unverified","NO-CONTENT-REPUBLISHED"
"R04-A-Q20-C4","R04-A-Q20","4","no","needs-visual-check","A05","12.3","DX-A05-007 DX-A05-008 DX-A05-009","not-assessed","unverified","NO-CONTENT-REPUBLISHED"
"R04-A-Q20-C5","R04-A-Q20","5","no","needs-visual-check","A05","12.3","DX-A05-007 DX-A05-008 DX-A05-009","not-assessed","unverified","NO-CONTENT-REPUBLISHED"
"R04-A-Q21-C1","R04-A-Q21","1","yes","needs-visual-check","A05","12.3","DX-A05-007 DX-A05-008 DX-A05-009","not-assessed","unverified","NO-CONTENT-REPUBLISHED"
"R04-A-Q21-C2","R04-A-Q21","2","yes","needs-visual-check","A05","12.3","DX-A05-007 DX-A05-008 DX-A05-009","not-assessed","unverified","NO-CONTENT-REPUBLISHED"
"R04-A-Q21-C3","R04-A-Q21","3","yes","needs-visual-check","A05","12.3","DX-A05-007 DX-A05-008 DX-A05-009","not-assessed","unverified","NO-CONTENT-REPUBLISHED"
"R04-A-Q21-C4","R04-A-Q21","4","yes","needs-visual-check","A05","12.3","DX-A05-007 DX-A05-008 DX-A05-009","not-assessed","unverified","NO-CONTENT-REPUBLISHED"
"R04-A-Q21-C5","R04-A-Q21","5","yes","needs-visual-check","A05","12.3","DX-A05-007 DX-A05-008 DX-A05-009","not-assessed","unverified","NO-CONTENT-REPUBLISHED"
"R04-A-Q22-C1","R04-A-Q22","1","yes","needs-visual-check","A05","12.3","DX-A05-007 DX-A05-008 DX-A05-009","not-assessed","unverified","NO-CONTENT-REPUBLISHED"
"R04-A-Q22-C2","R04-A-Q22","2","yes","needs-visual-check","A05","12.3","DX-A05-007 DX-A05-008 DX-A05-009","not-assessed","unverified","NO-CONTENT-REPUBLISHED"
"R04-A-Q22-C3","R04-A-Q22","3","yes","needs-visual-check","A05","12.3","DX-A05-007 DX-A05-008 DX-A05-009","not-assessed","unverified","NO-CONTENT-REPUBLISHED"
"R04-A-Q22-C4","R04-A-Q22","4","yes","needs-visual-check","A05","12.3","DX-A05-007 DX-A05-008 DX-A05-009","not-assessed","unverified","NO-CONTENT-REPUBLISHED"
"R04-A-Q22-C5","R04-A-Q22","5","yes","needs-visual-check","A05","12.3","DX-A05-007 DX-A05-008 DX-A05-009","not-assessed","unverified","NO-CONTENT-REPUBLISHED"
"R04-A-Q23-C1","R04-A-Q23","1","yes","pending-semantic-review","A05","12.3","DX-A05-007 DX-A05-008 DX-A05-009","not-assessed","unverified","NO-CONTENT-REPUBLISHED"
"R04-A-Q23-C2","R04-A-Q23","2","yes","pending-semantic-review","A05","12.3","DX-A05-007 DX-A05-008 DX-A05-009","not-assessed","unverified","NO-CONTENT-REPUBLISHED"
"R04-A-Q23-C3","R04-A-Q23","3","yes","pending-semantic-review","A05","12.3","DX-A05-007 DX-A05-008 DX-A05-009","not-assessed","unverified","NO-CONTENT-REPUBLISHED"
"R04-A-Q23-C4","R04-A-Q23","4","yes","pending-semantic-review","A05","12.3","DX-A05-007 DX-A05-008 DX-A05-009","not-assessed","unverified","NO-CONTENT-REPUBLISHED"
"R04-A-Q23-C5","R04-A-Q23","5","yes","pending-semantic-review","A05","12.3","DX-A05-007 DX-A05-008 DX-A05-009","not-assessed","unverified","NO-CONTENT-REPUBLISHED"
"R04-A-Q24-C1","R04-A-Q24","1","yes","pending-semantic-review","A05","12.3","DX-A05-007 DX-A05-008 DX-A05-009","not-assessed","unverified","NO-CONTENT-REPUBLISHED"
"R04-A-Q24-C2","R04-A-Q24","2","yes","pending-semantic-review","A05","12.3","DX-A05-007 DX-A05-008 DX-A05-009","not-assessed","unverified","NO-CONTENT-REPUBLISHED"
"R04-A-Q24-C3","R04-A-Q24","3","yes","pending-semantic-review","A05","12.3","DX-A05-007 DX-A05-008 DX-A05-009","not-assessed","unverified","NO-CONTENT-REPUBLISHED"
"R04-A-Q24-C4","R04-A-Q24","4","yes","pending-semantic-review","A05","12.3","DX-A05-007 DX-A05-008 DX-A05-009","not-assessed","unverified","NO-CONTENT-REPUBLISHED"
"R04-A-Q24-C5","R04-A-Q24","5","yes","pending-semantic-review","A05","12.3","DX-A05-007 DX-A05-008 DX-A05-009","not-assessed","unverified","NO-CONTENT-REPUBLISHED"
"R04-A-Q25-C1","R04-A-Q25","1","yes","needs-visual-check","A05","12.3","DX-A05-007 DX-A05-008 DX-A05-009","not-assessed","unverified","NO-CONTENT-REPUBLISHED"
"R04-A-Q25-C2","R04-A-Q25","2","yes","needs-visual-check","A05","12.3","DX-A05-007 DX-A05-008 DX-A05-009","not-assessed","unverified","NO-CONTENT-REPUBLISHED"
"R04-A-Q25-C3","R04-A-Q25","3","yes","needs-visual-check","A05","12.3","DX-A05-007 DX-A05-008 DX-A05-009","not-assessed","unverified","NO-CONTENT-REPUBLISHED"
"R04-A-Q25-C4","R04-A-Q25","4","yes","needs-visual-check","A05","12.3","DX-A05-007 DX-A05-008 DX-A05-009","not-assessed","unverified","NO-CONTENT-REPUBLISHED"
"R04-A-Q25-C5","R04-A-Q25","5","yes","needs-visual-check","A05","12.3","DX-A05-007 DX-A05-008 DX-A05-009","not-assessed","unverified","NO-CONTENT-REPUBLISHED"
"R05-G-Q01-C1","R05-G-Q01","1","yes","pending-semantic-review","G01","1.3","DX-G01-007 DX-G01-008 DX-G01-009 DX-G01-010","not-assessed","unverified","NO-CONTENT-REPUBLISHED"
"R05-G-Q01-C2","R05-G-Q01","2","yes","pending-semantic-review","G01","1.3","DX-G01-007 DX-G01-008 DX-G01-009 DX-G01-010","not-assessed","unverified","NO-CONTENT-REPUBLISHED"
"R05-G-Q01-C3","R05-G-Q01","3","yes","pending-semantic-review","G01","1.3","DX-G01-007 DX-G01-008 DX-G01-009 DX-G01-010","not-assessed","unverified","NO-CONTENT-REPUBLISHED"
"R05-G-Q01-C4","R05-G-Q01","4","yes","pending-semantic-review","G01","1.3","DX-G01-007 DX-G01-008 DX-G01-009 DX-G01-010","not-assessed","unverified","NO-CONTENT-REPUBLISHED"
"R05-G-Q01-C5","R05-G-Q01","5","yes","pending-semantic-review","G01","1.3","DX-G01-007 DX-G01-008 DX-G01-009 DX-G01-010","not-assessed","unverified","NO-CONTENT-REPUBLISHED"
"R05-G-Q02-C1","R05-G-Q02","1","yes","needs-visual-check","G01","1.5","DX-G01-015 DX-G01-016 DX-G01-017 DX-G01-018","not-assessed","unverified","NO-CONTENT-REPUBLISHED"
"R05-G-Q02-C2","R05-G-Q02","2","yes","needs-visual-check","G01","1.5","DX-G01-015 DX-G01-016 DX-G01-017 DX-G01-018","not-assessed","unverified","NO-CONTENT-REPUBLISHED"
"R05-G-Q02-C3","R05-G-Q02","3","yes","needs-visual-check","G01","1.5","DX-G01-015 DX-G01-016 DX-G01-017 DX-G01-018","not-assessed","unverified","NO-CONTENT-REPUBLISHED"
"R05-G-Q02-C4","R05-G-Q02","4","yes","needs-visual-check","G01","1.5","DX-G01-015 DX-G01-016 DX-G01-017 DX-G01-018","not-assessed","unverified","NO-CONTENT-REPUBLISHED"
"R05-G-Q02-C5","R05-G-Q02","5","yes","needs-visual-check","G01","1.5","DX-G01-015 DX-G01-016 DX-G01-017 DX-G01-018","not-assessed","unverified","NO-CONTENT-REPUBLISHED"
"R05-G-Q03-C1","R05-G-Q03","1","yes","pending-semantic-review","G01","1.5","DX-G01-015 DX-G01-016 DX-G01-017 DX-G01-018","not-assessed","unverified","NO-CONTENT-REPUBLISHED"
"R05-G-Q03-C2","R05-G-Q03","2","yes","pending-semantic-review","G01","1.5","DX-G01-015 DX-G01-016 DX-G01-017 DX-G01-018","not-assessed","unverified","NO-CONTENT-REPUBLISHED"
"R05-G-Q03-C3","R05-G-Q03","3","yes","pending-semantic-review","G01","1.5","DX-G01-015 DX-G01-016 DX-G01-017 DX-G01-018","not-assessed","unverified","NO-CONTENT-REPUBLISHED"
"R05-G-Q03-C4","R05-G-Q03","4","yes","pending-semantic-review","G01","1.5","DX-G01-015 DX-G01-016 DX-G01-017 DX-G01-018","not-assessed","unverified","NO-CONTENT-REPUBLISHED"
"R05-G-Q03-C5","R05-G-Q03","5","yes","pending-semantic-review","G01","1.5","DX-G01-015 DX-G01-016 DX-G01-017 DX-G01-018","not-assessed","unverified","NO-CONTENT-REPUBLISHED"
"R05-G-Q04-C1","R05-G-Q04","1","yes","needs-visual-check","G01","1.5","DX-G01-015 DX-G01-016 DX-G01-017 DX-G01-018","not-assessed","unverified","NO-CONTENT-REPUBLISHED"
"R05-G-Q04-C2","R05-G-Q04","2","yes","needs-visual-check","G01","1.5","DX-G01-015 DX-G01-016 DX-G01-017 DX-G01-018","not-assessed","unverified","NO-CONTENT-REPUBLISHED"
"R05-G-Q04-C3","R05-G-Q04","3","yes","needs-visual-check","G01","1.5","DX-G01-015 DX-G01-016 DX-G01-017 DX-G01-018","not-assessed","unverified","NO-CONTENT-REPUBLISHED"
"R05-G-Q04-C4","R05-G-Q04","4","yes","needs-visual-check","G01","1.5","DX-G01-015 DX-G01-016 DX-G01-017 DX-G01-018","not-assessed","unverified","NO-CONTENT-REPUBLISHED"
"R05-G-Q04-C5","R05-G-Q04","5","yes","needs-visual-check","G01","1.5","DX-G01-015 DX-G01-016 DX-G01-017 DX-G01-018","not-assessed","unverified","NO-CONTENT-REPUBLISHED"
"R05-G-Q05-C1","R05-G-Q05","1","yes","pending-semantic-review","G01","1.5","DX-G01-015 DX-G01-016 DX-G01-017 DX-G01-018","not-assessed","unverified","NO-CONTENT-REPUBLISHED"
"R05-G-Q05-C2","R05-G-Q05","2","yes","pending-semantic-review","G01","1.5","DX-G01-015 DX-G01-016 DX-G01-017 DX-G01-018","not-assessed","unverified","NO-CONTENT-REPUBLISHED"
"R05-G-Q05-C3","R05-G-Q05","3","yes","pending-semantic-review","G01","1.5","DX-G01-015 DX-G01-016 DX-G01-017 DX-G01-018","not-assessed","unverified","NO-CONTENT-REPUBLISHED"
"R05-G-Q05-C4","R05-G-Q05","4","yes","pending-semantic-review","G01","1.5","DX-G01-015 DX-G01-016 DX-G01-017 DX-G01-018","not-assessed","unverified","NO-CONTENT-REPUBLISHED"
"R05-G-Q05-C5","R05-G-Q05","5","yes","pending-semantic-review","G01","1.5","DX-G01-015 DX-G01-016 DX-G01-017 DX-G01-018","not-assessed","unverified","NO-CONTENT-REPUBLISHED"
"R05-G-Q06-C1","R05-G-Q06","1","yes","pending-semantic-review","G04","4.2","DX-G04-004 DX-G04-005 DX-G04-006","not-assessed","unverified","NO-CONTENT-REPUBLISHED"
"R05-G-Q06-C2","R05-G-Q06","2","yes","pending-semantic-review","G04","4.2","DX-G04-004 DX-G04-005 DX-G04-006","not-assessed","unverified","NO-CONTENT-REPUBLISHED"
"R05-G-Q06-C3","R05-G-Q06","3","yes","pending-semantic-review","G04","4.2","DX-G04-004 DX-G04-005 DX-G04-006","not-assessed","unverified","NO-CONTENT-REPUBLISHED"
"R05-G-Q06-C4","R05-G-Q06","4","yes","pending-semantic-review","G04","4.2","DX-G04-004 DX-G04-005 DX-G04-006","not-assessed","unverified","NO-CONTENT-REPUBLISHED"
"R05-G-Q06-C5","R05-G-Q06","5","yes","pending-semantic-review","G04","4.2","DX-G04-004 DX-G04-005 DX-G04-006","not-assessed","unverified","NO-CONTENT-REPUBLISHED"
"R05-G-Q07-C1","R05-G-Q07","1","no","needs-visual-check","G03","3.3","DX-G03-007 DX-G03-008","not-assessed","unverified","NO-CONTENT-REPUBLISHED"
"R05-G-Q07-C2","R05-G-Q07","2","no","needs-visual-check","G03","3.3","DX-G03-007 DX-G03-008","not-assessed","unverified","NO-CONTENT-REPUBLISHED"
"R05-G-Q07-C3","R05-G-Q07","3","no","needs-visual-check","G03","3.3","DX-G03-007 DX-G03-008","not-assessed","unverified","NO-CONTENT-REPUBLISHED"
"R05-G-Q07-C4","R05-G-Q07","4","no","needs-visual-check","G03","3.3","DX-G03-007 DX-G03-008","not-assessed","unverified","NO-CONTENT-REPUBLISHED"
"R05-G-Q07-C5","R05-G-Q07","5","no","needs-visual-check","G03","3.3","DX-G03-007 DX-G03-008","not-assessed","unverified","NO-CONTENT-REPUBLISHED"
"R05-G-Q08-C1","R05-G-Q08","1","yes","pending-semantic-review","G04","4.1","DX-G04-001 DX-G04-002 DX-G04-003","not-assessed","unverified","NO-CONTENT-REPUBLISHED"
"R05-G-Q08-C2","R05-G-Q08","2","yes","pending-semantic-review","G04","4.1","DX-G04-001 DX-G04-002 DX-G04-003","not-assessed","unverified","NO-CONTENT-REPUBLISHED"
"R05-G-Q08-C3","R05-G-Q08","3","yes","pending-semantic-review","G04","4.1","DX-G04-001 DX-G04-002 DX-G04-003","not-assessed","unverified","NO-CONTENT-REPUBLISHED"
"R05-G-Q08-C4","R05-G-Q08","4","yes","pending-semantic-review","G04","4.1","DX-G04-001 DX-G04-002 DX-G04-003","not-assessed","unverified","NO-CONTENT-REPUBLISHED"
"R05-G-Q08-C5","R05-G-Q08","5","yes","pending-semantic-review","G04","4.1","DX-G04-001 DX-G04-002 DX-G04-003","not-assessed","unverified","NO-CONTENT-REPUBLISHED"
"R05-G-Q09-C1","R05-G-Q09","1","yes","needs-visual-check","G04","4.2","DX-G04-004 DX-G04-005 DX-G04-006","not-assessed","unverified","NO-CONTENT-REPUBLISHED"
"R05-G-Q09-C2","R05-G-Q09","2","yes","needs-visual-check","G04","4.2","DX-G04-004 DX-G04-005 DX-G04-006","not-assessed","unverified","NO-CONTENT-REPUBLISHED"
"R05-G-Q09-C3","R05-G-Q09","3","yes","needs-visual-check","G04","4.2","DX-G04-004 DX-G04-005 DX-G04-006","not-assessed","unverified","NO-CONTENT-REPUBLISHED"
"R05-G-Q09-C4","R05-G-Q09","4","yes","needs-visual-check","G04","4.2","DX-G04-004 DX-G04-005 DX-G04-006","not-assessed","unverified","NO-CONTENT-REPUBLISHED"
"R05-G-Q09-C5","R05-G-Q09","5","yes","needs-visual-check","G04","4.2","DX-G04-004 DX-G04-005 DX-G04-006","not-assessed","unverified","NO-CONTENT-REPUBLISHED"
"R05-G-Q10-C1","R05-G-Q10","1","no","needs-visual-check","G04","4.2","DX-G04-004 DX-G04-005 DX-G04-006","not-assessed","unverified","NO-CONTENT-REPUBLISHED"
"R05-G-Q10-C2","R05-G-Q10","2","no","needs-visual-check","G04","4.2","DX-G04-004 DX-G04-005 DX-G04-006","not-assessed","unverified","NO-CONTENT-REPUBLISHED"
"R05-G-Q10-C3","R05-G-Q10","3","no","needs-visual-check","G04","4.2","DX-G04-004 DX-G04-005 DX-G04-006","not-assessed","unverified","NO-CONTENT-REPUBLISHED"
"R05-G-Q10-C4","R05-G-Q10","4","no","needs-visual-check","G04","4.2","DX-G04-004 DX-G04-005 DX-G04-006","not-assessed","unverified","NO-CONTENT-REPUBLISHED"
"R05-G-Q10-C5","R05-G-Q10","5","no","needs-visual-check","G04","4.2","DX-G04-004 DX-G04-005 DX-G04-006","not-assessed","unverified","NO-CONTENT-REPUBLISHED"
"R05-G-Q11-C1","R05-G-Q11","1","yes","needs-visual-check","G06","6.1","DX-G06-001 DX-G06-002 DX-G06-003","not-assessed","unverified","NO-CONTENT-REPUBLISHED"
"R05-G-Q11-C2","R05-G-Q11","2","yes","needs-visual-check","G06","6.1","DX-G06-001 DX-G06-002 DX-G06-003","not-assessed","unverified","NO-CONTENT-REPUBLISHED"
"R05-G-Q11-C3","R05-G-Q11","3","yes","needs-visual-check","G06","6.1","DX-G06-001 DX-G06-002 DX-G06-003","not-assessed","unverified","NO-CONTENT-REPUBLISHED"
"R05-G-Q11-C4","R05-G-Q11","4","yes","needs-visual-check","G06","6.1","DX-G06-001 DX-G06-002 DX-G06-003","not-assessed","unverified","NO-CONTENT-REPUBLISHED"
"R05-G-Q11-C5","R05-G-Q11","5","yes","needs-visual-check","G06","6.1","DX-G06-001 DX-G06-002 DX-G06-003","not-assessed","unverified","NO-CONTENT-REPUBLISHED"
"R05-G-Q12-C1","R05-G-Q12","1","yes","needs-visual-check","G04","4.2","DX-G04-004 DX-G04-005 DX-G04-006","not-assessed","unverified","NO-CONTENT-REPUBLISHED"
"R05-G-Q12-C2","R05-G-Q12","2","yes","needs-visual-check","G04","4.2","DX-G04-004 DX-G04-005 DX-G04-006","not-assessed","unverified","NO-CONTENT-REPUBLISHED"
"R05-G-Q12-C3","R05-G-Q12","3","yes","needs-visual-check","G04","4.2","DX-G04-004 DX-G04-005 DX-G04-006","not-assessed","unverified","NO-CONTENT-REPUBLISHED"
"R05-G-Q12-C4","R05-G-Q12","4","yes","needs-visual-check","G04","4.2","DX-G04-004 DX-G04-005 DX-G04-006","not-assessed","unverified","NO-CONTENT-REPUBLISHED"
"R05-G-Q12-C5","R05-G-Q12","5","yes","needs-visual-check","G04","4.2","DX-G04-004 DX-G04-005 DX-G04-006","not-assessed","unverified","NO-CONTENT-REPUBLISHED"
"R05-G-Q13-C1","R05-G-Q13","1","yes","pending-semantic-review","G05","5.2","DX-G05-004 DX-G05-005","not-assessed","unverified","NO-CONTENT-REPUBLISHED"
"R05-G-Q13-C2","R05-G-Q13","2","yes","pending-semantic-review","G05","5.2","DX-G05-004 DX-G05-005","not-assessed","unverified","NO-CONTENT-REPUBLISHED"
"R05-G-Q13-C3","R05-G-Q13","3","yes","pending-semantic-review","G05","5.2","DX-G05-004 DX-G05-005","not-assessed","unverified","NO-CONTENT-REPUBLISHED"
"R05-G-Q13-C4","R05-G-Q13","4","yes","pending-semantic-review","G05","5.2","DX-G05-004 DX-G05-005","not-assessed","unverified","NO-CONTENT-REPUBLISHED"
"R05-G-Q13-C5","R05-G-Q13","5","yes","pending-semantic-review","G05","5.2","DX-G05-004 DX-G05-005","not-assessed","unverified","NO-CONTENT-REPUBLISHED"
"R05-G-Q14-C1","R05-G-Q14","1","yes","pending-semantic-review","G05","5.2","DX-G05-004 DX-G05-005","not-assessed","unverified","NO-CONTENT-REPUBLISHED"
"R05-G-Q14-C2","R05-G-Q14","2","yes","pending-semantic-review","G05","5.2","DX-G05-004 DX-G05-005","not-assessed","unverified","NO-CONTENT-REPUBLISHED"
"R05-G-Q14-C3","R05-G-Q14","3","yes","pending-semantic-review","G05","5.2","DX-G05-004 DX-G05-005","not-assessed","unverified","NO-CONTENT-REPUBLISHED"
"R05-G-Q14-C4","R05-G-Q14","4","yes","pending-semantic-review","G05","5.2","DX-G05-004 DX-G05-005","not-assessed","unverified","NO-CONTENT-REPUBLISHED"
"R05-G-Q14-C5","R05-G-Q14","5","yes","pending-semantic-review","G05","5.2","DX-G05-004 DX-G05-005","not-assessed","unverified","NO-CONTENT-REPUBLISHED"
"R05-G-Q15-C1","R05-G-Q15","1","yes","pending-semantic-review","G03","3.3","DX-G03-007 DX-G03-008","not-assessed","unverified","NO-CONTENT-REPUBLISHED"
"R05-G-Q15-C2","R05-G-Q15","2","yes","pending-semantic-review","G03","3.3","DX-G03-007 DX-G03-008","not-assessed","unverified","NO-CONTENT-REPUBLISHED"
"R05-G-Q15-C3","R05-G-Q15","3","yes","pending-semantic-review","G03","3.3","DX-G03-007 DX-G03-008","not-assessed","unverified","NO-CONTENT-REPUBLISHED"
"R05-G-Q15-C4","R05-G-Q15","4","yes","pending-semantic-review","G03","3.3","DX-G03-007 DX-G03-008","not-assessed","unverified","NO-CONTENT-REPUBLISHED"
"R05-G-Q15-C5","R05-G-Q15","5","yes","pending-semantic-review","G03","3.3","DX-G03-007 DX-G03-008","not-assessed","unverified","NO-CONTENT-REPUBLISHED"
"R05-A-Q01-C1","R05-A-Q01","1","yes","pending-semantic-review","A01","8.3","DX-A01-006 DX-A01-007 DX-A01-008 DX-A01-009","not-assessed","unverified","NO-CONTENT-REPUBLISHED"
"R05-A-Q01-C2","R05-A-Q01","2","yes","pending-semantic-review","A01","8.3","DX-A01-006 DX-A01-007 DX-A01-008 DX-A01-009","not-assessed","unverified","NO-CONTENT-REPUBLISHED"
"R05-A-Q01-C3","R05-A-Q01","3","yes","pending-semantic-review","A01","8.3","DX-A01-006 DX-A01-007 DX-A01-008 DX-A01-009","not-assessed","unverified","NO-CONTENT-REPUBLISHED"
"R05-A-Q01-C4","R05-A-Q01","4","yes","pending-semantic-review","A01","8.3","DX-A01-006 DX-A01-007 DX-A01-008 DX-A01-009","not-assessed","unverified","NO-CONTENT-REPUBLISHED"
"R05-A-Q01-C5","R05-A-Q01","5","yes","pending-semantic-review","A01","8.3","DX-A01-006 DX-A01-007 DX-A01-008 DX-A01-009","not-assessed","unverified","NO-CONTENT-REPUBLISHED"
"R05-A-Q02-C1","R05-A-Q02","1","yes","pending-semantic-review","A01","8.3","DX-A01-006 DX-A01-007 DX-A01-008 DX-A01-009","not-assessed","unverified","NO-CONTENT-REPUBLISHED"
"R05-A-Q02-C2","R05-A-Q02","2","yes","pending-semantic-review","A01","8.3","DX-A01-006 DX-A01-007 DX-A01-008 DX-A01-009","not-assessed","unverified","NO-CONTENT-REPUBLISHED"
"R05-A-Q02-C3","R05-A-Q02","3","yes","pending-semantic-review","A01","8.3","DX-A01-006 DX-A01-007 DX-A01-008 DX-A01-009","not-assessed","unverified","NO-CONTENT-REPUBLISHED"
"R05-A-Q02-C4","R05-A-Q02","4","yes","pending-semantic-review","A01","8.3","DX-A01-006 DX-A01-007 DX-A01-008 DX-A01-009","not-assessed","unverified","NO-CONTENT-REPUBLISHED"
"R05-A-Q02-C5","R05-A-Q02","5","yes","pending-semantic-review","A01","8.3","DX-A01-006 DX-A01-007 DX-A01-008 DX-A01-009","not-assessed","unverified","NO-CONTENT-REPUBLISHED"
"R05-A-Q03-C1","R05-A-Q03","1","yes","pending-semantic-review","A01","8.3","DX-A01-006 DX-A01-007 DX-A01-008 DX-A01-009","not-assessed","unverified","NO-CONTENT-REPUBLISHED"
"R05-A-Q03-C2","R05-A-Q03","2","yes","pending-semantic-review","A01","8.3","DX-A01-006 DX-A01-007 DX-A01-008 DX-A01-009","not-assessed","unverified","NO-CONTENT-REPUBLISHED"
"R05-A-Q03-C3","R05-A-Q03","3","yes","pending-semantic-review","A01","8.3","DX-A01-006 DX-A01-007 DX-A01-008 DX-A01-009","not-assessed","unverified","NO-CONTENT-REPUBLISHED"
"R05-A-Q03-C4","R05-A-Q03","4","yes","pending-semantic-review","A01","8.3","DX-A01-006 DX-A01-007 DX-A01-008 DX-A01-009","not-assessed","unverified","NO-CONTENT-REPUBLISHED"
"R05-A-Q03-C5","R05-A-Q03","5","yes","pending-semantic-review","A01","8.3","DX-A01-006 DX-A01-007 DX-A01-008 DX-A01-009","not-assessed","unverified","NO-CONTENT-REPUBLISHED"
"R05-A-Q04-C1","R05-A-Q04","1","yes","pending-semantic-review","A01","8.3","DX-A01-006 DX-A01-007 DX-A01-008 DX-A01-009","not-assessed","unverified","NO-CONTENT-REPUBLISHED"
"R05-A-Q04-C2","R05-A-Q04","2","yes","pending-semantic-review","A01","8.3","DX-A01-006 DX-A01-007 DX-A01-008 DX-A01-009","not-assessed","unverified","NO-CONTENT-REPUBLISHED"
"R05-A-Q04-C3","R05-A-Q04","3","yes","pending-semantic-review","A01","8.3","DX-A01-006 DX-A01-007 DX-A01-008 DX-A01-009","not-assessed","unverified","NO-CONTENT-REPUBLISHED"
"R05-A-Q04-C4","R05-A-Q04","4","yes","pending-semantic-review","A01","8.3","DX-A01-006 DX-A01-007 DX-A01-008 DX-A01-009","not-assessed","unverified","NO-CONTENT-REPUBLISHED"
"R05-A-Q04-C5","R05-A-Q04","5","yes","pending-semantic-review","A01","8.3","DX-A01-006 DX-A01-007 DX-A01-008 DX-A01-009","not-assessed","unverified","NO-CONTENT-REPUBLISHED"
"R05-A-Q05-C1","R05-A-Q05","1","yes","pending-semantic-review","A01","8.3","DX-A01-006 DX-A01-007 DX-A01-008 DX-A01-009","not-assessed","unverified","NO-CONTENT-REPUBLISHED"
"R05-A-Q05-C2","R05-A-Q05","2","yes","pending-semantic-review","A01","8.3","DX-A01-006 DX-A01-007 DX-A01-008 DX-A01-009","not-assessed","unverified","NO-CONTENT-REPUBLISHED"
"R05-A-Q05-C3","R05-A-Q05","3","yes","pending-semantic-review","A01","8.3","DX-A01-006 DX-A01-007 DX-A01-008 DX-A01-009","not-assessed","unverified","NO-CONTENT-REPUBLISHED"
"R05-A-Q05-C4","R05-A-Q05","4","yes","pending-semantic-review","A01","8.3","DX-A01-006 DX-A01-007 DX-A01-008 DX-A01-009","not-assessed","unverified","NO-CONTENT-REPUBLISHED"
"R05-A-Q05-C5","R05-A-Q05","5","yes","pending-semantic-review","A01","8.3","DX-A01-006 DX-A01-007 DX-A01-008 DX-A01-009","not-assessed","unverified","NO-CONTENT-REPUBLISHED"
"R05-A-Q06-C1","R05-A-Q06","1","no","needs-visual-check","A01","8.3","DX-A01-006 DX-A01-007 DX-A01-008 DX-A01-009","not-assessed","unverified","NO-CONTENT-REPUBLISHED"
"R05-A-Q06-C2","R05-A-Q06","2","no","needs-visual-check","A01","8.3","DX-A01-006 DX-A01-007 DX-A01-008 DX-A01-009","not-assessed","unverified","NO-CONTENT-REPUBLISHED"
"R05-A-Q06-C3","R05-A-Q06","3","no","needs-visual-check","A01","8.3","DX-A01-006 DX-A01-007 DX-A01-008 DX-A01-009","not-assessed","unverified","NO-CONTENT-REPUBLISHED"
"R05-A-Q06-C4","R05-A-Q06","4","no","needs-visual-check","A01","8.3","DX-A01-006 DX-A01-007 DX-A01-008 DX-A01-009","not-assessed","unverified","NO-CONTENT-REPUBLISHED"
"R05-A-Q06-C5","R05-A-Q06","5","no","needs-visual-check","A01","8.3","DX-A01-006 DX-A01-007 DX-A01-008 DX-A01-009","not-assessed","unverified","NO-CONTENT-REPUBLISHED"
"R05-A-Q07-C1","R05-A-Q07","1","yes","pending-semantic-review","A01","8.3","DX-A01-006 DX-A01-007 DX-A01-008 DX-A01-009","not-assessed","unverified","NO-CONTENT-REPUBLISHED"
"R05-A-Q07-C2","R05-A-Q07","2","yes","pending-semantic-review","A01","8.3","DX-A01-006 DX-A01-007 DX-A01-008 DX-A01-009","not-assessed","unverified","NO-CONTENT-REPUBLISHED"
"R05-A-Q07-C3","R05-A-Q07","3","yes","pending-semantic-review","A01","8.3","DX-A01-006 DX-A01-007 DX-A01-008 DX-A01-009","not-assessed","unverified","NO-CONTENT-REPUBLISHED"
"R05-A-Q07-C4","R05-A-Q07","4","yes","pending-semantic-review","A01","8.3","DX-A01-006 DX-A01-007 DX-A01-008 DX-A01-009","not-assessed","unverified","NO-CONTENT-REPUBLISHED"
"R05-A-Q07-C5","R05-A-Q07","5","yes","pending-semantic-review","A01","8.3","DX-A01-006 DX-A01-007 DX-A01-008 DX-A01-009","not-assessed","unverified","NO-CONTENT-REPUBLISHED"
"R05-A-Q08-C1","R05-A-Q08","1","yes","needs-visual-check","A01","8.3","DX-A01-006 DX-A01-007 DX-A01-008 DX-A01-009","not-assessed","unverified","NO-CONTENT-REPUBLISHED"
"R05-A-Q08-C2","R05-A-Q08","2","yes","needs-visual-check","A01","8.3","DX-A01-006 DX-A01-007 DX-A01-008 DX-A01-009","not-assessed","unverified","NO-CONTENT-REPUBLISHED"
"R05-A-Q08-C3","R05-A-Q08","3","yes","needs-visual-check","A01","8.3","DX-A01-006 DX-A01-007 DX-A01-008 DX-A01-009","not-assessed","unverified","NO-CONTENT-REPUBLISHED"
"R05-A-Q08-C4","R05-A-Q08","4","yes","needs-visual-check","A01","8.3","DX-A01-006 DX-A01-007 DX-A01-008 DX-A01-009","not-assessed","unverified","NO-CONTENT-REPUBLISHED"
"R05-A-Q08-C5","R05-A-Q08","5","yes","needs-visual-check","A01","8.3","DX-A01-006 DX-A01-007 DX-A01-008 DX-A01-009","not-assessed","unverified","NO-CONTENT-REPUBLISHED"
"R05-A-Q09-C1","R05-A-Q09","1","yes","pending-semantic-review","A01","8.3","DX-A01-006 DX-A01-007 DX-A01-008 DX-A01-009","not-assessed","unverified","NO-CONTENT-REPUBLISHED"
"R05-A-Q09-C2","R05-A-Q09","2","yes","pending-semantic-review","A01","8.3","DX-A01-006 DX-A01-007 DX-A01-008 DX-A01-009","not-assessed","unverified","NO-CONTENT-REPUBLISHED"
"R05-A-Q09-C3","R05-A-Q09","3","yes","pending-semantic-review","A01","8.3","DX-A01-006 DX-A01-007 DX-A01-008 DX-A01-009","not-assessed","unverified","NO-CONTENT-REPUBLISHED"
"R05-A-Q09-C4","R05-A-Q09","4","yes","pending-semantic-review","A01","8.3","DX-A01-006 DX-A01-007 DX-A01-008 DX-A01-009","not-assessed","unverified","NO-CONTENT-REPUBLISHED"
"R05-A-Q09-C5","R05-A-Q09","5","yes","pending-semantic-review","A01","8.3","DX-A01-006 DX-A01-007 DX-A01-008 DX-A01-009","not-assessed","unverified","NO-CONTENT-REPUBLISHED"
"R05-A-Q10-C1","R05-A-Q10","1","yes","pending-semantic-review","A02","9.1","DX-A02-001 DX-A02-002 DX-A02-003 DX-A02-004","not-assessed","unverified","NO-CONTENT-REPUBLISHED"
"R05-A-Q10-C2","R05-A-Q10","2","yes","pending-semantic-review","A02","9.1","DX-A02-001 DX-A02-002 DX-A02-003 DX-A02-004","not-assessed","unverified","NO-CONTENT-REPUBLISHED"
"R05-A-Q10-C3","R05-A-Q10","3","yes","pending-semantic-review","A02","9.1","DX-A02-001 DX-A02-002 DX-A02-003 DX-A02-004","not-assessed","unverified","NO-CONTENT-REPUBLISHED"
"R05-A-Q10-C4","R05-A-Q10","4","yes","pending-semantic-review","A02","9.1","DX-A02-001 DX-A02-002 DX-A02-003 DX-A02-004","not-assessed","unverified","NO-CONTENT-REPUBLISHED"
"R05-A-Q10-C5","R05-A-Q10","5","yes","pending-semantic-review","A02","9.1","DX-A02-001 DX-A02-002 DX-A02-003 DX-A02-004","not-assessed","unverified","NO-CONTENT-REPUBLISHED"
"R05-A-Q11-C1","R05-A-Q11","1","yes","pending-semantic-review","A02","9.1","DX-A02-001 DX-A02-002 DX-A02-003 DX-A02-004","not-assessed","unverified","NO-CONTENT-REPUBLISHED"
"R05-A-Q11-C2","R05-A-Q11","2","yes","pending-semantic-review","A02","9.1","DX-A02-001 DX-A02-002 DX-A02-003 DX-A02-004","not-assessed","unverified","NO-CONTENT-REPUBLISHED"
"R05-A-Q11-C3","R05-A-Q11","3","yes","pending-semantic-review","A02","9.1","DX-A02-001 DX-A02-002 DX-A02-003 DX-A02-004","not-assessed","unverified","NO-CONTENT-REPUBLISHED"
"R05-A-Q11-C4","R05-A-Q11","4","yes","pending-semantic-review","A02","9.1","DX-A02-001 DX-A02-002 DX-A02-003 DX-A02-004","not-assessed","unverified","NO-CONTENT-REPUBLISHED"
"R05-A-Q11-C5","R05-A-Q11","5","yes","pending-semantic-review","A02","9.1","DX-A02-001 DX-A02-002 DX-A02-003 DX-A02-004","not-assessed","unverified","NO-CONTENT-REPUBLISHED"
"R05-A-Q12-C1","R05-A-Q12","1","yes","pending-semantic-review","A02","9.1","DX-A02-001 DX-A02-002 DX-A02-003 DX-A02-004","not-assessed","unverified","NO-CONTENT-REPUBLISHED"
"R05-A-Q12-C2","R05-A-Q12","2","yes","pending-semantic-review","A02","9.1","DX-A02-001 DX-A02-002 DX-A02-003 DX-A02-004","not-assessed","unverified","NO-CONTENT-REPUBLISHED"
"R05-A-Q12-C3","R05-A-Q12","3","yes","pending-semantic-review","A02","9.1","DX-A02-001 DX-A02-002 DX-A02-003 DX-A02-004","not-assessed","unverified","NO-CONTENT-REPUBLISHED"
"R05-A-Q12-C4","R05-A-Q12","4","yes","pending-semantic-review","A02","9.1","DX-A02-001 DX-A02-002 DX-A02-003 DX-A02-004","not-assessed","unverified","NO-CONTENT-REPUBLISHED"
"R05-A-Q12-C5","R05-A-Q12","5","yes","pending-semantic-review","A02","9.1","DX-A02-001 DX-A02-002 DX-A02-003 DX-A02-004","not-assessed","unverified","NO-CONTENT-REPUBLISHED"
"R05-A-Q13-C1","R05-A-Q13","1","yes","pending-semantic-review","A03","10.2","DX-A03-004 DX-A03-005 DX-A03-006","not-assessed","unverified","NO-CONTENT-REPUBLISHED"
"R05-A-Q13-C2","R05-A-Q13","2","yes","pending-semantic-review","A03","10.2","DX-A03-004 DX-A03-005 DX-A03-006","not-assessed","unverified","NO-CONTENT-REPUBLISHED"
"R05-A-Q13-C3","R05-A-Q13","3","yes","pending-semantic-review","A03","10.2","DX-A03-004 DX-A03-005 DX-A03-006","not-assessed","unverified","NO-CONTENT-REPUBLISHED"
"R05-A-Q13-C4","R05-A-Q13","4","yes","pending-semantic-review","A03","10.2","DX-A03-004 DX-A03-005 DX-A03-006","not-assessed","unverified","NO-CONTENT-REPUBLISHED"
"R05-A-Q13-C5","R05-A-Q13","5","yes","pending-semantic-review","A03","10.2","DX-A03-004 DX-A03-005 DX-A03-006","not-assessed","unverified","NO-CONTENT-REPUBLISHED"
"R05-A-Q14-C1","R05-A-Q14","1","yes","pending-semantic-review","A03","10.2","DX-A03-004 DX-A03-005 DX-A03-006","not-assessed","unverified","NO-CONTENT-REPUBLISHED"
"R05-A-Q14-C2","R05-A-Q14","2","yes","pending-semantic-review","A03","10.2","DX-A03-004 DX-A03-005 DX-A03-006","not-assessed","unverified","NO-CONTENT-REPUBLISHED"
"R05-A-Q14-C3","R05-A-Q14","3","yes","pending-semantic-review","A03","10.2","DX-A03-004 DX-A03-005 DX-A03-006","not-assessed","unverified","NO-CONTENT-REPUBLISHED"
"R05-A-Q14-C4","R05-A-Q14","4","yes","pending-semantic-review","A03","10.2","DX-A03-004 DX-A03-005 DX-A03-006","not-assessed","unverified","NO-CONTENT-REPUBLISHED"
"R05-A-Q14-C5","R05-A-Q14","5","yes","pending-semantic-review","A03","10.2","DX-A03-004 DX-A03-005 DX-A03-006","not-assessed","unverified","NO-CONTENT-REPUBLISHED"
"R05-A-Q15-C1","R05-A-Q15","1","no","needs-visual-check","A04","11.1","DX-A04-001 DX-A04-002 DX-A04-003","not-assessed","unverified","NO-CONTENT-REPUBLISHED"
"R05-A-Q15-C2","R05-A-Q15","2","no","needs-visual-check","A04","11.1","DX-A04-001 DX-A04-002 DX-A04-003","not-assessed","unverified","NO-CONTENT-REPUBLISHED"
"R05-A-Q15-C3","R05-A-Q15","3","no","needs-visual-check","A04","11.1","DX-A04-001 DX-A04-002 DX-A04-003","not-assessed","unverified","NO-CONTENT-REPUBLISHED"
"R05-A-Q15-C4","R05-A-Q15","4","no","needs-visual-check","A04","11.1","DX-A04-001 DX-A04-002 DX-A04-003","not-assessed","unverified","NO-CONTENT-REPUBLISHED"
"R05-A-Q15-C5","R05-A-Q15","5","no","needs-visual-check","A04","11.1","DX-A04-001 DX-A04-002 DX-A04-003","not-assessed","unverified","NO-CONTENT-REPUBLISHED"
"R05-A-Q16-C1","R05-A-Q16","1","yes","needs-visual-check","A04","11.1","DX-A04-001 DX-A04-002 DX-A04-003","not-assessed","unverified","NO-CONTENT-REPUBLISHED"
"R05-A-Q16-C2","R05-A-Q16","2","yes","needs-visual-check","A04","11.1","DX-A04-001 DX-A04-002 DX-A04-003","not-assessed","unverified","NO-CONTENT-REPUBLISHED"
"R05-A-Q16-C3","R05-A-Q16","3","yes","needs-visual-check","A04","11.1","DX-A04-001 DX-A04-002 DX-A04-003","not-assessed","unverified","NO-CONTENT-REPUBLISHED"
"R05-A-Q16-C4","R05-A-Q16","4","yes","needs-visual-check","A04","11.1","DX-A04-001 DX-A04-002 DX-A04-003","not-assessed","unverified","NO-CONTENT-REPUBLISHED"
"R05-A-Q16-C5","R05-A-Q16","5","yes","needs-visual-check","A04","11.1","DX-A04-001 DX-A04-002 DX-A04-003","not-assessed","unverified","NO-CONTENT-REPUBLISHED"
"R05-A-Q17-C1","R05-A-Q17","1","yes","needs-visual-check","A05","12.3","DX-A05-007 DX-A05-008 DX-A05-009","not-assessed","unverified","NO-CONTENT-REPUBLISHED"
"R05-A-Q17-C2","R05-A-Q17","2","yes","needs-visual-check","A05","12.3","DX-A05-007 DX-A05-008 DX-A05-009","not-assessed","unverified","NO-CONTENT-REPUBLISHED"
"R05-A-Q17-C3","R05-A-Q17","3","yes","needs-visual-check","A05","12.3","DX-A05-007 DX-A05-008 DX-A05-009","not-assessed","unverified","NO-CONTENT-REPUBLISHED"
"R05-A-Q17-C4","R05-A-Q17","4","yes","needs-visual-check","A05","12.3","DX-A05-007 DX-A05-008 DX-A05-009","not-assessed","unverified","NO-CONTENT-REPUBLISHED"
"R05-A-Q17-C5","R05-A-Q17","5","yes","needs-visual-check","A05","12.3","DX-A05-007 DX-A05-008 DX-A05-009","not-assessed","unverified","NO-CONTENT-REPUBLISHED"
"R05-A-Q18-C1","R05-A-Q18","1","yes","pending-semantic-review","A05","12.3","DX-A05-007 DX-A05-008 DX-A05-009","not-assessed","unverified","NO-CONTENT-REPUBLISHED"
"R05-A-Q18-C2","R05-A-Q18","2","yes","pending-semantic-review","A05","12.3","DX-A05-007 DX-A05-008 DX-A05-009","not-assessed","unverified","NO-CONTENT-REPUBLISHED"
"R05-A-Q18-C3","R05-A-Q18","3","yes","pending-semantic-review","A05","12.3","DX-A05-007 DX-A05-008 DX-A05-009","not-assessed","unverified","NO-CONTENT-REPUBLISHED"
"R05-A-Q18-C4","R05-A-Q18","4","yes","pending-semantic-review","A05","12.3","DX-A05-007 DX-A05-008 DX-A05-009","not-assessed","unverified","NO-CONTENT-REPUBLISHED"
"R05-A-Q18-C5","R05-A-Q18","5","yes","pending-semantic-review","A05","12.3","DX-A05-007 DX-A05-008 DX-A05-009","not-assessed","unverified","NO-CONTENT-REPUBLISHED"
"R05-A-Q19-C1","R05-A-Q19","1","yes","pending-semantic-review","A05","12.3","DX-A05-007 DX-A05-008 DX-A05-009","not-assessed","unverified","NO-CONTENT-REPUBLISHED"
"R05-A-Q19-C2","R05-A-Q19","2","yes","pending-semantic-review","A05","12.3","DX-A05-007 DX-A05-008 DX-A05-009","not-assessed","unverified","NO-CONTENT-REPUBLISHED"
"R05-A-Q19-C3","R05-A-Q19","3","yes","pending-semantic-review","A05","12.3","DX-A05-007 DX-A05-008 DX-A05-009","not-assessed","unverified","NO-CONTENT-REPUBLISHED"
"R05-A-Q19-C4","R05-A-Q19","4","yes","pending-semantic-review","A05","12.3","DX-A05-007 DX-A05-008 DX-A05-009","not-assessed","unverified","NO-CONTENT-REPUBLISHED"
"R05-A-Q19-C5","R05-A-Q19","5","yes","pending-semantic-review","A05","12.3","DX-A05-007 DX-A05-008 DX-A05-009","not-assessed","unverified","NO-CONTENT-REPUBLISHED"
"R05-A-Q20-C1","R05-A-Q20","1","yes","pending-semantic-review","A05","12.3","DX-A05-007 DX-A05-008 DX-A05-009","not-assessed","unverified","NO-CONTENT-REPUBLISHED"
"R05-A-Q20-C2","R05-A-Q20","2","yes","pending-semantic-review","A05","12.3","DX-A05-007 DX-A05-008 DX-A05-009","not-assessed","unverified","NO-CONTENT-REPUBLISHED"
"R05-A-Q20-C3","R05-A-Q20","3","yes","pending-semantic-review","A05","12.3","DX-A05-007 DX-A05-008 DX-A05-009","not-assessed","unverified","NO-CONTENT-REPUBLISHED"
"R05-A-Q20-C4","R05-A-Q20","4","yes","pending-semantic-review","A05","12.3","DX-A05-007 DX-A05-008 DX-A05-009","not-assessed","unverified","NO-CONTENT-REPUBLISHED"
"R05-A-Q20-C5","R05-A-Q20","5","yes","pending-semantic-review","A05","12.3","DX-A05-007 DX-A05-008 DX-A05-009","not-assessed","unverified","NO-CONTENT-REPUBLISHED"
"R05-A-Q21-C1","R05-A-Q21","1","yes","pending-semantic-review","A05","12.3","DX-A05-007 DX-A05-008 DX-A05-009","not-assessed","unverified","NO-CONTENT-REPUBLISHED"
"R05-A-Q21-C2","R05-A-Q21","2","yes","pending-semantic-review","A05","12.3","DX-A05-007 DX-A05-008 DX-A05-009","not-assessed","unverified","NO-CONTENT-REPUBLISHED"
"R05-A-Q21-C3","R05-A-Q21","3","yes","pending-semantic-review","A05","12.3","DX-A05-007 DX-A05-008 DX-A05-009","not-assessed","unverified","NO-CONTENT-REPUBLISHED"
"R05-A-Q21-C4","R05-A-Q21","4","yes","pending-semantic-review","A05","12.3","DX-A05-007 DX-A05-008 DX-A05-009","not-assessed","unverified","NO-CONTENT-REPUBLISHED"
"R05-A-Q21-C5","R05-A-Q21","5","yes","pending-semantic-review","A05","12.3","DX-A05-007 DX-A05-008 DX-A05-009","not-assessed","unverified","NO-CONTENT-REPUBLISHED"
"R05-A-Q22-C1","R05-A-Q22","1","yes","pending-semantic-review","A05","12.3","DX-A05-007 DX-A05-008 DX-A05-009","not-assessed","unverified","NO-CONTENT-REPUBLISHED"
"R05-A-Q22-C2","R05-A-Q22","2","yes","pending-semantic-review","A05","12.3","DX-A05-007 DX-A05-008 DX-A05-009","not-assessed","unverified","NO-CONTENT-REPUBLISHED"
"R05-A-Q22-C3","R05-A-Q22","3","yes","pending-semantic-review","A05","12.3","DX-A05-007 DX-A05-008 DX-A05-009","not-assessed","unverified","NO-CONTENT-REPUBLISHED"
"R05-A-Q22-C4","R05-A-Q22","4","yes","pending-semantic-review","A05","12.3","DX-A05-007 DX-A05-008 DX-A05-009","not-assessed","unverified","NO-CONTENT-REPUBLISHED"
"R05-A-Q22-C5","R05-A-Q22","5","yes","pending-semantic-review","A05","12.3","DX-A05-007 DX-A05-008 DX-A05-009","not-assessed","unverified","NO-CONTENT-REPUBLISHED"
"R05-A-Q23-C1","R05-A-Q23","1","yes","pending-semantic-review","A05","12.3","DX-A05-007 DX-A05-008 DX-A05-009","not-assessed","unverified","NO-CONTENT-REPUBLISHED"
"R05-A-Q23-C2","R05-A-Q23","2","yes","pending-semantic-review","A05","12.3","DX-A05-007 DX-A05-008 DX-A05-009","not-assessed","unverified","NO-CONTENT-REPUBLISHED"
"R05-A-Q23-C3","R05-A-Q23","3","yes","pending-semantic-review","A05","12.3","DX-A05-007 DX-A05-008 DX-A05-009","not-assessed","unverified","NO-CONTENT-REPUBLISHED"
"R05-A-Q23-C4","R05-A-Q23","4","yes","pending-semantic-review","A05","12.3","DX-A05-007 DX-A05-008 DX-A05-009","not-assessed","unverified","NO-CONTENT-REPUBLISHED"
"R05-A-Q23-C5","R05-A-Q23","5","yes","pending-semantic-review","A05","12.3","DX-A05-007 DX-A05-008 DX-A05-009","not-assessed","unverified","NO-CONTENT-REPUBLISHED"
"R05-A-Q24-C1","R05-A-Q24","1","yes","pending-semantic-review","A01","8.3","DX-A01-006 DX-A01-007 DX-A01-008 DX-A01-009","not-assessed","unverified","NO-CONTENT-REPUBLISHED"
"R05-A-Q24-C2","R05-A-Q24","2","yes","pending-semantic-review","A01","8.3","DX-A01-006 DX-A01-007 DX-A01-008 DX-A01-009","not-assessed","unverified","NO-CONTENT-REPUBLISHED"
"R05-A-Q24-C3","R05-A-Q24","3","yes","pending-semantic-review","A01","8.3","DX-A01-006 DX-A01-007 DX-A01-008 DX-A01-009","not-assessed","unverified","NO-CONTENT-REPUBLISHED"
"R05-A-Q24-C4","R05-A-Q24","4","yes","pending-semantic-review","A01","8.3","DX-A01-006 DX-A01-007 DX-A01-008 DX-A01-009","not-assessed","unverified","NO-CONTENT-REPUBLISHED"
"R05-A-Q24-C5","R05-A-Q24","5","yes","pending-semantic-review","A01","8.3","DX-A01-006 DX-A01-007 DX-A01-008 DX-A01-009","not-assessed","unverified","NO-CONTENT-REPUBLISHED"
"R05-A-Q25-C1","R05-A-Q25","1","yes","needs-visual-check","A05","12.3","DX-A05-007 DX-A05-008 DX-A05-009","not-assessed","unverified","NO-CONTENT-REPUBLISHED"
"R05-A-Q25-C2","R05-A-Q25","2","yes","needs-visual-check","A05","12.3","DX-A05-007 DX-A05-008 DX-A05-009","not-assessed","unverified","NO-CONTENT-REPUBLISHED"
"R05-A-Q25-C3","R05-A-Q25","3","yes","needs-visual-check","A05","12.3","DX-A05-007 DX-A05-008 DX-A05-009","not-assessed","unverified","NO-CONTENT-REPUBLISHED"
"R05-A-Q25-C4","R05-A-Q25","4","yes","needs-visual-check","A05","12.3","DX-A05-007 DX-A05-008 DX-A05-009","not-assessed","unverified","NO-CONTENT-REPUBLISHED"
"R05-A-Q25-C5","R05-A-Q25","5","yes","needs-visual-check","A05","12.3","DX-A05-007 DX-A05-008 DX-A05-009","not-assessed","unverified","NO-CONTENT-REPUBLISHED"
"R06-G-Q01-C1","R06-G-Q01","1","no","needs-visual-check","G01","1.3","DX-G01-007 DX-G01-008 DX-G01-009 DX-G01-010","not-assessed","unverified","NO-CONTENT-REPUBLISHED"
"R06-G-Q01-C2","R06-G-Q01","2","no","needs-visual-check","G01","1.3","DX-G01-007 DX-G01-008 DX-G01-009 DX-G01-010","not-assessed","unverified","NO-CONTENT-REPUBLISHED"
"R06-G-Q01-C3","R06-G-Q01","3","no","needs-visual-check","G01","1.3","DX-G01-007 DX-G01-008 DX-G01-009 DX-G01-010","not-assessed","unverified","NO-CONTENT-REPUBLISHED"
"R06-G-Q01-C4","R06-G-Q01","4","no","needs-visual-check","G01","1.3","DX-G01-007 DX-G01-008 DX-G01-009 DX-G01-010","not-assessed","unverified","NO-CONTENT-REPUBLISHED"
"R06-G-Q01-C5","R06-G-Q01","5","no","needs-visual-check","G01","1.3","DX-G01-007 DX-G01-008 DX-G01-009 DX-G01-010","not-assessed","unverified","NO-CONTENT-REPUBLISHED"
"R06-G-Q02-C1","R06-G-Q02","1","yes","needs-visual-check","G01","1.5","DX-G01-015 DX-G01-016 DX-G01-017 DX-G01-018","not-assessed","unverified","NO-CONTENT-REPUBLISHED"
"R06-G-Q02-C2","R06-G-Q02","2","yes","needs-visual-check","G01","1.5","DX-G01-015 DX-G01-016 DX-G01-017 DX-G01-018","not-assessed","unverified","NO-CONTENT-REPUBLISHED"
"R06-G-Q02-C3","R06-G-Q02","3","yes","needs-visual-check","G01","1.5","DX-G01-015 DX-G01-016 DX-G01-017 DX-G01-018","not-assessed","unverified","NO-CONTENT-REPUBLISHED"
"R06-G-Q02-C4","R06-G-Q02","4","yes","needs-visual-check","G01","1.5","DX-G01-015 DX-G01-016 DX-G01-017 DX-G01-018","not-assessed","unverified","NO-CONTENT-REPUBLISHED"
"R06-G-Q02-C5","R06-G-Q02","5","yes","needs-visual-check","G01","1.5","DX-G01-015 DX-G01-016 DX-G01-017 DX-G01-018","not-assessed","unverified","NO-CONTENT-REPUBLISHED"
"R06-G-Q03-C1","R06-G-Q03","1","yes","pending-semantic-review","G01","1.5","DX-G01-015 DX-G01-016 DX-G01-017 DX-G01-018","not-assessed","unverified","NO-CONTENT-REPUBLISHED"
"R06-G-Q03-C2","R06-G-Q03","2","yes","pending-semantic-review","G01","1.5","DX-G01-015 DX-G01-016 DX-G01-017 DX-G01-018","not-assessed","unverified","NO-CONTENT-REPUBLISHED"
"R06-G-Q03-C3","R06-G-Q03","3","yes","pending-semantic-review","G01","1.5","DX-G01-015 DX-G01-016 DX-G01-017 DX-G01-018","not-assessed","unverified","NO-CONTENT-REPUBLISHED"
"R06-G-Q03-C4","R06-G-Q03","4","yes","pending-semantic-review","G01","1.5","DX-G01-015 DX-G01-016 DX-G01-017 DX-G01-018","not-assessed","unverified","NO-CONTENT-REPUBLISHED"
"R06-G-Q03-C5","R06-G-Q03","5","yes","pending-semantic-review","G01","1.5","DX-G01-015 DX-G01-016 DX-G01-017 DX-G01-018","not-assessed","unverified","NO-CONTENT-REPUBLISHED"
"R06-G-Q04-C1","R06-G-Q04","1","yes","pending-semantic-review","G01","1.5","DX-G01-015 DX-G01-016 DX-G01-017 DX-G01-018","not-assessed","unverified","NO-CONTENT-REPUBLISHED"
"R06-G-Q04-C2","R06-G-Q04","2","yes","pending-semantic-review","G01","1.5","DX-G01-015 DX-G01-016 DX-G01-017 DX-G01-018","not-assessed","unverified","NO-CONTENT-REPUBLISHED"
"R06-G-Q04-C3","R06-G-Q04","3","yes","pending-semantic-review","G01","1.5","DX-G01-015 DX-G01-016 DX-G01-017 DX-G01-018","not-assessed","unverified","NO-CONTENT-REPUBLISHED"
"R06-G-Q04-C4","R06-G-Q04","4","yes","pending-semantic-review","G01","1.5","DX-G01-015 DX-G01-016 DX-G01-017 DX-G01-018","not-assessed","unverified","NO-CONTENT-REPUBLISHED"
"R06-G-Q04-C5","R06-G-Q04","5","yes","pending-semantic-review","G01","1.5","DX-G01-015 DX-G01-016 DX-G01-017 DX-G01-018","not-assessed","unverified","NO-CONTENT-REPUBLISHED"
"R06-G-Q05-C1","R06-G-Q05","1","yes","pending-semantic-review","G01","1.5","DX-G01-015 DX-G01-016 DX-G01-017 DX-G01-018","not-assessed","unverified","NO-CONTENT-REPUBLISHED"
"R06-G-Q05-C2","R06-G-Q05","2","yes","pending-semantic-review","G01","1.5","DX-G01-015 DX-G01-016 DX-G01-017 DX-G01-018","not-assessed","unverified","NO-CONTENT-REPUBLISHED"
"R06-G-Q05-C3","R06-G-Q05","3","yes","pending-semantic-review","G01","1.5","DX-G01-015 DX-G01-016 DX-G01-017 DX-G01-018","not-assessed","unverified","NO-CONTENT-REPUBLISHED"
"R06-G-Q05-C4","R06-G-Q05","4","yes","pending-semantic-review","G01","1.5","DX-G01-015 DX-G01-016 DX-G01-017 DX-G01-018","not-assessed","unverified","NO-CONTENT-REPUBLISHED"
"R06-G-Q05-C5","R06-G-Q05","5","yes","pending-semantic-review","G01","1.5","DX-G01-015 DX-G01-016 DX-G01-017 DX-G01-018","not-assessed","unverified","NO-CONTENT-REPUBLISHED"
"R06-G-Q06-C1","R06-G-Q06","1","yes","pending-semantic-review","G02","2.1","DX-G02-001 DX-G02-002","not-assessed","unverified","NO-CONTENT-REPUBLISHED"
"R06-G-Q06-C2","R06-G-Q06","2","yes","pending-semantic-review","G02","2.1","DX-G02-001 DX-G02-002","not-assessed","unverified","NO-CONTENT-REPUBLISHED"
"R06-G-Q06-C3","R06-G-Q06","3","yes","pending-semantic-review","G02","2.1","DX-G02-001 DX-G02-002","not-assessed","unverified","NO-CONTENT-REPUBLISHED"
"R06-G-Q06-C4","R06-G-Q06","4","yes","pending-semantic-review","G02","2.1","DX-G02-001 DX-G02-002","not-assessed","unverified","NO-CONTENT-REPUBLISHED"
"R06-G-Q06-C5","R06-G-Q06","5","yes","pending-semantic-review","G02","2.1","DX-G02-001 DX-G02-002","not-assessed","unverified","NO-CONTENT-REPUBLISHED"
"R06-G-Q07-C1","R06-G-Q07","1","yes","pending-semantic-review","G03","3.3","DX-G03-007 DX-G03-008","not-assessed","unverified","NO-CONTENT-REPUBLISHED"
"R06-G-Q07-C2","R06-G-Q07","2","yes","pending-semantic-review","G03","3.3","DX-G03-007 DX-G03-008","not-assessed","unverified","NO-CONTENT-REPUBLISHED"
"R06-G-Q07-C3","R06-G-Q07","3","yes","pending-semantic-review","G03","3.3","DX-G03-007 DX-G03-008","not-assessed","unverified","NO-CONTENT-REPUBLISHED"
"R06-G-Q07-C4","R06-G-Q07","4","yes","pending-semantic-review","G03","3.3","DX-G03-007 DX-G03-008","not-assessed","unverified","NO-CONTENT-REPUBLISHED"
"R06-G-Q07-C5","R06-G-Q07","5","yes","pending-semantic-review","G03","3.3","DX-G03-007 DX-G03-008","not-assessed","unverified","NO-CONTENT-REPUBLISHED"
"R06-G-Q08-C1","R06-G-Q08","1","yes","pending-semantic-review","G03","3.3","DX-G03-007 DX-G03-008","not-assessed","unverified","NO-CONTENT-REPUBLISHED"
"R06-G-Q08-C2","R06-G-Q08","2","yes","pending-semantic-review","G03","3.3","DX-G03-007 DX-G03-008","not-assessed","unverified","NO-CONTENT-REPUBLISHED"
"R06-G-Q08-C3","R06-G-Q08","3","yes","pending-semantic-review","G03","3.3","DX-G03-007 DX-G03-008","not-assessed","unverified","NO-CONTENT-REPUBLISHED"
"R06-G-Q08-C4","R06-G-Q08","4","yes","pending-semantic-review","G03","3.3","DX-G03-007 DX-G03-008","not-assessed","unverified","NO-CONTENT-REPUBLISHED"
"R06-G-Q08-C5","R06-G-Q08","5","yes","pending-semantic-review","G03","3.3","DX-G03-007 DX-G03-008","not-assessed","unverified","NO-CONTENT-REPUBLISHED"
"R06-G-Q09-C1","R06-G-Q09","1","yes","pending-semantic-review","G04","4.2","DX-G04-004 DX-G04-005 DX-G04-006","not-assessed","unverified","NO-CONTENT-REPUBLISHED"
"R06-G-Q09-C2","R06-G-Q09","2","yes","pending-semantic-review","G04","4.2","DX-G04-004 DX-G04-005 DX-G04-006","not-assessed","unverified","NO-CONTENT-REPUBLISHED"
"R06-G-Q09-C3","R06-G-Q09","3","yes","pending-semantic-review","G04","4.2","DX-G04-004 DX-G04-005 DX-G04-006","not-assessed","unverified","NO-CONTENT-REPUBLISHED"
"R06-G-Q09-C4","R06-G-Q09","4","yes","pending-semantic-review","G04","4.2","DX-G04-004 DX-G04-005 DX-G04-006","not-assessed","unverified","NO-CONTENT-REPUBLISHED"
"R06-G-Q09-C5","R06-G-Q09","5","yes","pending-semantic-review","G04","4.2","DX-G04-004 DX-G04-005 DX-G04-006","not-assessed","unverified","NO-CONTENT-REPUBLISHED"
"R06-G-Q10-C1","R06-G-Q10","1","yes","pending-semantic-review","G04","4.2","DX-G04-004 DX-G04-005 DX-G04-006","not-assessed","unverified","NO-CONTENT-REPUBLISHED"
"R06-G-Q10-C2","R06-G-Q10","2","yes","pending-semantic-review","G04","4.2","DX-G04-004 DX-G04-005 DX-G04-006","not-assessed","unverified","NO-CONTENT-REPUBLISHED"
"R06-G-Q10-C3","R06-G-Q10","3","yes","pending-semantic-review","G04","4.2","DX-G04-004 DX-G04-005 DX-G04-006","not-assessed","unverified","NO-CONTENT-REPUBLISHED"
"R06-G-Q10-C4","R06-G-Q10","4","yes","pending-semantic-review","G04","4.2","DX-G04-004 DX-G04-005 DX-G04-006","not-assessed","unverified","NO-CONTENT-REPUBLISHED"
"R06-G-Q10-C5","R06-G-Q10","5","yes","pending-semantic-review","G04","4.2","DX-G04-004 DX-G04-005 DX-G04-006","not-assessed","unverified","NO-CONTENT-REPUBLISHED"
"R06-G-Q11-C1","R06-G-Q11","1","yes","pending-semantic-review","G05","5.2","DX-G05-004 DX-G05-005","not-assessed","unverified","NO-CONTENT-REPUBLISHED"
"R06-G-Q11-C2","R06-G-Q11","2","yes","pending-semantic-review","G05","5.2","DX-G05-004 DX-G05-005","not-assessed","unverified","NO-CONTENT-REPUBLISHED"
"R06-G-Q11-C3","R06-G-Q11","3","yes","pending-semantic-review","G05","5.2","DX-G05-004 DX-G05-005","not-assessed","unverified","NO-CONTENT-REPUBLISHED"
"R06-G-Q11-C4","R06-G-Q11","4","yes","pending-semantic-review","G05","5.2","DX-G05-004 DX-G05-005","not-assessed","unverified","NO-CONTENT-REPUBLISHED"
"R06-G-Q11-C5","R06-G-Q11","5","yes","pending-semantic-review","G05","5.2","DX-G05-004 DX-G05-005","not-assessed","unverified","NO-CONTENT-REPUBLISHED"
"R06-G-Q12-C1","R06-G-Q12","1","yes","pending-semantic-review","G05","5.2","DX-G05-004 DX-G05-005","not-assessed","unverified","NO-CONTENT-REPUBLISHED"
"R06-G-Q12-C2","R06-G-Q12","2","yes","pending-semantic-review","G05","5.2","DX-G05-004 DX-G05-005","not-assessed","unverified","NO-CONTENT-REPUBLISHED"
"R06-G-Q12-C3","R06-G-Q12","3","yes","pending-semantic-review","G05","5.2","DX-G05-004 DX-G05-005","not-assessed","unverified","NO-CONTENT-REPUBLISHED"
"R06-G-Q12-C4","R06-G-Q12","4","yes","pending-semantic-review","G05","5.2","DX-G05-004 DX-G05-005","not-assessed","unverified","NO-CONTENT-REPUBLISHED"
"R06-G-Q12-C5","R06-G-Q12","5","yes","pending-semantic-review","G05","5.2","DX-G05-004 DX-G05-005","not-assessed","unverified","NO-CONTENT-REPUBLISHED"
"R06-G-Q13-C1","R06-G-Q13","1","yes","pending-semantic-review","G04","4.1","DX-G04-001 DX-G04-002 DX-G04-003","not-assessed","unverified","NO-CONTENT-REPUBLISHED"
"R06-G-Q13-C2","R06-G-Q13","2","yes","pending-semantic-review","G04","4.1","DX-G04-001 DX-G04-002 DX-G04-003","not-assessed","unverified","NO-CONTENT-REPUBLISHED"
"R06-G-Q13-C3","R06-G-Q13","3","yes","pending-semantic-review","G04","4.1","DX-G04-001 DX-G04-002 DX-G04-003","not-assessed","unverified","NO-CONTENT-REPUBLISHED"
"R06-G-Q13-C4","R06-G-Q13","4","yes","pending-semantic-review","G04","4.1","DX-G04-001 DX-G04-002 DX-G04-003","not-assessed","unverified","NO-CONTENT-REPUBLISHED"
"R06-G-Q13-C5","R06-G-Q13","5","yes","pending-semantic-review","G04","4.1","DX-G04-001 DX-G04-002 DX-G04-003","not-assessed","unverified","NO-CONTENT-REPUBLISHED"
"R06-G-Q14-C1","R06-G-Q14","1","yes","pending-semantic-review","G06","6.1","DX-G06-001 DX-G06-002 DX-G06-003","not-assessed","unverified","NO-CONTENT-REPUBLISHED"
"R06-G-Q14-C2","R06-G-Q14","2","yes","pending-semantic-review","G06","6.1","DX-G06-001 DX-G06-002 DX-G06-003","not-assessed","unverified","NO-CONTENT-REPUBLISHED"
"R06-G-Q14-C3","R06-G-Q14","3","yes","pending-semantic-review","G06","6.1","DX-G06-001 DX-G06-002 DX-G06-003","not-assessed","unverified","NO-CONTENT-REPUBLISHED"
"R06-G-Q14-C4","R06-G-Q14","4","yes","pending-semantic-review","G06","6.1","DX-G06-001 DX-G06-002 DX-G06-003","not-assessed","unverified","NO-CONTENT-REPUBLISHED"
"R06-G-Q14-C5","R06-G-Q14","5","yes","pending-semantic-review","G06","6.1","DX-G06-001 DX-G06-002 DX-G06-003","not-assessed","unverified","NO-CONTENT-REPUBLISHED"
"R06-G-Q15-C1","R06-G-Q15","1","yes","pending-semantic-review","G01","1.3","DX-G01-007 DX-G01-008 DX-G01-009 DX-G01-010","not-assessed","unverified","NO-CONTENT-REPUBLISHED"
"R06-G-Q15-C2","R06-G-Q15","2","yes","pending-semantic-review","G01","1.3","DX-G01-007 DX-G01-008 DX-G01-009 DX-G01-010","not-assessed","unverified","NO-CONTENT-REPUBLISHED"
"R06-G-Q15-C3","R06-G-Q15","3","yes","pending-semantic-review","G01","1.3","DX-G01-007 DX-G01-008 DX-G01-009 DX-G01-010","not-assessed","unverified","NO-CONTENT-REPUBLISHED"
"R06-G-Q15-C4","R06-G-Q15","4","yes","pending-semantic-review","G01","1.3","DX-G01-007 DX-G01-008 DX-G01-009 DX-G01-010","not-assessed","unverified","NO-CONTENT-REPUBLISHED"
"R06-G-Q15-C5","R06-G-Q15","5","yes","pending-semantic-review","G01","1.3","DX-G01-007 DX-G01-008 DX-G01-009 DX-G01-010","not-assessed","unverified","NO-CONTENT-REPUBLISHED"
"R06-A-Q01-C1","R06-A-Q01","1","yes","pending-semantic-review","A01","8.3","DX-A01-006 DX-A01-007 DX-A01-008 DX-A01-009","not-assessed","unverified","NO-CONTENT-REPUBLISHED"
"R06-A-Q01-C2","R06-A-Q01","2","yes","pending-semantic-review","A01","8.3","DX-A01-006 DX-A01-007 DX-A01-008 DX-A01-009","not-assessed","unverified","NO-CONTENT-REPUBLISHED"
"R06-A-Q01-C3","R06-A-Q01","3","yes","pending-semantic-review","A01","8.3","DX-A01-006 DX-A01-007 DX-A01-008 DX-A01-009","not-assessed","unverified","NO-CONTENT-REPUBLISHED"
"R06-A-Q01-C4","R06-A-Q01","4","yes","pending-semantic-review","A01","8.3","DX-A01-006 DX-A01-007 DX-A01-008 DX-A01-009","not-assessed","unverified","NO-CONTENT-REPUBLISHED"
"R06-A-Q01-C5","R06-A-Q01","5","yes","pending-semantic-review","A01","8.3","DX-A01-006 DX-A01-007 DX-A01-008 DX-A01-009","not-assessed","unverified","NO-CONTENT-REPUBLISHED"
"R06-A-Q02-C1","R06-A-Q02","1","yes","pending-semantic-review","A01","8.3","DX-A01-006 DX-A01-007 DX-A01-008 DX-A01-009","not-assessed","unverified","NO-CONTENT-REPUBLISHED"
"R06-A-Q02-C2","R06-A-Q02","2","yes","pending-semantic-review","A01","8.3","DX-A01-006 DX-A01-007 DX-A01-008 DX-A01-009","not-assessed","unverified","NO-CONTENT-REPUBLISHED"
"R06-A-Q02-C3","R06-A-Q02","3","yes","pending-semantic-review","A01","8.3","DX-A01-006 DX-A01-007 DX-A01-008 DX-A01-009","not-assessed","unverified","NO-CONTENT-REPUBLISHED"
"R06-A-Q02-C4","R06-A-Q02","4","yes","pending-semantic-review","A01","8.3","DX-A01-006 DX-A01-007 DX-A01-008 DX-A01-009","not-assessed","unverified","NO-CONTENT-REPUBLISHED"
"R06-A-Q02-C5","R06-A-Q02","5","yes","pending-semantic-review","A01","8.3","DX-A01-006 DX-A01-007 DX-A01-008 DX-A01-009","not-assessed","unverified","NO-CONTENT-REPUBLISHED"
"R06-A-Q03-C1","R06-A-Q03","1","yes","pending-semantic-review","A01","8.1","DX-A01-001 DX-A01-002 DX-A01-003","not-assessed","unverified","NO-CONTENT-REPUBLISHED"
"R06-A-Q03-C2","R06-A-Q03","2","yes","pending-semantic-review","A01","8.1","DX-A01-001 DX-A01-002 DX-A01-003","not-assessed","unverified","NO-CONTENT-REPUBLISHED"
"R06-A-Q03-C3","R06-A-Q03","3","yes","pending-semantic-review","A01","8.1","DX-A01-001 DX-A01-002 DX-A01-003","not-assessed","unverified","NO-CONTENT-REPUBLISHED"
"R06-A-Q03-C4","R06-A-Q03","4","yes","pending-semantic-review","A01","8.1","DX-A01-001 DX-A01-002 DX-A01-003","not-assessed","unverified","NO-CONTENT-REPUBLISHED"
"R06-A-Q03-C5","R06-A-Q03","5","yes","pending-semantic-review","A01","8.1","DX-A01-001 DX-A01-002 DX-A01-003","not-assessed","unverified","NO-CONTENT-REPUBLISHED"
"R06-A-Q04-C1","R06-A-Q04","1","yes","needs-visual-check","A01","8.3","DX-A01-006 DX-A01-007 DX-A01-008 DX-A01-009","not-assessed","unverified","NO-CONTENT-REPUBLISHED"
"R06-A-Q04-C2","R06-A-Q04","2","yes","needs-visual-check","A01","8.3","DX-A01-006 DX-A01-007 DX-A01-008 DX-A01-009","not-assessed","unverified","NO-CONTENT-REPUBLISHED"
"R06-A-Q04-C3","R06-A-Q04","3","yes","needs-visual-check","A01","8.3","DX-A01-006 DX-A01-007 DX-A01-008 DX-A01-009","not-assessed","unverified","NO-CONTENT-REPUBLISHED"
"R06-A-Q04-C4","R06-A-Q04","4","yes","needs-visual-check","A01","8.3","DX-A01-006 DX-A01-007 DX-A01-008 DX-A01-009","not-assessed","unverified","NO-CONTENT-REPUBLISHED"
"R06-A-Q04-C5","R06-A-Q04","5","yes","needs-visual-check","A01","8.3","DX-A01-006 DX-A01-007 DX-A01-008 DX-A01-009","not-assessed","unverified","NO-CONTENT-REPUBLISHED"
"R06-A-Q05-C1","R06-A-Q05","1","yes","pending-semantic-review","A01","8.3","DX-A01-006 DX-A01-007 DX-A01-008 DX-A01-009","not-assessed","unverified","NO-CONTENT-REPUBLISHED"
"R06-A-Q05-C2","R06-A-Q05","2","yes","pending-semantic-review","A01","8.3","DX-A01-006 DX-A01-007 DX-A01-008 DX-A01-009","not-assessed","unverified","NO-CONTENT-REPUBLISHED"
"R06-A-Q05-C3","R06-A-Q05","3","yes","pending-semantic-review","A01","8.3","DX-A01-006 DX-A01-007 DX-A01-008 DX-A01-009","not-assessed","unverified","NO-CONTENT-REPUBLISHED"
"R06-A-Q05-C4","R06-A-Q05","4","yes","pending-semantic-review","A01","8.3","DX-A01-006 DX-A01-007 DX-A01-008 DX-A01-009","not-assessed","unverified","NO-CONTENT-REPUBLISHED"
"R06-A-Q05-C5","R06-A-Q05","5","yes","pending-semantic-review","A01","8.3","DX-A01-006 DX-A01-007 DX-A01-008 DX-A01-009","not-assessed","unverified","NO-CONTENT-REPUBLISHED"
"R06-A-Q06-C1","R06-A-Q06","1","yes","needs-visual-check","A01","8.3","DX-A01-006 DX-A01-007 DX-A01-008 DX-A01-009","not-assessed","unverified","NO-CONTENT-REPUBLISHED"
"R06-A-Q06-C2","R06-A-Q06","2","yes","needs-visual-check","A01","8.3","DX-A01-006 DX-A01-007 DX-A01-008 DX-A01-009","not-assessed","unverified","NO-CONTENT-REPUBLISHED"
"R06-A-Q06-C3","R06-A-Q06","3","yes","needs-visual-check","A01","8.3","DX-A01-006 DX-A01-007 DX-A01-008 DX-A01-009","not-assessed","unverified","NO-CONTENT-REPUBLISHED"
"R06-A-Q06-C4","R06-A-Q06","4","yes","needs-visual-check","A01","8.3","DX-A01-006 DX-A01-007 DX-A01-008 DX-A01-009","not-assessed","unverified","NO-CONTENT-REPUBLISHED"
"R06-A-Q06-C5","R06-A-Q06","5","yes","needs-visual-check","A01","8.3","DX-A01-006 DX-A01-007 DX-A01-008 DX-A01-009","not-assessed","unverified","NO-CONTENT-REPUBLISHED"
"R06-A-Q07-C1","R06-A-Q07","1","no","needs-visual-check","A01","8.3","DX-A01-006 DX-A01-007 DX-A01-008 DX-A01-009","not-assessed","unverified","NO-CONTENT-REPUBLISHED"
"R06-A-Q07-C2","R06-A-Q07","2","no","needs-visual-check","A01","8.3","DX-A01-006 DX-A01-007 DX-A01-008 DX-A01-009","not-assessed","unverified","NO-CONTENT-REPUBLISHED"
"R06-A-Q07-C3","R06-A-Q07","3","no","needs-visual-check","A01","8.3","DX-A01-006 DX-A01-007 DX-A01-008 DX-A01-009","not-assessed","unverified","NO-CONTENT-REPUBLISHED"
"R06-A-Q07-C4","R06-A-Q07","4","no","needs-visual-check","A01","8.3","DX-A01-006 DX-A01-007 DX-A01-008 DX-A01-009","not-assessed","unverified","NO-CONTENT-REPUBLISHED"
"R06-A-Q07-C5","R06-A-Q07","5","no","needs-visual-check","A01","8.3","DX-A01-006 DX-A01-007 DX-A01-008 DX-A01-009","not-assessed","unverified","NO-CONTENT-REPUBLISHED"
"R06-A-Q08-C1","R06-A-Q08","1","yes","needs-visual-check","A01","8.3","DX-A01-006 DX-A01-007 DX-A01-008 DX-A01-009","not-assessed","unverified","NO-CONTENT-REPUBLISHED"
"R06-A-Q08-C2","R06-A-Q08","2","yes","needs-visual-check","A01","8.3","DX-A01-006 DX-A01-007 DX-A01-008 DX-A01-009","not-assessed","unverified","NO-CONTENT-REPUBLISHED"
"R06-A-Q08-C3","R06-A-Q08","3","yes","needs-visual-check","A01","8.3","DX-A01-006 DX-A01-007 DX-A01-008 DX-A01-009","not-assessed","unverified","NO-CONTENT-REPUBLISHED"
"R06-A-Q08-C4","R06-A-Q08","4","yes","needs-visual-check","A01","8.3","DX-A01-006 DX-A01-007 DX-A01-008 DX-A01-009","not-assessed","unverified","NO-CONTENT-REPUBLISHED"
"R06-A-Q08-C5","R06-A-Q08","5","yes","needs-visual-check","A01","8.3","DX-A01-006 DX-A01-007 DX-A01-008 DX-A01-009","not-assessed","unverified","NO-CONTENT-REPUBLISHED"
"R06-A-Q09-C1","R06-A-Q09","1","yes","pending-semantic-review","A01","8.3","DX-A01-006 DX-A01-007 DX-A01-008 DX-A01-009","not-assessed","unverified","NO-CONTENT-REPUBLISHED"
"R06-A-Q09-C2","R06-A-Q09","2","yes","pending-semantic-review","A01","8.3","DX-A01-006 DX-A01-007 DX-A01-008 DX-A01-009","not-assessed","unverified","NO-CONTENT-REPUBLISHED"
"R06-A-Q09-C3","R06-A-Q09","3","yes","pending-semantic-review","A01","8.3","DX-A01-006 DX-A01-007 DX-A01-008 DX-A01-009","not-assessed","unverified","NO-CONTENT-REPUBLISHED"
"R06-A-Q09-C4","R06-A-Q09","4","yes","pending-semantic-review","A01","8.3","DX-A01-006 DX-A01-007 DX-A01-008 DX-A01-009","not-assessed","unverified","NO-CONTENT-REPUBLISHED"
"R06-A-Q09-C5","R06-A-Q09","5","yes","pending-semantic-review","A01","8.3","DX-A01-006 DX-A01-007 DX-A01-008 DX-A01-009","not-assessed","unverified","NO-CONTENT-REPUBLISHED"
"R06-A-Q10-C1","R06-A-Q10","1","yes","pending-semantic-review","A02","9.1","DX-A02-001 DX-A02-002 DX-A02-003 DX-A02-004","not-assessed","unverified","NO-CONTENT-REPUBLISHED"
"R06-A-Q10-C2","R06-A-Q10","2","yes","pending-semantic-review","A02","9.1","DX-A02-001 DX-A02-002 DX-A02-003 DX-A02-004","not-assessed","unverified","NO-CONTENT-REPUBLISHED"
"R06-A-Q10-C3","R06-A-Q10","3","yes","pending-semantic-review","A02","9.1","DX-A02-001 DX-A02-002 DX-A02-003 DX-A02-004","not-assessed","unverified","NO-CONTENT-REPUBLISHED"
"R06-A-Q10-C4","R06-A-Q10","4","yes","pending-semantic-review","A02","9.1","DX-A02-001 DX-A02-002 DX-A02-003 DX-A02-004","not-assessed","unverified","NO-CONTENT-REPUBLISHED"
"R06-A-Q10-C5","R06-A-Q10","5","yes","pending-semantic-review","A02","9.1","DX-A02-001 DX-A02-002 DX-A02-003 DX-A02-004","not-assessed","unverified","NO-CONTENT-REPUBLISHED"
"R06-A-Q11-C1","R06-A-Q11","1","yes","pending-semantic-review","A02","9.1","DX-A02-001 DX-A02-002 DX-A02-003 DX-A02-004","not-assessed","unverified","NO-CONTENT-REPUBLISHED"
"R06-A-Q11-C2","R06-A-Q11","2","yes","pending-semantic-review","A02","9.1","DX-A02-001 DX-A02-002 DX-A02-003 DX-A02-004","not-assessed","unverified","NO-CONTENT-REPUBLISHED"
"R06-A-Q11-C3","R06-A-Q11","3","yes","pending-semantic-review","A02","9.1","DX-A02-001 DX-A02-002 DX-A02-003 DX-A02-004","not-assessed","unverified","NO-CONTENT-REPUBLISHED"
"R06-A-Q11-C4","R06-A-Q11","4","yes","pending-semantic-review","A02","9.1","DX-A02-001 DX-A02-002 DX-A02-003 DX-A02-004","not-assessed","unverified","NO-CONTENT-REPUBLISHED"
"R06-A-Q11-C5","R06-A-Q11","5","yes","pending-semantic-review","A02","9.1","DX-A02-001 DX-A02-002 DX-A02-003 DX-A02-004","not-assessed","unverified","NO-CONTENT-REPUBLISHED"
"R06-A-Q12-C1","R06-A-Q12","1","yes","needs-visual-check","A02","9.1","DX-A02-001 DX-A02-002 DX-A02-003 DX-A02-004","not-assessed","unverified","NO-CONTENT-REPUBLISHED"
"R06-A-Q12-C2","R06-A-Q12","2","yes","needs-visual-check","A02","9.1","DX-A02-001 DX-A02-002 DX-A02-003 DX-A02-004","not-assessed","unverified","NO-CONTENT-REPUBLISHED"
"R06-A-Q12-C3","R06-A-Q12","3","yes","needs-visual-check","A02","9.1","DX-A02-001 DX-A02-002 DX-A02-003 DX-A02-004","not-assessed","unverified","NO-CONTENT-REPUBLISHED"
"R06-A-Q12-C4","R06-A-Q12","4","yes","needs-visual-check","A02","9.1","DX-A02-001 DX-A02-002 DX-A02-003 DX-A02-004","not-assessed","unverified","NO-CONTENT-REPUBLISHED"
"R06-A-Q12-C5","R06-A-Q12","5","yes","needs-visual-check","A02","9.1","DX-A02-001 DX-A02-002 DX-A02-003 DX-A02-004","not-assessed","unverified","NO-CONTENT-REPUBLISHED"
"R06-A-Q13-C1","R06-A-Q13","1","yes","pending-semantic-review","A03","10.2","DX-A03-004 DX-A03-005 DX-A03-006","not-assessed","unverified","NO-CONTENT-REPUBLISHED"
"R06-A-Q13-C2","R06-A-Q13","2","yes","pending-semantic-review","A03","10.2","DX-A03-004 DX-A03-005 DX-A03-006","not-assessed","unverified","NO-CONTENT-REPUBLISHED"
"R06-A-Q13-C3","R06-A-Q13","3","yes","pending-semantic-review","A03","10.2","DX-A03-004 DX-A03-005 DX-A03-006","not-assessed","unverified","NO-CONTENT-REPUBLISHED"
"R06-A-Q13-C4","R06-A-Q13","4","yes","pending-semantic-review","A03","10.2","DX-A03-004 DX-A03-005 DX-A03-006","not-assessed","unverified","NO-CONTENT-REPUBLISHED"
"R06-A-Q13-C5","R06-A-Q13","5","yes","pending-semantic-review","A03","10.2","DX-A03-004 DX-A03-005 DX-A03-006","not-assessed","unverified","NO-CONTENT-REPUBLISHED"
"R06-A-Q14-C1","R06-A-Q14","1","yes","needs-visual-check","A03","10.2","DX-A03-004 DX-A03-005 DX-A03-006","not-assessed","unverified","NO-CONTENT-REPUBLISHED"
"R06-A-Q14-C2","R06-A-Q14","2","yes","needs-visual-check","A03","10.2","DX-A03-004 DX-A03-005 DX-A03-006","not-assessed","unverified","NO-CONTENT-REPUBLISHED"
"R06-A-Q14-C3","R06-A-Q14","3","yes","needs-visual-check","A03","10.2","DX-A03-004 DX-A03-005 DX-A03-006","not-assessed","unverified","NO-CONTENT-REPUBLISHED"
"R06-A-Q14-C4","R06-A-Q14","4","yes","needs-visual-check","A03","10.2","DX-A03-004 DX-A03-005 DX-A03-006","not-assessed","unverified","NO-CONTENT-REPUBLISHED"
"R06-A-Q14-C5","R06-A-Q14","5","yes","needs-visual-check","A03","10.2","DX-A03-004 DX-A03-005 DX-A03-006","not-assessed","unverified","NO-CONTENT-REPUBLISHED"
"R06-A-Q15-C1","R06-A-Q15","1","yes","pending-semantic-review","A04","11.1","DX-A04-001 DX-A04-002 DX-A04-003","not-assessed","unverified","NO-CONTENT-REPUBLISHED"
"R06-A-Q15-C2","R06-A-Q15","2","yes","pending-semantic-review","A04","11.1","DX-A04-001 DX-A04-002 DX-A04-003","not-assessed","unverified","NO-CONTENT-REPUBLISHED"
"R06-A-Q15-C3","R06-A-Q15","3","yes","pending-semantic-review","A04","11.1","DX-A04-001 DX-A04-002 DX-A04-003","not-assessed","unverified","NO-CONTENT-REPUBLISHED"
"R06-A-Q15-C4","R06-A-Q15","4","yes","pending-semantic-review","A04","11.1","DX-A04-001 DX-A04-002 DX-A04-003","not-assessed","unverified","NO-CONTENT-REPUBLISHED"
"R06-A-Q15-C5","R06-A-Q15","5","yes","pending-semantic-review","A04","11.1","DX-A04-001 DX-A04-002 DX-A04-003","not-assessed","unverified","NO-CONTENT-REPUBLISHED"
"R06-A-Q16-C1","R06-A-Q16","1","yes","pending-semantic-review","A04","11.1","DX-A04-001 DX-A04-002 DX-A04-003","not-assessed","unverified","NO-CONTENT-REPUBLISHED"
"R06-A-Q16-C2","R06-A-Q16","2","yes","pending-semantic-review","A04","11.1","DX-A04-001 DX-A04-002 DX-A04-003","not-assessed","unverified","NO-CONTENT-REPUBLISHED"
"R06-A-Q16-C3","R06-A-Q16","3","yes","pending-semantic-review","A04","11.1","DX-A04-001 DX-A04-002 DX-A04-003","not-assessed","unverified","NO-CONTENT-REPUBLISHED"
"R06-A-Q16-C4","R06-A-Q16","4","yes","pending-semantic-review","A04","11.1","DX-A04-001 DX-A04-002 DX-A04-003","not-assessed","unverified","NO-CONTENT-REPUBLISHED"
"R06-A-Q16-C5","R06-A-Q16","5","yes","pending-semantic-review","A04","11.1","DX-A04-001 DX-A04-002 DX-A04-003","not-assessed","unverified","NO-CONTENT-REPUBLISHED"
"R06-A-Q17-C1","R06-A-Q17","1","yes","pending-semantic-review","A05","12.3","DX-A05-007 DX-A05-008 DX-A05-009","not-assessed","unverified","NO-CONTENT-REPUBLISHED"
"R06-A-Q17-C2","R06-A-Q17","2","yes","pending-semantic-review","A05","12.3","DX-A05-007 DX-A05-008 DX-A05-009","not-assessed","unverified","NO-CONTENT-REPUBLISHED"
"R06-A-Q17-C3","R06-A-Q17","3","yes","pending-semantic-review","A05","12.3","DX-A05-007 DX-A05-008 DX-A05-009","not-assessed","unverified","NO-CONTENT-REPUBLISHED"
"R06-A-Q17-C4","R06-A-Q17","4","yes","pending-semantic-review","A05","12.3","DX-A05-007 DX-A05-008 DX-A05-009","not-assessed","unverified","NO-CONTENT-REPUBLISHED"
"R06-A-Q17-C5","R06-A-Q17","5","yes","pending-semantic-review","A05","12.3","DX-A05-007 DX-A05-008 DX-A05-009","not-assessed","unverified","NO-CONTENT-REPUBLISHED"
"R06-A-Q18-C1","R06-A-Q18","1","yes","needs-visual-check","A05","12.3","DX-A05-007 DX-A05-008 DX-A05-009","not-assessed","unverified","NO-CONTENT-REPUBLISHED"
"R06-A-Q18-C2","R06-A-Q18","2","yes","needs-visual-check","A05","12.3","DX-A05-007 DX-A05-008 DX-A05-009","not-assessed","unverified","NO-CONTENT-REPUBLISHED"
"R06-A-Q18-C3","R06-A-Q18","3","yes","needs-visual-check","A05","12.3","DX-A05-007 DX-A05-008 DX-A05-009","not-assessed","unverified","NO-CONTENT-REPUBLISHED"
"R06-A-Q18-C4","R06-A-Q18","4","yes","needs-visual-check","A05","12.3","DX-A05-007 DX-A05-008 DX-A05-009","not-assessed","unverified","NO-CONTENT-REPUBLISHED"
"R06-A-Q18-C5","R06-A-Q18","5","yes","needs-visual-check","A05","12.3","DX-A05-007 DX-A05-008 DX-A05-009","not-assessed","unverified","NO-CONTENT-REPUBLISHED"
"R06-A-Q19-C1","R06-A-Q19","1","yes","needs-visual-check","A05","12.3","DX-A05-007 DX-A05-008 DX-A05-009","not-assessed","unverified","NO-CONTENT-REPUBLISHED"
"R06-A-Q19-C2","R06-A-Q19","2","yes","needs-visual-check","A05","12.3","DX-A05-007 DX-A05-008 DX-A05-009","not-assessed","unverified","NO-CONTENT-REPUBLISHED"
"R06-A-Q19-C3","R06-A-Q19","3","yes","needs-visual-check","A05","12.3","DX-A05-007 DX-A05-008 DX-A05-009","not-assessed","unverified","NO-CONTENT-REPUBLISHED"
"R06-A-Q19-C4","R06-A-Q19","4","yes","needs-visual-check","A05","12.3","DX-A05-007 DX-A05-008 DX-A05-009","not-assessed","unverified","NO-CONTENT-REPUBLISHED"
"R06-A-Q19-C5","R06-A-Q19","5","yes","needs-visual-check","A05","12.3","DX-A05-007 DX-A05-008 DX-A05-009","not-assessed","unverified","NO-CONTENT-REPUBLISHED"
"R06-A-Q20-C1","R06-A-Q20","1","yes","pending-semantic-review","A05","12.3","DX-A05-007 DX-A05-008 DX-A05-009","not-assessed","unverified","NO-CONTENT-REPUBLISHED"
"R06-A-Q20-C2","R06-A-Q20","2","yes","pending-semantic-review","A05","12.3","DX-A05-007 DX-A05-008 DX-A05-009","not-assessed","unverified","NO-CONTENT-REPUBLISHED"
"R06-A-Q20-C3","R06-A-Q20","3","yes","pending-semantic-review","A05","12.3","DX-A05-007 DX-A05-008 DX-A05-009","not-assessed","unverified","NO-CONTENT-REPUBLISHED"
"R06-A-Q20-C4","R06-A-Q20","4","yes","pending-semantic-review","A05","12.3","DX-A05-007 DX-A05-008 DX-A05-009","not-assessed","unverified","NO-CONTENT-REPUBLISHED"
"R06-A-Q20-C5","R06-A-Q20","5","yes","pending-semantic-review","A05","12.3","DX-A05-007 DX-A05-008 DX-A05-009","not-assessed","unverified","NO-CONTENT-REPUBLISHED"
"R06-A-Q21-C1","R06-A-Q21","1","yes","needs-visual-check","A05","12.3","DX-A05-007 DX-A05-008 DX-A05-009","not-assessed","unverified","NO-CONTENT-REPUBLISHED"
"R06-A-Q21-C2","R06-A-Q21","2","yes","needs-visual-check","A05","12.3","DX-A05-007 DX-A05-008 DX-A05-009","not-assessed","unverified","NO-CONTENT-REPUBLISHED"
"R06-A-Q21-C3","R06-A-Q21","3","yes","needs-visual-check","A05","12.3","DX-A05-007 DX-A05-008 DX-A05-009","not-assessed","unverified","NO-CONTENT-REPUBLISHED"
"R06-A-Q21-C4","R06-A-Q21","4","yes","needs-visual-check","A05","12.3","DX-A05-007 DX-A05-008 DX-A05-009","not-assessed","unverified","NO-CONTENT-REPUBLISHED"
"R06-A-Q21-C5","R06-A-Q21","5","yes","needs-visual-check","A05","12.3","DX-A05-007 DX-A05-008 DX-A05-009","not-assessed","unverified","NO-CONTENT-REPUBLISHED"
"R06-A-Q22-C1","R06-A-Q22","1","yes","pending-semantic-review","A05","12.3","DX-A05-007 DX-A05-008 DX-A05-009","not-assessed","unverified","NO-CONTENT-REPUBLISHED"
"R06-A-Q22-C2","R06-A-Q22","2","yes","pending-semantic-review","A05","12.3","DX-A05-007 DX-A05-008 DX-A05-009","not-assessed","unverified","NO-CONTENT-REPUBLISHED"
"R06-A-Q22-C3","R06-A-Q22","3","yes","pending-semantic-review","A05","12.3","DX-A05-007 DX-A05-008 DX-A05-009","not-assessed","unverified","NO-CONTENT-REPUBLISHED"
"R06-A-Q22-C4","R06-A-Q22","4","yes","pending-semantic-review","A05","12.3","DX-A05-007 DX-A05-008 DX-A05-009","not-assessed","unverified","NO-CONTENT-REPUBLISHED"
"R06-A-Q22-C5","R06-A-Q22","5","yes","pending-semantic-review","A05","12.3","DX-A05-007 DX-A05-008 DX-A05-009","not-assessed","unverified","NO-CONTENT-REPUBLISHED"
"R06-A-Q23-C1","R06-A-Q23","1","yes","pending-semantic-review","A05","12.3","DX-A05-007 DX-A05-008 DX-A05-009","not-assessed","unverified","NO-CONTENT-REPUBLISHED"
"R06-A-Q23-C2","R06-A-Q23","2","yes","pending-semantic-review","A05","12.3","DX-A05-007 DX-A05-008 DX-A05-009","not-assessed","unverified","NO-CONTENT-REPUBLISHED"
"R06-A-Q23-C3","R06-A-Q23","3","yes","pending-semantic-review","A05","12.3","DX-A05-007 DX-A05-008 DX-A05-009","not-assessed","unverified","NO-CONTENT-REPUBLISHED"
"R06-A-Q23-C4","R06-A-Q23","4","yes","pending-semantic-review","A05","12.3","DX-A05-007 DX-A05-008 DX-A05-009","not-assessed","unverified","NO-CONTENT-REPUBLISHED"
"R06-A-Q23-C5","R06-A-Q23","5","yes","pending-semantic-review","A05","12.3","DX-A05-007 DX-A05-008 DX-A05-009","not-assessed","unverified","NO-CONTENT-REPUBLISHED"
"R06-A-Q24-C1","R06-A-Q24","1","yes","pending-semantic-review","A05","12.3","DX-A05-007 DX-A05-008 DX-A05-009","not-assessed","unverified","NO-CONTENT-REPUBLISHED"
"R06-A-Q24-C2","R06-A-Q24","2","yes","pending-semantic-review","A05","12.3","DX-A05-007 DX-A05-008 DX-A05-009","not-assessed","unverified","NO-CONTENT-REPUBLISHED"
"R06-A-Q24-C3","R06-A-Q24","3","yes","pending-semantic-review","A05","12.3","DX-A05-007 DX-A05-008 DX-A05-009","not-assessed","unverified","NO-CONTENT-REPUBLISHED"
"R06-A-Q24-C4","R06-A-Q24","4","yes","pending-semantic-review","A05","12.3","DX-A05-007 DX-A05-008 DX-A05-009","not-assessed","unverified","NO-CONTENT-REPUBLISHED"
"R06-A-Q24-C5","R06-A-Q24","5","yes","pending-semantic-review","A05","12.3","DX-A05-007 DX-A05-008 DX-A05-009","not-assessed","unverified","NO-CONTENT-REPUBLISHED"
"R06-A-Q25-C1","R06-A-Q25","1","yes","needs-visual-check","A05","12.3","DX-A05-007 DX-A05-008 DX-A05-009","not-assessed","unverified","NO-CONTENT-REPUBLISHED"
"R06-A-Q25-C2","R06-A-Q25","2","yes","needs-visual-check","A05","12.3","DX-A05-007 DX-A05-008 DX-A05-009","not-assessed","unverified","NO-CONTENT-REPUBLISHED"
"R06-A-Q25-C3","R06-A-Q25","3","yes","needs-visual-check","A05","12.3","DX-A05-007 DX-A05-008 DX-A05-009","not-assessed","unverified","NO-CONTENT-REPUBLISHED"
"R06-A-Q25-C4","R06-A-Q25","4","yes","needs-visual-check","A05","12.3","DX-A05-007 DX-A05-008 DX-A05-009","not-assessed","unverified","NO-CONTENT-REPUBLISHED"
"R06-A-Q25-C5","R06-A-Q25","5","yes","needs-visual-check","A05","12.3","DX-A05-007 DX-A05-008 DX-A05-009","not-assessed","unverified","NO-CONTENT-REPUBLISHED"
"R07-G-Q01-C1","R07-G-Q01","1","no","needs-visual-check","G01","1.3","DX-G01-007 DX-G01-008 DX-G01-009 DX-G01-010","not-assessed","unverified","NO-CONTENT-REPUBLISHED"
"R07-G-Q01-C2","R07-G-Q01","2","no","needs-visual-check","G01","1.3","DX-G01-007 DX-G01-008 DX-G01-009 DX-G01-010","not-assessed","unverified","NO-CONTENT-REPUBLISHED"
"R07-G-Q01-C3","R07-G-Q01","3","no","needs-visual-check","G01","1.3","DX-G01-007 DX-G01-008 DX-G01-009 DX-G01-010","not-assessed","unverified","NO-CONTENT-REPUBLISHED"
"R07-G-Q01-C4","R07-G-Q01","4","no","needs-visual-check","G01","1.3","DX-G01-007 DX-G01-008 DX-G01-009 DX-G01-010","not-assessed","unverified","NO-CONTENT-REPUBLISHED"
"R07-G-Q01-C5","R07-G-Q01","5","no","needs-visual-check","G01","1.3","DX-G01-007 DX-G01-008 DX-G01-009 DX-G01-010","not-assessed","unverified","NO-CONTENT-REPUBLISHED"
"R07-G-Q02-C1","R07-G-Q02","1","yes","needs-visual-check","G01","1.5","DX-G01-015 DX-G01-016 DX-G01-017 DX-G01-018","not-assessed","unverified","NO-CONTENT-REPUBLISHED"
"R07-G-Q02-C2","R07-G-Q02","2","yes","needs-visual-check","G01","1.5","DX-G01-015 DX-G01-016 DX-G01-017 DX-G01-018","not-assessed","unverified","NO-CONTENT-REPUBLISHED"
"R07-G-Q02-C3","R07-G-Q02","3","yes","needs-visual-check","G01","1.5","DX-G01-015 DX-G01-016 DX-G01-017 DX-G01-018","not-assessed","unverified","NO-CONTENT-REPUBLISHED"
"R07-G-Q02-C4","R07-G-Q02","4","yes","needs-visual-check","G01","1.5","DX-G01-015 DX-G01-016 DX-G01-017 DX-G01-018","not-assessed","unverified","NO-CONTENT-REPUBLISHED"
"R07-G-Q02-C5","R07-G-Q02","5","yes","needs-visual-check","G01","1.5","DX-G01-015 DX-G01-016 DX-G01-017 DX-G01-018","not-assessed","unverified","NO-CONTENT-REPUBLISHED"
"R07-G-Q03-C1","R07-G-Q03","1","yes","pending-semantic-review","G01","1.5","DX-G01-015 DX-G01-016 DX-G01-017 DX-G01-018","not-assessed","unverified","NO-CONTENT-REPUBLISHED"
"R07-G-Q03-C2","R07-G-Q03","2","yes","pending-semantic-review","G01","1.5","DX-G01-015 DX-G01-016 DX-G01-017 DX-G01-018","not-assessed","unverified","NO-CONTENT-REPUBLISHED"
"R07-G-Q03-C3","R07-G-Q03","3","yes","pending-semantic-review","G01","1.5","DX-G01-015 DX-G01-016 DX-G01-017 DX-G01-018","not-assessed","unverified","NO-CONTENT-REPUBLISHED"
"R07-G-Q03-C4","R07-G-Q03","4","yes","pending-semantic-review","G01","1.5","DX-G01-015 DX-G01-016 DX-G01-017 DX-G01-018","not-assessed","unverified","NO-CONTENT-REPUBLISHED"
"R07-G-Q03-C5","R07-G-Q03","5","yes","pending-semantic-review","G01","1.5","DX-G01-015 DX-G01-016 DX-G01-017 DX-G01-018","not-assessed","unverified","NO-CONTENT-REPUBLISHED"
"R07-G-Q04-C1","R07-G-Q04","1","yes","pending-semantic-review","G01","1.5","DX-G01-015 DX-G01-016 DX-G01-017 DX-G01-018","not-assessed","unverified","NO-CONTENT-REPUBLISHED"
"R07-G-Q04-C2","R07-G-Q04","2","yes","pending-semantic-review","G01","1.5","DX-G01-015 DX-G01-016 DX-G01-017 DX-G01-018","not-assessed","unverified","NO-CONTENT-REPUBLISHED"
"R07-G-Q04-C3","R07-G-Q04","3","yes","pending-semantic-review","G01","1.5","DX-G01-015 DX-G01-016 DX-G01-017 DX-G01-018","not-assessed","unverified","NO-CONTENT-REPUBLISHED"
"R07-G-Q04-C4","R07-G-Q04","4","yes","pending-semantic-review","G01","1.5","DX-G01-015 DX-G01-016 DX-G01-017 DX-G01-018","not-assessed","unverified","NO-CONTENT-REPUBLISHED"
"R07-G-Q04-C5","R07-G-Q04","5","yes","pending-semantic-review","G01","1.5","DX-G01-015 DX-G01-016 DX-G01-017 DX-G01-018","not-assessed","unverified","NO-CONTENT-REPUBLISHED"
"R07-G-Q05-C1","R07-G-Q05","1","yes","pending-semantic-review","G01","1.5","DX-G01-015 DX-G01-016 DX-G01-017 DX-G01-018","not-assessed","unverified","NO-CONTENT-REPUBLISHED"
"R07-G-Q05-C2","R07-G-Q05","2","yes","pending-semantic-review","G01","1.5","DX-G01-015 DX-G01-016 DX-G01-017 DX-G01-018","not-assessed","unverified","NO-CONTENT-REPUBLISHED"
"R07-G-Q05-C3","R07-G-Q05","3","yes","pending-semantic-review","G01","1.5","DX-G01-015 DX-G01-016 DX-G01-017 DX-G01-018","not-assessed","unverified","NO-CONTENT-REPUBLISHED"
"R07-G-Q05-C4","R07-G-Q05","4","yes","pending-semantic-review","G01","1.5","DX-G01-015 DX-G01-016 DX-G01-017 DX-G01-018","not-assessed","unverified","NO-CONTENT-REPUBLISHED"
"R07-G-Q05-C5","R07-G-Q05","5","yes","pending-semantic-review","G01","1.5","DX-G01-015 DX-G01-016 DX-G01-017 DX-G01-018","not-assessed","unverified","NO-CONTENT-REPUBLISHED"
"R07-G-Q06-C1","R07-G-Q06","1","yes","pending-semantic-review","G02","2.1","DX-G02-001 DX-G02-002","not-assessed","unverified","NO-CONTENT-REPUBLISHED"
"R07-G-Q06-C2","R07-G-Q06","2","yes","pending-semantic-review","G02","2.1","DX-G02-001 DX-G02-002","not-assessed","unverified","NO-CONTENT-REPUBLISHED"
"R07-G-Q06-C3","R07-G-Q06","3","yes","pending-semantic-review","G02","2.1","DX-G02-001 DX-G02-002","not-assessed","unverified","NO-CONTENT-REPUBLISHED"
"R07-G-Q06-C4","R07-G-Q06","4","yes","pending-semantic-review","G02","2.1","DX-G02-001 DX-G02-002","not-assessed","unverified","NO-CONTENT-REPUBLISHED"
"R07-G-Q06-C5","R07-G-Q06","5","yes","pending-semantic-review","G02","2.1","DX-G02-001 DX-G02-002","not-assessed","unverified","NO-CONTENT-REPUBLISHED"
"R07-G-Q07-C1","R07-G-Q07","1","yes","pending-semantic-review","G03","3.3","DX-G03-007 DX-G03-008","not-assessed","unverified","NO-CONTENT-REPUBLISHED"
"R07-G-Q07-C2","R07-G-Q07","2","yes","pending-semantic-review","G03","3.3","DX-G03-007 DX-G03-008","not-assessed","unverified","NO-CONTENT-REPUBLISHED"
"R07-G-Q07-C3","R07-G-Q07","3","yes","pending-semantic-review","G03","3.3","DX-G03-007 DX-G03-008","not-assessed","unverified","NO-CONTENT-REPUBLISHED"
"R07-G-Q07-C4","R07-G-Q07","4","yes","pending-semantic-review","G03","3.3","DX-G03-007 DX-G03-008","not-assessed","unverified","NO-CONTENT-REPUBLISHED"
"R07-G-Q07-C5","R07-G-Q07","5","yes","pending-semantic-review","G03","3.3","DX-G03-007 DX-G03-008","not-assessed","unverified","NO-CONTENT-REPUBLISHED"
"R07-G-Q08-C1","R07-G-Q08","1","yes","pending-semantic-review","G04","4.2","DX-G04-004 DX-G04-005 DX-G04-006","not-assessed","unverified","NO-CONTENT-REPUBLISHED"
"R07-G-Q08-C2","R07-G-Q08","2","yes","pending-semantic-review","G04","4.2","DX-G04-004 DX-G04-005 DX-G04-006","not-assessed","unverified","NO-CONTENT-REPUBLISHED"
"R07-G-Q08-C3","R07-G-Q08","3","yes","pending-semantic-review","G04","4.2","DX-G04-004 DX-G04-005 DX-G04-006","not-assessed","unverified","NO-CONTENT-REPUBLISHED"
"R07-G-Q08-C4","R07-G-Q08","4","yes","pending-semantic-review","G04","4.2","DX-G04-004 DX-G04-005 DX-G04-006","not-assessed","unverified","NO-CONTENT-REPUBLISHED"
"R07-G-Q08-C5","R07-G-Q08","5","yes","pending-semantic-review","G04","4.2","DX-G04-004 DX-G04-005 DX-G04-006","not-assessed","unverified","NO-CONTENT-REPUBLISHED"
"R07-G-Q09-C1","R07-G-Q09","1","yes","pending-semantic-review","G04","4.2","DX-G04-004 DX-G04-005 DX-G04-006","not-assessed","unverified","NO-CONTENT-REPUBLISHED"
"R07-G-Q09-C2","R07-G-Q09","2","yes","pending-semantic-review","G04","4.2","DX-G04-004 DX-G04-005 DX-G04-006","not-assessed","unverified","NO-CONTENT-REPUBLISHED"
"R07-G-Q09-C3","R07-G-Q09","3","yes","pending-semantic-review","G04","4.2","DX-G04-004 DX-G04-005 DX-G04-006","not-assessed","unverified","NO-CONTENT-REPUBLISHED"
"R07-G-Q09-C4","R07-G-Q09","4","yes","pending-semantic-review","G04","4.2","DX-G04-004 DX-G04-005 DX-G04-006","not-assessed","unverified","NO-CONTENT-REPUBLISHED"
"R07-G-Q09-C5","R07-G-Q09","5","yes","pending-semantic-review","G04","4.2","DX-G04-004 DX-G04-005 DX-G04-006","not-assessed","unverified","NO-CONTENT-REPUBLISHED"
"R07-G-Q10-C1","R07-G-Q10","1","yes","pending-semantic-review","G04","4.2","DX-G04-004 DX-G04-005 DX-G04-006","not-assessed","unverified","NO-CONTENT-REPUBLISHED"
"R07-G-Q10-C2","R07-G-Q10","2","yes","pending-semantic-review","G04","4.2","DX-G04-004 DX-G04-005 DX-G04-006","not-assessed","unverified","NO-CONTENT-REPUBLISHED"
"R07-G-Q10-C3","R07-G-Q10","3","yes","pending-semantic-review","G04","4.2","DX-G04-004 DX-G04-005 DX-G04-006","not-assessed","unverified","NO-CONTENT-REPUBLISHED"
"R07-G-Q10-C4","R07-G-Q10","4","yes","pending-semantic-review","G04","4.2","DX-G04-004 DX-G04-005 DX-G04-006","not-assessed","unverified","NO-CONTENT-REPUBLISHED"
"R07-G-Q10-C5","R07-G-Q10","5","yes","pending-semantic-review","G04","4.2","DX-G04-004 DX-G04-005 DX-G04-006","not-assessed","unverified","NO-CONTENT-REPUBLISHED"
"R07-G-Q11-C1","R07-G-Q11","1","yes","needs-visual-check","G05","5.2","DX-G05-004 DX-G05-005","not-assessed","unverified","NO-CONTENT-REPUBLISHED"
"R07-G-Q11-C2","R07-G-Q11","2","yes","needs-visual-check","G05","5.2","DX-G05-004 DX-G05-005","not-assessed","unverified","NO-CONTENT-REPUBLISHED"
"R07-G-Q11-C3","R07-G-Q11","3","yes","needs-visual-check","G05","5.2","DX-G05-004 DX-G05-005","not-assessed","unverified","NO-CONTENT-REPUBLISHED"
"R07-G-Q11-C4","R07-G-Q11","4","yes","needs-visual-check","G05","5.2","DX-G05-004 DX-G05-005","not-assessed","unverified","NO-CONTENT-REPUBLISHED"
"R07-G-Q11-C5","R07-G-Q11","5","yes","needs-visual-check","G05","5.2","DX-G05-004 DX-G05-005","not-assessed","unverified","NO-CONTENT-REPUBLISHED"
"R07-G-Q12-C1","R07-G-Q12","1","yes","pending-semantic-review","G05","5.2","DX-G05-004 DX-G05-005","not-assessed","unverified","NO-CONTENT-REPUBLISHED"
"R07-G-Q12-C2","R07-G-Q12","2","yes","pending-semantic-review","G05","5.2","DX-G05-004 DX-G05-005","not-assessed","unverified","NO-CONTENT-REPUBLISHED"
"R07-G-Q12-C3","R07-G-Q12","3","yes","pending-semantic-review","G05","5.2","DX-G05-004 DX-G05-005","not-assessed","unverified","NO-CONTENT-REPUBLISHED"
"R07-G-Q12-C4","R07-G-Q12","4","yes","pending-semantic-review","G05","5.2","DX-G05-004 DX-G05-005","not-assessed","unverified","NO-CONTENT-REPUBLISHED"
"R07-G-Q12-C5","R07-G-Q12","5","yes","pending-semantic-review","G05","5.2","DX-G05-004 DX-G05-005","not-assessed","unverified","NO-CONTENT-REPUBLISHED"
"R07-G-Q13-C1","R07-G-Q13","1","yes","pending-semantic-review","G05","5.2","DX-G05-004 DX-G05-005","not-assessed","unverified","NO-CONTENT-REPUBLISHED"
"R07-G-Q13-C2","R07-G-Q13","2","yes","pending-semantic-review","G05","5.2","DX-G05-004 DX-G05-005","not-assessed","unverified","NO-CONTENT-REPUBLISHED"
"R07-G-Q13-C3","R07-G-Q13","3","yes","pending-semantic-review","G05","5.2","DX-G05-004 DX-G05-005","not-assessed","unverified","NO-CONTENT-REPUBLISHED"
"R07-G-Q13-C4","R07-G-Q13","4","yes","pending-semantic-review","G05","5.2","DX-G05-004 DX-G05-005","not-assessed","unverified","NO-CONTENT-REPUBLISHED"
"R07-G-Q13-C5","R07-G-Q13","5","yes","pending-semantic-review","G05","5.2","DX-G05-004 DX-G05-005","not-assessed","unverified","NO-CONTENT-REPUBLISHED"
"R07-G-Q14-C1","R07-G-Q14","1","yes","needs-visual-check","G02","2.1","DX-G02-001 DX-G02-002","not-assessed","unverified","NO-CONTENT-REPUBLISHED"
"R07-G-Q14-C2","R07-G-Q14","2","yes","needs-visual-check","G02","2.1","DX-G02-001 DX-G02-002","not-assessed","unverified","NO-CONTENT-REPUBLISHED"
"R07-G-Q14-C3","R07-G-Q14","3","yes","needs-visual-check","G02","2.1","DX-G02-001 DX-G02-002","not-assessed","unverified","NO-CONTENT-REPUBLISHED"
"R07-G-Q14-C4","R07-G-Q14","4","yes","needs-visual-check","G02","2.1","DX-G02-001 DX-G02-002","not-assessed","unverified","NO-CONTENT-REPUBLISHED"
"R07-G-Q14-C5","R07-G-Q14","5","yes","needs-visual-check","G02","2.1","DX-G02-001 DX-G02-002","not-assessed","unverified","NO-CONTENT-REPUBLISHED"
"R07-G-Q15-C1","R07-G-Q15","1","yes","pending-semantic-review","G03","3.3","DX-G03-007 DX-G03-008","not-assessed","unverified","NO-CONTENT-REPUBLISHED"
"R07-G-Q15-C2","R07-G-Q15","2","yes","pending-semantic-review","G03","3.3","DX-G03-007 DX-G03-008","not-assessed","unverified","NO-CONTENT-REPUBLISHED"
"R07-G-Q15-C3","R07-G-Q15","3","yes","pending-semantic-review","G03","3.3","DX-G03-007 DX-G03-008","not-assessed","unverified","NO-CONTENT-REPUBLISHED"
"R07-G-Q15-C4","R07-G-Q15","4","yes","pending-semantic-review","G03","3.3","DX-G03-007 DX-G03-008","not-assessed","unverified","NO-CONTENT-REPUBLISHED"
"R07-G-Q15-C5","R07-G-Q15","5","yes","pending-semantic-review","G03","3.3","DX-G03-007 DX-G03-008","not-assessed","unverified","NO-CONTENT-REPUBLISHED"
"R07-A-Q01-C1","R07-A-Q01","1","yes","pending-semantic-review","A01","8.3","DX-A01-006 DX-A01-007 DX-A01-008 DX-A01-009","not-assessed","unverified","NO-CONTENT-REPUBLISHED"
"R07-A-Q01-C2","R07-A-Q01","2","yes","pending-semantic-review","A01","8.3","DX-A01-006 DX-A01-007 DX-A01-008 DX-A01-009","not-assessed","unverified","NO-CONTENT-REPUBLISHED"
"R07-A-Q01-C3","R07-A-Q01","3","yes","pending-semantic-review","A01","8.3","DX-A01-006 DX-A01-007 DX-A01-008 DX-A01-009","not-assessed","unverified","NO-CONTENT-REPUBLISHED"
"R07-A-Q01-C4","R07-A-Q01","4","yes","pending-semantic-review","A01","8.3","DX-A01-006 DX-A01-007 DX-A01-008 DX-A01-009","not-assessed","unverified","NO-CONTENT-REPUBLISHED"
"R07-A-Q01-C5","R07-A-Q01","5","yes","pending-semantic-review","A01","8.3","DX-A01-006 DX-A01-007 DX-A01-008 DX-A01-009","not-assessed","unverified","NO-CONTENT-REPUBLISHED"
"R07-A-Q02-C1","R07-A-Q02","1","yes","pending-semantic-review","A01","8.3","DX-A01-006 DX-A01-007 DX-A01-008 DX-A01-009","not-assessed","unverified","NO-CONTENT-REPUBLISHED"
"R07-A-Q02-C2","R07-A-Q02","2","yes","pending-semantic-review","A01","8.3","DX-A01-006 DX-A01-007 DX-A01-008 DX-A01-009","not-assessed","unverified","NO-CONTENT-REPUBLISHED"
"R07-A-Q02-C3","R07-A-Q02","3","yes","pending-semantic-review","A01","8.3","DX-A01-006 DX-A01-007 DX-A01-008 DX-A01-009","not-assessed","unverified","NO-CONTENT-REPUBLISHED"
"R07-A-Q02-C4","R07-A-Q02","4","yes","pending-semantic-review","A01","8.3","DX-A01-006 DX-A01-007 DX-A01-008 DX-A01-009","not-assessed","unverified","NO-CONTENT-REPUBLISHED"
"R07-A-Q02-C5","R07-A-Q02","5","yes","pending-semantic-review","A01","8.3","DX-A01-006 DX-A01-007 DX-A01-008 DX-A01-009","not-assessed","unverified","NO-CONTENT-REPUBLISHED"
"R07-A-Q03-C1","R07-A-Q03","1","yes","pending-semantic-review","A01","8.3","DX-A01-006 DX-A01-007 DX-A01-008 DX-A01-009","not-assessed","unverified","NO-CONTENT-REPUBLISHED"
"R07-A-Q03-C2","R07-A-Q03","2","yes","pending-semantic-review","A01","8.3","DX-A01-006 DX-A01-007 DX-A01-008 DX-A01-009","not-assessed","unverified","NO-CONTENT-REPUBLISHED"
"R07-A-Q03-C3","R07-A-Q03","3","yes","pending-semantic-review","A01","8.3","DX-A01-006 DX-A01-007 DX-A01-008 DX-A01-009","not-assessed","unverified","NO-CONTENT-REPUBLISHED"
"R07-A-Q03-C4","R07-A-Q03","4","yes","pending-semantic-review","A01","8.3","DX-A01-006 DX-A01-007 DX-A01-008 DX-A01-009","not-assessed","unverified","NO-CONTENT-REPUBLISHED"
"R07-A-Q03-C5","R07-A-Q03","5","yes","pending-semantic-review","A01","8.3","DX-A01-006 DX-A01-007 DX-A01-008 DX-A01-009","not-assessed","unverified","NO-CONTENT-REPUBLISHED"
"R07-A-Q04-C1","R07-A-Q04","1","yes","pending-semantic-review","A01","8.3","DX-A01-006 DX-A01-007 DX-A01-008 DX-A01-009","not-assessed","unverified","NO-CONTENT-REPUBLISHED"
"R07-A-Q04-C2","R07-A-Q04","2","yes","pending-semantic-review","A01","8.3","DX-A01-006 DX-A01-007 DX-A01-008 DX-A01-009","not-assessed","unverified","NO-CONTENT-REPUBLISHED"
"R07-A-Q04-C3","R07-A-Q04","3","yes","pending-semantic-review","A01","8.3","DX-A01-006 DX-A01-007 DX-A01-008 DX-A01-009","not-assessed","unverified","NO-CONTENT-REPUBLISHED"
"R07-A-Q04-C4","R07-A-Q04","4","yes","pending-semantic-review","A01","8.3","DX-A01-006 DX-A01-007 DX-A01-008 DX-A01-009","not-assessed","unverified","NO-CONTENT-REPUBLISHED"
"R07-A-Q04-C5","R07-A-Q04","5","yes","pending-semantic-review","A01","8.3","DX-A01-006 DX-A01-007 DX-A01-008 DX-A01-009","not-assessed","unverified","NO-CONTENT-REPUBLISHED"
"R07-A-Q05-C1","R07-A-Q05","1","yes","pending-semantic-review","A01","8.3","DX-A01-006 DX-A01-007 DX-A01-008 DX-A01-009","not-assessed","unverified","NO-CONTENT-REPUBLISHED"
"R07-A-Q05-C2","R07-A-Q05","2","yes","pending-semantic-review","A01","8.3","DX-A01-006 DX-A01-007 DX-A01-008 DX-A01-009","not-assessed","unverified","NO-CONTENT-REPUBLISHED"
"R07-A-Q05-C3","R07-A-Q05","3","yes","pending-semantic-review","A01","8.3","DX-A01-006 DX-A01-007 DX-A01-008 DX-A01-009","not-assessed","unverified","NO-CONTENT-REPUBLISHED"
"R07-A-Q05-C4","R07-A-Q05","4","yes","pending-semantic-review","A01","8.3","DX-A01-006 DX-A01-007 DX-A01-008 DX-A01-009","not-assessed","unverified","NO-CONTENT-REPUBLISHED"
"R07-A-Q05-C5","R07-A-Q05","5","yes","pending-semantic-review","A01","8.3","DX-A01-006 DX-A01-007 DX-A01-008 DX-A01-009","not-assessed","unverified","NO-CONTENT-REPUBLISHED"
"R07-A-Q06-C1","R07-A-Q06","1","yes","pending-semantic-review","A01","8.3","DX-A01-006 DX-A01-007 DX-A01-008 DX-A01-009","not-assessed","unverified","NO-CONTENT-REPUBLISHED"
"R07-A-Q06-C2","R07-A-Q06","2","yes","pending-semantic-review","A01","8.3","DX-A01-006 DX-A01-007 DX-A01-008 DX-A01-009","not-assessed","unverified","NO-CONTENT-REPUBLISHED"
"R07-A-Q06-C3","R07-A-Q06","3","yes","pending-semantic-review","A01","8.3","DX-A01-006 DX-A01-007 DX-A01-008 DX-A01-009","not-assessed","unverified","NO-CONTENT-REPUBLISHED"
"R07-A-Q06-C4","R07-A-Q06","4","yes","pending-semantic-review","A01","8.3","DX-A01-006 DX-A01-007 DX-A01-008 DX-A01-009","not-assessed","unverified","NO-CONTENT-REPUBLISHED"
"R07-A-Q06-C5","R07-A-Q06","5","yes","pending-semantic-review","A01","8.3","DX-A01-006 DX-A01-007 DX-A01-008 DX-A01-009","not-assessed","unverified","NO-CONTENT-REPUBLISHED"
"R07-A-Q07-C1","R07-A-Q07","1","yes","pending-semantic-review","A02","9.1","DX-A02-001 DX-A02-002 DX-A02-003 DX-A02-004","not-assessed","unverified","NO-CONTENT-REPUBLISHED"
"R07-A-Q07-C2","R07-A-Q07","2","yes","pending-semantic-review","A02","9.1","DX-A02-001 DX-A02-002 DX-A02-003 DX-A02-004","not-assessed","unverified","NO-CONTENT-REPUBLISHED"
"R07-A-Q07-C3","R07-A-Q07","3","yes","pending-semantic-review","A02","9.1","DX-A02-001 DX-A02-002 DX-A02-003 DX-A02-004","not-assessed","unverified","NO-CONTENT-REPUBLISHED"
"R07-A-Q07-C4","R07-A-Q07","4","yes","pending-semantic-review","A02","9.1","DX-A02-001 DX-A02-002 DX-A02-003 DX-A02-004","not-assessed","unverified","NO-CONTENT-REPUBLISHED"
"R07-A-Q07-C5","R07-A-Q07","5","yes","pending-semantic-review","A02","9.1","DX-A02-001 DX-A02-002 DX-A02-003 DX-A02-004","not-assessed","unverified","NO-CONTENT-REPUBLISHED"
"R07-A-Q08-C1","R07-A-Q08","1","yes","pending-semantic-review","A02","9.1","DX-A02-001 DX-A02-002 DX-A02-003 DX-A02-004","not-assessed","unverified","NO-CONTENT-REPUBLISHED"
"R07-A-Q08-C2","R07-A-Q08","2","yes","pending-semantic-review","A02","9.1","DX-A02-001 DX-A02-002 DX-A02-003 DX-A02-004","not-assessed","unverified","NO-CONTENT-REPUBLISHED"
"R07-A-Q08-C3","R07-A-Q08","3","yes","pending-semantic-review","A02","9.1","DX-A02-001 DX-A02-002 DX-A02-003 DX-A02-004","not-assessed","unverified","NO-CONTENT-REPUBLISHED"
"R07-A-Q08-C4","R07-A-Q08","4","yes","pending-semantic-review","A02","9.1","DX-A02-001 DX-A02-002 DX-A02-003 DX-A02-004","not-assessed","unverified","NO-CONTENT-REPUBLISHED"
"R07-A-Q08-C5","R07-A-Q08","5","yes","pending-semantic-review","A02","9.1","DX-A02-001 DX-A02-002 DX-A02-003 DX-A02-004","not-assessed","unverified","NO-CONTENT-REPUBLISHED"
"R07-A-Q09-C1","R07-A-Q09","1","yes","pending-semantic-review","A02","9.1","DX-A02-001 DX-A02-002 DX-A02-003 DX-A02-004","not-assessed","unverified","NO-CONTENT-REPUBLISHED"
"R07-A-Q09-C2","R07-A-Q09","2","yes","pending-semantic-review","A02","9.1","DX-A02-001 DX-A02-002 DX-A02-003 DX-A02-004","not-assessed","unverified","NO-CONTENT-REPUBLISHED"
"R07-A-Q09-C3","R07-A-Q09","3","yes","pending-semantic-review","A02","9.1","DX-A02-001 DX-A02-002 DX-A02-003 DX-A02-004","not-assessed","unverified","NO-CONTENT-REPUBLISHED"
"R07-A-Q09-C4","R07-A-Q09","4","yes","pending-semantic-review","A02","9.1","DX-A02-001 DX-A02-002 DX-A02-003 DX-A02-004","not-assessed","unverified","NO-CONTENT-REPUBLISHED"
"R07-A-Q09-C5","R07-A-Q09","5","yes","pending-semantic-review","A02","9.1","DX-A02-001 DX-A02-002 DX-A02-003 DX-A02-004","not-assessed","unverified","NO-CONTENT-REPUBLISHED"
"R07-A-Q10-C1","R07-A-Q10","1","yes","pending-semantic-review","A02","9.1","DX-A02-001 DX-A02-002 DX-A02-003 DX-A02-004","not-assessed","unverified","NO-CONTENT-REPUBLISHED"
"R07-A-Q10-C2","R07-A-Q10","2","yes","pending-semantic-review","A02","9.1","DX-A02-001 DX-A02-002 DX-A02-003 DX-A02-004","not-assessed","unverified","NO-CONTENT-REPUBLISHED"
"R07-A-Q10-C3","R07-A-Q10","3","yes","pending-semantic-review","A02","9.1","DX-A02-001 DX-A02-002 DX-A02-003 DX-A02-004","not-assessed","unverified","NO-CONTENT-REPUBLISHED"
"R07-A-Q10-C4","R07-A-Q10","4","yes","pending-semantic-review","A02","9.1","DX-A02-001 DX-A02-002 DX-A02-003 DX-A02-004","not-assessed","unverified","NO-CONTENT-REPUBLISHED"
"R07-A-Q10-C5","R07-A-Q10","5","yes","pending-semantic-review","A02","9.1","DX-A02-001 DX-A02-002 DX-A02-003 DX-A02-004","not-assessed","unverified","NO-CONTENT-REPUBLISHED"
"R07-A-Q11-C1","R07-A-Q11","1","yes","pending-semantic-review","A03","10.2","DX-A03-004 DX-A03-005 DX-A03-006","not-assessed","unverified","NO-CONTENT-REPUBLISHED"
"R07-A-Q11-C2","R07-A-Q11","2","yes","pending-semantic-review","A03","10.2","DX-A03-004 DX-A03-005 DX-A03-006","not-assessed","unverified","NO-CONTENT-REPUBLISHED"
"R07-A-Q11-C3","R07-A-Q11","3","yes","pending-semantic-review","A03","10.2","DX-A03-004 DX-A03-005 DX-A03-006","not-assessed","unverified","NO-CONTENT-REPUBLISHED"
"R07-A-Q11-C4","R07-A-Q11","4","yes","pending-semantic-review","A03","10.2","DX-A03-004 DX-A03-005 DX-A03-006","not-assessed","unverified","NO-CONTENT-REPUBLISHED"
"R07-A-Q11-C5","R07-A-Q11","5","yes","pending-semantic-review","A03","10.2","DX-A03-004 DX-A03-005 DX-A03-006","not-assessed","unverified","NO-CONTENT-REPUBLISHED"
"R07-A-Q12-C1","R07-A-Q12","1","yes","needs-visual-check","A03","10.2","DX-A03-004 DX-A03-005 DX-A03-006","not-assessed","unverified","NO-CONTENT-REPUBLISHED"
"R07-A-Q12-C2","R07-A-Q12","2","yes","needs-visual-check","A03","10.2","DX-A03-004 DX-A03-005 DX-A03-006","not-assessed","unverified","NO-CONTENT-REPUBLISHED"
"R07-A-Q12-C3","R07-A-Q12","3","yes","needs-visual-check","A03","10.2","DX-A03-004 DX-A03-005 DX-A03-006","not-assessed","unverified","NO-CONTENT-REPUBLISHED"
"R07-A-Q12-C4","R07-A-Q12","4","yes","needs-visual-check","A03","10.2","DX-A03-004 DX-A03-005 DX-A03-006","not-assessed","unverified","NO-CONTENT-REPUBLISHED"
"R07-A-Q12-C5","R07-A-Q12","5","yes","needs-visual-check","A03","10.2","DX-A03-004 DX-A03-005 DX-A03-006","not-assessed","unverified","NO-CONTENT-REPUBLISHED"
"R07-A-Q13-C1","R07-A-Q13","1","no","needs-visual-check","A04","11.1","DX-A04-001 DX-A04-002 DX-A04-003","not-assessed","unverified","NO-CONTENT-REPUBLISHED"
"R07-A-Q13-C2","R07-A-Q13","2","no","needs-visual-check","A04","11.1","DX-A04-001 DX-A04-002 DX-A04-003","not-assessed","unverified","NO-CONTENT-REPUBLISHED"
"R07-A-Q13-C3","R07-A-Q13","3","no","needs-visual-check","A04","11.1","DX-A04-001 DX-A04-002 DX-A04-003","not-assessed","unverified","NO-CONTENT-REPUBLISHED"
"R07-A-Q13-C4","R07-A-Q13","4","no","needs-visual-check","A04","11.1","DX-A04-001 DX-A04-002 DX-A04-003","not-assessed","unverified","NO-CONTENT-REPUBLISHED"
"R07-A-Q13-C5","R07-A-Q13","5","no","needs-visual-check","A04","11.1","DX-A04-001 DX-A04-002 DX-A04-003","not-assessed","unverified","NO-CONTENT-REPUBLISHED"
"R07-A-Q14-C1","R07-A-Q14","1","yes","needs-visual-check","A04","11.1","DX-A04-001 DX-A04-002 DX-A04-003","not-assessed","unverified","NO-CONTENT-REPUBLISHED"
"R07-A-Q14-C2","R07-A-Q14","2","yes","needs-visual-check","A04","11.1","DX-A04-001 DX-A04-002 DX-A04-003","not-assessed","unverified","NO-CONTENT-REPUBLISHED"
"R07-A-Q14-C3","R07-A-Q14","3","yes","needs-visual-check","A04","11.1","DX-A04-001 DX-A04-002 DX-A04-003","not-assessed","unverified","NO-CONTENT-REPUBLISHED"
"R07-A-Q14-C4","R07-A-Q14","4","yes","needs-visual-check","A04","11.1","DX-A04-001 DX-A04-002 DX-A04-003","not-assessed","unverified","NO-CONTENT-REPUBLISHED"
"R07-A-Q14-C5","R07-A-Q14","5","yes","needs-visual-check","A04","11.1","DX-A04-001 DX-A04-002 DX-A04-003","not-assessed","unverified","NO-CONTENT-REPUBLISHED"
"R07-A-Q15-C1","R07-A-Q15","1","yes","pending-semantic-review","A05","12.3","DX-A05-007 DX-A05-008 DX-A05-009","not-assessed","unverified","NO-CONTENT-REPUBLISHED"
"R07-A-Q15-C2","R07-A-Q15","2","yes","pending-semantic-review","A05","12.3","DX-A05-007 DX-A05-008 DX-A05-009","not-assessed","unverified","NO-CONTENT-REPUBLISHED"
"R07-A-Q15-C3","R07-A-Q15","3","yes","pending-semantic-review","A05","12.3","DX-A05-007 DX-A05-008 DX-A05-009","not-assessed","unverified","NO-CONTENT-REPUBLISHED"
"R07-A-Q15-C4","R07-A-Q15","4","yes","pending-semantic-review","A05","12.3","DX-A05-007 DX-A05-008 DX-A05-009","not-assessed","unverified","NO-CONTENT-REPUBLISHED"
"R07-A-Q15-C5","R07-A-Q15","5","yes","pending-semantic-review","A05","12.3","DX-A05-007 DX-A05-008 DX-A05-009","not-assessed","unverified","NO-CONTENT-REPUBLISHED"
"R07-A-Q16-C1","R07-A-Q16","1","yes","pending-semantic-review","A05","12.3","DX-A05-007 DX-A05-008 DX-A05-009","not-assessed","unverified","NO-CONTENT-REPUBLISHED"
"R07-A-Q16-C2","R07-A-Q16","2","yes","pending-semantic-review","A05","12.3","DX-A05-007 DX-A05-008 DX-A05-009","not-assessed","unverified","NO-CONTENT-REPUBLISHED"
"R07-A-Q16-C3","R07-A-Q16","3","yes","pending-semantic-review","A05","12.3","DX-A05-007 DX-A05-008 DX-A05-009","not-assessed","unverified","NO-CONTENT-REPUBLISHED"
"R07-A-Q16-C4","R07-A-Q16","4","yes","pending-semantic-review","A05","12.3","DX-A05-007 DX-A05-008 DX-A05-009","not-assessed","unverified","NO-CONTENT-REPUBLISHED"
"R07-A-Q16-C5","R07-A-Q16","5","yes","pending-semantic-review","A05","12.3","DX-A05-007 DX-A05-008 DX-A05-009","not-assessed","unverified","NO-CONTENT-REPUBLISHED"
"R07-A-Q17-C1","R07-A-Q17","1","yes","pending-semantic-review","A05","12.3","DX-A05-007 DX-A05-008 DX-A05-009","not-assessed","unverified","NO-CONTENT-REPUBLISHED"
"R07-A-Q17-C2","R07-A-Q17","2","yes","pending-semantic-review","A05","12.3","DX-A05-007 DX-A05-008 DX-A05-009","not-assessed","unverified","NO-CONTENT-REPUBLISHED"
"R07-A-Q17-C3","R07-A-Q17","3","yes","pending-semantic-review","A05","12.3","DX-A05-007 DX-A05-008 DX-A05-009","not-assessed","unverified","NO-CONTENT-REPUBLISHED"
"R07-A-Q17-C4","R07-A-Q17","4","yes","pending-semantic-review","A05","12.3","DX-A05-007 DX-A05-008 DX-A05-009","not-assessed","unverified","NO-CONTENT-REPUBLISHED"
"R07-A-Q17-C5","R07-A-Q17","5","yes","pending-semantic-review","A05","12.3","DX-A05-007 DX-A05-008 DX-A05-009","not-assessed","unverified","NO-CONTENT-REPUBLISHED"
"R07-A-Q18-C1","R07-A-Q18","1","no","needs-visual-check","A05","12.3","DX-A05-007 DX-A05-008 DX-A05-009","not-assessed","unverified","NO-CONTENT-REPUBLISHED"
"R07-A-Q18-C2","R07-A-Q18","2","no","needs-visual-check","A05","12.3","DX-A05-007 DX-A05-008 DX-A05-009","not-assessed","unverified","NO-CONTENT-REPUBLISHED"
"R07-A-Q18-C3","R07-A-Q18","3","no","needs-visual-check","A05","12.3","DX-A05-007 DX-A05-008 DX-A05-009","not-assessed","unverified","NO-CONTENT-REPUBLISHED"
"R07-A-Q18-C4","R07-A-Q18","4","no","needs-visual-check","A05","12.3","DX-A05-007 DX-A05-008 DX-A05-009","not-assessed","unverified","NO-CONTENT-REPUBLISHED"
"R07-A-Q18-C5","R07-A-Q18","5","no","needs-visual-check","A05","12.3","DX-A05-007 DX-A05-008 DX-A05-009","not-assessed","unverified","NO-CONTENT-REPUBLISHED"
"R07-A-Q19-C1","R07-A-Q19","1","yes","pending-semantic-review","A05","12.3","DX-A05-007 DX-A05-008 DX-A05-009","not-assessed","unverified","NO-CONTENT-REPUBLISHED"
"R07-A-Q19-C2","R07-A-Q19","2","yes","pending-semantic-review","A05","12.3","DX-A05-007 DX-A05-008 DX-A05-009","not-assessed","unverified","NO-CONTENT-REPUBLISHED"
"R07-A-Q19-C3","R07-A-Q19","3","yes","pending-semantic-review","A05","12.3","DX-A05-007 DX-A05-008 DX-A05-009","not-assessed","unverified","NO-CONTENT-REPUBLISHED"
"R07-A-Q19-C4","R07-A-Q19","4","yes","pending-semantic-review","A05","12.3","DX-A05-007 DX-A05-008 DX-A05-009","not-assessed","unverified","NO-CONTENT-REPUBLISHED"
"R07-A-Q19-C5","R07-A-Q19","5","yes","pending-semantic-review","A05","12.3","DX-A05-007 DX-A05-008 DX-A05-009","not-assessed","unverified","NO-CONTENT-REPUBLISHED"
"R07-A-Q20-C1","R07-A-Q20","1","yes","needs-visual-check","A05","12.3","DX-A05-007 DX-A05-008 DX-A05-009","not-assessed","unverified","NO-CONTENT-REPUBLISHED"
"R07-A-Q20-C2","R07-A-Q20","2","yes","needs-visual-check","A05","12.3","DX-A05-007 DX-A05-008 DX-A05-009","not-assessed","unverified","NO-CONTENT-REPUBLISHED"
"R07-A-Q20-C3","R07-A-Q20","3","yes","needs-visual-check","A05","12.3","DX-A05-007 DX-A05-008 DX-A05-009","not-assessed","unverified","NO-CONTENT-REPUBLISHED"
"R07-A-Q20-C4","R07-A-Q20","4","yes","needs-visual-check","A05","12.3","DX-A05-007 DX-A05-008 DX-A05-009","not-assessed","unverified","NO-CONTENT-REPUBLISHED"
"R07-A-Q20-C5","R07-A-Q20","5","yes","needs-visual-check","A05","12.3","DX-A05-007 DX-A05-008 DX-A05-009","not-assessed","unverified","NO-CONTENT-REPUBLISHED"
"R07-A-Q21-C1","R07-A-Q21","1","yes","pending-semantic-review","A05","12.3","DX-A05-007 DX-A05-008 DX-A05-009","not-assessed","unverified","NO-CONTENT-REPUBLISHED"
"R07-A-Q21-C2","R07-A-Q21","2","yes","pending-semantic-review","A05","12.3","DX-A05-007 DX-A05-008 DX-A05-009","not-assessed","unverified","NO-CONTENT-REPUBLISHED"
"R07-A-Q21-C3","R07-A-Q21","3","yes","pending-semantic-review","A05","12.3","DX-A05-007 DX-A05-008 DX-A05-009","not-assessed","unverified","NO-CONTENT-REPUBLISHED"
"R07-A-Q21-C4","R07-A-Q21","4","yes","pending-semantic-review","A05","12.3","DX-A05-007 DX-A05-008 DX-A05-009","not-assessed","unverified","NO-CONTENT-REPUBLISHED"
"R07-A-Q21-C5","R07-A-Q21","5","yes","pending-semantic-review","A05","12.3","DX-A05-007 DX-A05-008 DX-A05-009","not-assessed","unverified","NO-CONTENT-REPUBLISHED"
"R07-A-Q22-C1","R07-A-Q22","1","yes","pending-semantic-review","A05","12.3","DX-A05-007 DX-A05-008 DX-A05-009","not-assessed","unverified","NO-CONTENT-REPUBLISHED"
"R07-A-Q22-C2","R07-A-Q22","2","yes","pending-semantic-review","A05","12.3","DX-A05-007 DX-A05-008 DX-A05-009","not-assessed","unverified","NO-CONTENT-REPUBLISHED"
"R07-A-Q22-C3","R07-A-Q22","3","yes","pending-semantic-review","A05","12.3","DX-A05-007 DX-A05-008 DX-A05-009","not-assessed","unverified","NO-CONTENT-REPUBLISHED"
"R07-A-Q22-C4","R07-A-Q22","4","yes","pending-semantic-review","A05","12.3","DX-A05-007 DX-A05-008 DX-A05-009","not-assessed","unverified","NO-CONTENT-REPUBLISHED"
"R07-A-Q22-C5","R07-A-Q22","5","yes","pending-semantic-review","A05","12.3","DX-A05-007 DX-A05-008 DX-A05-009","not-assessed","unverified","NO-CONTENT-REPUBLISHED"
"R07-A-Q23-C1","R07-A-Q23","1","yes","pending-semantic-review","A05","12.3","DX-A05-007 DX-A05-008 DX-A05-009","not-assessed","unverified","NO-CONTENT-REPUBLISHED"
"R07-A-Q23-C2","R07-A-Q23","2","yes","pending-semantic-review","A05","12.3","DX-A05-007 DX-A05-008 DX-A05-009","not-assessed","unverified","NO-CONTENT-REPUBLISHED"
"R07-A-Q23-C3","R07-A-Q23","3","yes","pending-semantic-review","A05","12.3","DX-A05-007 DX-A05-008 DX-A05-009","not-assessed","unverified","NO-CONTENT-REPUBLISHED"
"R07-A-Q23-C4","R07-A-Q23","4","yes","pending-semantic-review","A05","12.3","DX-A05-007 DX-A05-008 DX-A05-009","not-assessed","unverified","NO-CONTENT-REPUBLISHED"
"R07-A-Q23-C5","R07-A-Q23","5","yes","pending-semantic-review","A05","12.3","DX-A05-007 DX-A05-008 DX-A05-009","not-assessed","unverified","NO-CONTENT-REPUBLISHED"
"R07-A-Q24-C1","R07-A-Q24","1","yes","pending-semantic-review","A05","12.3","DX-A05-007 DX-A05-008 DX-A05-009","not-assessed","unverified","NO-CONTENT-REPUBLISHED"
"R07-A-Q24-C2","R07-A-Q24","2","yes","pending-semantic-review","A05","12.3","DX-A05-007 DX-A05-008 DX-A05-009","not-assessed","unverified","NO-CONTENT-REPUBLISHED"
"R07-A-Q24-C3","R07-A-Q24","3","yes","pending-semantic-review","A05","12.3","DX-A05-007 DX-A05-008 DX-A05-009","not-assessed","unverified","NO-CONTENT-REPUBLISHED"
"R07-A-Q24-C4","R07-A-Q24","4","yes","pending-semantic-review","A05","12.3","DX-A05-007 DX-A05-008 DX-A05-009","not-assessed","unverified","NO-CONTENT-REPUBLISHED"
"R07-A-Q24-C5","R07-A-Q24","5","yes","pending-semantic-review","A05","12.3","DX-A05-007 DX-A05-008 DX-A05-009","not-assessed","unverified","NO-CONTENT-REPUBLISHED"
"R07-A-Q25-C1","R07-A-Q25","1","yes","needs-visual-check","A05","12.3","DX-A05-007 DX-A05-008 DX-A05-009","not-assessed","unverified","NO-CONTENT-REPUBLISHED"
"R07-A-Q25-C2","R07-A-Q25","2","yes","needs-visual-check","A05","12.3","DX-A05-007 DX-A05-008 DX-A05-009","not-assessed","unverified","NO-CONTENT-REPUBLISHED"
"R07-A-Q25-C3","R07-A-Q25","3","yes","needs-visual-check","A05","12.3","DX-A05-007 DX-A05-008 DX-A05-009","not-assessed","unverified","NO-CONTENT-REPUBLISHED"
"R07-A-Q25-C4","R07-A-Q25","4","yes","needs-visual-check","A05","12.3","DX-A05-007 DX-A05-008 DX-A05-009","not-assessed","unverified","NO-CONTENT-REPUBLISHED"
"R07-A-Q25-C5","R07-A-Q25","5","yes","needs-visual-check","A05","12.3","DX-A05-007 DX-A05-008 DX-A05-009","not-assessed","unverified","NO-CONTENT-REPUBLISHED"
